file,emotion,gender,language,word
MESD/Mexican Emotional Speech Database (MESD)/Disgust_C_B_mutilado.wav,disgust,child,spanish,mutilado
MESD/Mexican Emotional Speech Database (MESD)/Sadness_M_A_si.wav,sadness,male,spanish,si
MESD/Mexican Emotional Speech Database (MESD)/Disgust_C_B_cucaracha.wav,disgust,child,spanish,cucaracha
MESD/Mexican Emotional Speech Database (MESD)/Neutral_C_B_temporal.wav,neutral,child,spanish,temporal
MESD/Mexican Emotional Speech Database (MESD)/Neutral_M_A_de_nada.wav,neutral,male,spanish,de nada
MESD/Mexican Emotional Speech Database (MESD)/Neutral_C_A_no.wav,neutral,child,spanish,no
MESD/Mexican Emotional Speech Database (MESD)/Neutral_F_B_mecanico.wav,neutral,female,spanish,mecanico
MESD/Mexican Emotional Speech Database (MESD)/Neutral_M_A_no.wav,neutral,male,spanish,no
MESD/Mexican Emotional Speech Database (MESD)/Happiness_F_A_hoy.wav,happiness,female,spanish,hoy
MESD/Mexican Emotional Speech Database (MESD)/Fear_M_B_abandono.wav,fear,male,spanish,abandono
MESD/Mexican Emotional Speech Database (MESD)/Anger_M_B_malevolo.wav,anger,male,spanish,malevolo
MESD/Mexican Emotional Speech Database (MESD)/Disgust_F_B_monstruo.wav,disgust,female,spanish,monstruo
MESD/Mexican Emotional Speech Database (MESD)/Sadness_C_A_hola.wav,sadness,child,spanish,hola
MESD/Mexican Emotional Speech Database (MESD)/Disgust_F_B_insultado.wav,disgust,female,spanish,insultado
MESD/Mexican Emotional Speech Database (MESD)/Anger_C_A_adios.wav,anger,child,spanish,adios
MESD/Mexican Emotional Speech Database (MESD)/Fear_M_A_por_favor.wav,fear,male,spanish,por favor
MESD/Mexican Emotional Speech Database (MESD)/Fear_M_B_conflicto.wav,fear,male,spanish,conflicto
MESD/Mexican Emotional Speech Database (MESD)/Happiness_M_B_relajacion.wav,happiness,male,spanish,relajacion
MESD/Mexican Emotional Speech Database (MESD)/Neutral_C_A_adios.wav,neutral,child,spanish,adios
MESD/Mexican Emotional Speech Database (MESD)/Anger_M_B_aguijon.wav,anger,male,spanish,aguijon
MESD/Mexican Emotional Speech Database (MESD)/Sadness_M_B_amenazado.wav,sadness,male,spanish,amenazado
MESD/Mexican Emotional Speech Database (MESD)/Happiness_M_B_baile.wav,happiness,male,spanish,baile
MESD/Mexican Emotional Speech Database (MESD)/Disgust_F_B_abandono.wav,disgust,female,spanish,abandono
MESD/Mexican Emotional Speech Database (MESD)/Disgust_F_B_punalada.wav,disgust,female,spanish,punalada
MESD/Mexican Emotional Speech Database (MESD)/Neutral_F_A_rapido.wav,neutral,female,spanish,rapido
MESD/Mexican Emotional Speech Database (MESD)/Neutral_F_B_religioso.wav,neutral,female,spanish,religioso
MESD/Mexican Emotional Speech Database (MESD)/Anger_C_B_estricto.wav,anger,child,spanish,estricto
MESD/Mexican Emotional Speech Database (MESD)/Anger_M_A_hoy.wav,anger,male,spanish,hoy
MESD/Mexican Emotional Speech Database (MESD)/Neutral_M_B_escalera.wav,neutral,male,spanish,escalera
MESD/Mexican Emotional Speech Database (MESD)/Fear_M_A_derecha.wav,fear,male,spanish,derecha
MESD/Mexican Emotional Speech Database (MESD)/Disgust_F_A_arriba.wav,disgust,female,spanish,arriba
MESD/Mexican Emotional Speech Database (MESD)/Neutral_M_B_estrecho.wav,neutral,male,spanish,estrecho
MESD/Mexican Emotional Speech Database (MESD)/Disgust_M_B_monstruoso.wav,disgust,male,spanish,monstruoso
MESD/Mexican Emotional Speech Database (MESD)/Fear_M_A_ayer.wav,fear,male,spanish,ayer
MESD/Mexican Emotional Speech Database (MESD)/Disgust_C_B_robo.wav,disgust,child,spanish,robo
MESD/Mexican Emotional Speech Database (MESD)/Fear_C_A_detras.wav,fear,child,spanish,detras
MESD/Mexican Emotional Speech Database (MESD)/Sadness_C_A_no.wav,sadness,child,spanish,no
MESD/Mexican Emotional Speech Database (MESD)/Neutral_C_A_izquierda.wav,neutral,child,spanish,izquierda
MESD/Mexican Emotional Speech Database (MESD)/Happiness_F_B_ternura.wav,happiness,female,spanish,ternura
MESD/Mexican Emotional Speech Database (MESD)/Anger_M_A_ayer.wav,anger,male,spanish,ayer
MESD/Mexican Emotional Speech Database (MESD)/Sadness_C_B_explosivo.wav,sadness,child,spanish,explosivo
MESD/Mexican Emotional Speech Database (MESD)/Happiness_F_A_detras.wav,happiness,female,spanish,detras
MESD/Mexican Emotional Speech Database (MESD)/Disgust_C_A_hoy.wav,disgust,child,spanish,hoy
MESD/Mexican Emotional Speech Database (MESD)/Neutral_F_A_pronto.wav,neutral,female,spanish,pronto
MESD/Mexican Emotional Speech Database (MESD)/Disgust_M_B_operacion.wav,disgust,male,spanish,operacion
MESD/Mexican Emotional Speech Database (MESD)/Neutral_F_A_hoy.wav,neutral,female,spanish,hoy
MESD/Mexican Emotional Speech Database (MESD)/Happiness_F_A_pronto.wav,happiness,female,spanish,pronto
MESD/Mexican Emotional Speech Database (MESD)/Neutral_M_B_fecha.wav,neutral,male,spanish,fecha
MESD/Mexican Emotional Speech Database (MESD)/Fear_C_A_izquierda.wav,fear,child,spanish,izquierda
MESD/Mexican Emotional Speech Database (MESD)/Fear_C_B_disputa.wav,fear,child,spanish,disputa
MESD/Mexican Emotional Speech Database (MESD)/Happiness_M_A_arriba.wav,happiness,male,spanish,arriba
MESD/Mexican Emotional Speech Database (MESD)/Neutral_C_B_rueda.wav,neutral,child,spanish,rueda
MESD/Mexican Emotional Speech Database (MESD)/Neutral_F_A_lento.wav,neutral,female,spanish,lento
MESD/Mexican Emotional Speech Database (MESD)/Fear_M_A_nunca.wav,fear,male,spanish,nunca
MESD/Mexican Emotional Speech Database (MESD)/Neutral_M_B_boton.wav,neutral,male,spanish,boton
MESD/Mexican Emotional Speech Database (MESD)/Sadness_M_B_metralleta.wav,sadness,male,spanish,metralleta
MESD/Mexican Emotional Speech Database (MESD)/Anger_M_A_antes.wav,anger,male,spanish,antes
MESD/Mexican Emotional Speech Database (MESD)/Happiness_M_A_derecha.wav,happiness,male,spanish,derecha
MESD/Mexican Emotional Speech Database (MESD)/Fear_M_B_imprudente.wav,fear,male,spanish,imprudente
MESD/Mexican Emotional Speech Database (MESD)/Neutral_M_A_lento.wav,neutral,male,spanish,lento
MESD/Mexican Emotional Speech Database (MESD)/Sadness_F_A_ayer.wav,sadness,female,spanish,ayer
MESD/Mexican Emotional Speech Database (MESD)/Neutral_M_B_arroz.wav,neutral,male,spanish,arroz
MESD/Mexican Emotional Speech Database (MESD)/Sadness_M_A_arriba.wav,sadness,male,spanish,arriba
MESD/Mexican Emotional Speech Database (MESD)/Anger_F_A_derecha.wav,anger,female,spanish,derecha
MESD/Mexican Emotional Speech Database (MESD)/Anger_M_A_lento.wav,anger,male,spanish,lento
MESD/Mexican Emotional Speech Database (MESD)/Neutral_M_A_ayer.wav,neutral,male,spanish,ayer
MESD/Mexican Emotional Speech Database (MESD)/Fear_M_B_danza.wav,fear,male,spanish,danza
MESD/Mexican Emotional Speech Database (MESD)/Neutral_F_B_elevado.wav,neutral,female,spanish,elevado
MESD/Mexican Emotional Speech Database (MESD)/Happiness_C_A_gracias.wav,happiness,child,spanish,gracias
MESD/Mexican Emotional Speech Database (MESD)/Neutral_F_A_abajo.wav,neutral,female,spanish,abajo
MESD/Mexican Emotional Speech Database (MESD)/Fear_M_B_aguijon.wav,fear,male,spanish,aguijon
MESD/Mexican Emotional Speech Database (MESD)/Disgust_F_A_fuera.wav,disgust,female,spanish,fuera
MESD/Mexican Emotional Speech Database (MESD)/Happiness_C_A_arriba.wav,happiness,child,spanish,arriba
MESD/Mexican Emotional Speech Database (MESD)/Sadness_C_B_delincuencia.wav,sadness,child,spanish,delincuencia
MESD/Mexican Emotional Speech Database (MESD)/Happiness_C_A_dentro.wav,happiness,child,spanish,dentro
MESD/Mexican Emotional Speech Database (MESD)/Happiness_M_B_esplendido.wav,happiness,male,spanish,esplendido
MESD/Mexican Emotional Speech Database (MESD)/Fear_F_B_amenazador.wav,fear,female,spanish,amenazador
MESD/Mexican Emotional Speech Database (MESD)/Happiness_M_A_rapido.wav,happiness,male,spanish,rapido
MESD/Mexican Emotional Speech Database (MESD)/Neutral_M_B_estacion.wav,neutral,male,spanish,estacion
MESD/Mexican Emotional Speech Database (MESD)/Happiness_F_A_nunca.wav,happiness,female,spanish,nunca
MESD/Mexican Emotional Speech Database (MESD)/Anger_M_A_detras.wav,anger,male,spanish,detras
MESD/Mexican Emotional Speech Database (MESD)/Anger_C_A_antes.wav,anger,child,spanish,antes
MESD/Mexican Emotional Speech Database (MESD)/Fear_C_A_si.wav,fear,child,spanish,si
MESD/Mexican Emotional Speech Database (MESD)/Anger_F_B_odioso.wav,anger,female,spanish,odioso
MESD/Mexican Emotional Speech Database (MESD)/Fear_F_A_nunca.wav,fear,female,spanish,nunca
MESD/Mexican Emotional Speech Database (MESD)/Anger_M_B_estafa.wav,anger,male,spanish,estafa
MESD/Mexican Emotional Speech Database (MESD)/Disgust_M_B_sangre.wav,disgust,male,spanish,sangre
MESD/Mexican Emotional Speech Database (MESD)/Sadness_F_B_desmayo.wav,sadness,female,spanish,desmayo
MESD/Mexican Emotional Speech Database (MESD)/Disgust_M_A_delante.wav,disgust,male,spanish,delante
MESD/Mexican Emotional Speech Database (MESD)/Sadness_C_A_arriba.wav,sadness,child,spanish,arriba
MESD/Mexican Emotional Speech Database (MESD)/Neutral_F_A_basta_ya.wav,neutral,female,spanish,basta ya
MESD/Mexican Emotional Speech Database (MESD)/Neutral_M_A_arriba.wav,neutral,male,spanish,arriba
MESD/Mexican Emotional Speech Database (MESD)/Neutral_F_B_mentiroso.wav,neutral,female,spanish,mentiroso
MESD/Mexican Emotional Speech Database (MESD)/Neutral_M_B_atomo.wav,neutral,male,spanish,atomo
MESD/Mexican Emotional Speech Database (MESD)/Fear_C_A_dentro.wav,fear,child,spanish,dentro
MESD/Mexican Emotional Speech Database (MESD)/Neutral_M_B_alto.wav,neutral,male,spanish,alto
MESD/Mexican Emotional Speech Database (MESD)/Fear_C_B_arana.wav,fear,child,spanish,arana
MESD/Mexican Emotional Speech Database (MESD)/Disgust_F_B_horroroso.wav,disgust,female,spanish,horroroso
MESD/Mexican Emotional Speech Database (MESD)/Neutral_C_A_de_nada.wav,neutral,child,spanish,de nada
MESD/Mexican Emotional Speech Database (MESD)/Sadness_F_A_dentro.wav,sadness,female,spanish,dentro
MESD/Mexican Emotional Speech Database (MESD)/Disgust_F_A_hola.wav,disgust,female,spanish,hola
MESD/Mexican Emotional Speech Database (MESD)/Anger_M_A_pronto.wav,anger,male,spanish,pronto
MESD/Mexican Emotional Speech Database (MESD)/Fear_M_A_abajo.wav,fear,male,spanish,abajo
MESD/Mexican Emotional Speech Database (MESD)/Sadness_M_A_adios.wav,sadness,male,spanish,adios
MESD/Mexican Emotional Speech Database (MESD)/Disgust_C_B_irrespetuoso.wav,disgust,child,spanish,irrespetuoso
MESD/Mexican Emotional Speech Database (MESD)/Anger_F_A_hoy.wav,anger,female,spanish,hoy
MESD/Mexican Emotional Speech Database (MESD)/Anger_M_B_danza.wav,anger,male,spanish,danza
MESD/Mexican Emotional Speech Database (MESD)/Fear_C_B_amenazado.wav,fear,child,spanish,amenazado
MESD/Mexican Emotional Speech Database (MESD)/Anger_M_B_amenazado.wav,anger,male,spanish,amenazado
MESD/Mexican Emotional Speech Database (MESD)/Sadness_F_B_monstruoso.wav,sadness,female,spanish,monstruoso
MESD/Mexican Emotional Speech Database (MESD)/Happiness_M_B_calma.wav,happiness,male,spanish,calma
MESD/Mexican Emotional Speech Database (MESD)/Neutral_F_B_giro.wav,neutral,female,spanish,giro
MESD/Mexican Emotional Speech Database (MESD)/Anger_F_A_abajo.wav,anger,female,spanish,abajo
MESD/Mexican Emotional Speech Database (MESD)/Sadness_M_B_funeraria.wav,sadness,male,spanish,funeraria
MESD/Mexican Emotional Speech Database (MESD)/Disgust_F_B_monstruoso.wav,disgust,female,spanish,monstruoso
MESD/Mexican Emotional Speech Database (MESD)/Happiness_M_A_no.wav,happiness,male,spanish,no
MESD/Mexican Emotional Speech Database (MESD)/Anger_F_A_detras.wav,anger,female,spanish,detras
MESD/Mexican Emotional Speech Database (MESD)/Neutral_C_B_hondo.wav,neutral,child,spanish,hondo
MESD/Mexican Emotional Speech Database (MESD)/Disgust_M_B_odioso.wav,disgust,male,spanish,odioso
MESD/Mexican Emotional Speech Database (MESD)/Anger_M_A_delante.wav,anger,male,spanish,delante
MESD/Mexican Emotional Speech Database (MESD)/Neutral_M_B_bola.wav,neutral,male,spanish,bola
MESD/Mexican Emotional Speech Database (MESD)/Fear_M_B_furia.wav,fear,male,spanish,furia
MESD/Mexican Emotional Speech Database (MESD)/Anger_M_B_enojo.wav,anger,male,spanish,enojo
MESD/Mexican Emotional Speech Database (MESD)/Sadness_C_B_ataque.wav,sadness,child,spanish,ataque
MESD/Mexican Emotional Speech Database (MESD)/Disgust_F_A_por_favor.wav,disgust,female,spanish,por favor
MESD/Mexican Emotional Speech Database (MESD)/Fear_F_B_relajacion.wav,fear,female,spanish,relajacion
MESD/Mexican Emotional Speech Database (MESD)/Anger_M_A_no.wav,anger,male,spanish,no
MESD/Mexican Emotional Speech Database (MESD)/Sadness_M_B_conflicto.wav,sadness,male,spanish,conflicto
MESD/Mexican Emotional Speech Database (MESD)/Sadness_F_B_ceguera.wav,sadness,female,spanish,ceguera
MESD/Mexican Emotional Speech Database (MESD)/Fear_C_B_robo.wav,fear,child,spanish,robo
MESD/Mexican Emotional Speech Database (MESD)/Fear_F_A_hoy.wav,fear,female,spanish,hoy
MESD/Mexican Emotional Speech Database (MESD)/Anger_C_A_dentro.wav,anger,child,spanish,dentro
MESD/Mexican Emotional Speech Database (MESD)/Happiness_C_A_detras.wav,happiness,child,spanish,detras
MESD/Mexican Emotional Speech Database (MESD)/Sadness_M_A_lento.wav,sadness,male,spanish,lento
MESD/Mexican Emotional Speech Database (MESD)/Neutral_F_B_conciente.wav,neutral,female,spanish,conciente
MESD/Mexican Emotional Speech Database (MESD)/Anger_C_A_gracias.wav,anger,child,spanish,gracias
MESD/Mexican Emotional Speech Database (MESD)/Neutral_C_B_congelado.wav,neutral,child,spanish,congelado
MESD/Mexican Emotional Speech Database (MESD)/Neutral_C_B_ferrocarril.wav,neutral,child,spanish,ferrocarril
MESD/Mexican Emotional Speech Database (MESD)/Fear_F_A_pronto.wav,fear,female,spanish,pronto
MESD/Mexican Emotional Speech Database (MESD)/Fear_F_B_cirugia.wav,fear,female,spanish,cirugia
MESD/Mexican Emotional Speech Database (MESD)/Happiness_M_A_ayer.wav,happiness,male,spanish,ayer
MESD/Mexican Emotional Speech Database (MESD)/Fear_F_B_furia.wav,fear,female,spanish,furia
MESD/Mexican Emotional Speech Database (MESD)/Disgust_M_A_tarde.wav,disgust,male,spanish,tarde
MESD/Mexican Emotional Speech Database (MESD)/Neutral_F_A_hola.wav,neutral,female,spanish,hola
MESD/Mexican Emotional Speech Database (MESD)/Disgust_M_A_derecha.wav,disgust,male,spanish,derecha
MESD/Mexican Emotional Speech Database (MESD)/Happiness_C_B_aficion.wav,happiness,child,spanish,aficion
MESD/Mexican Emotional Speech Database (MESD)/Sadness_C_A_abajo.wav,sadness,child,spanish,abajo
MESD/Mexican Emotional Speech Database (MESD)/Neutral_M_B_azulejo.wav,neutral,male,spanish,azulejo
MESD/Mexican Emotional Speech Database (MESD)/Anger_C_B_danino.wav,anger,child,spanish,danino
MESD/Mexican Emotional Speech Database (MESD)/Anger_C_A_abajo.wav,anger,child,spanish,abajo
MESD/Mexican Emotional Speech Database (MESD)/Anger_M_A_por_favor.wav,anger,male,spanish,por favor
MESD/Mexican Emotional Speech Database (MESD)/Sadness_F_A_derecha.wav,sadness,female,spanish,derecha
MESD/Mexican Emotional Speech Database (MESD)/Neutral_M_A_gracias.wav,neutral,male,spanish,gracias
MESD/Mexican Emotional Speech Database (MESD)/Happiness_M_A_hola.wav,happiness,male,spanish,hola
MESD/Mexican Emotional Speech Database (MESD)/Disgust_F_B_atasco.wav,disgust,female,spanish,atasco
MESD/Mexican Emotional Speech Database (MESD)/Anger_M_B_desorden.wav,anger,male,spanish,desorden
MESD/Mexican Emotional Speech Database (MESD)/Fear_C_A_pronto.wav,fear,child,spanish,pronto
MESD/Mexican Emotional Speech Database (MESD)/Happiness_C_B_bello.wav,happiness,child,spanish,bello
MESD/Mexican Emotional Speech Database (MESD)/Anger_C_B_humillacion.wav,anger,child,spanish,humillacion
MESD/Mexican Emotional Speech Database (MESD)/Happiness_M_B_amistad.wav,happiness,male,spanish,amistad
MESD/Mexican Emotional Speech Database (MESD)/Fear_M_A_izquierda.wav,fear,male,spanish,izquierda
MESD/Mexican Emotional Speech Database (MESD)/Disgust_C_B_monstruoso.wav,disgust,child,spanish,monstruoso
MESD/Mexican Emotional Speech Database (MESD)/Happiness_C_A_derecha.wav,happiness,child,spanish,derecha
MESD/Mexican Emotional Speech Database (MESD)/Anger_F_A_hola.wav,anger,female,spanish,hola
MESD/Mexican Emotional Speech Database (MESD)/Anger_F_A_no.wav,anger,female,spanish,no
MESD/Mexican Emotional Speech Database (MESD)/Neutral_M_B_agencia.wav,neutral,male,spanish,agencia
MESD/Mexican Emotional Speech Database (MESD)/Anger_F_A_si.wav,anger,female,spanish,si
MESD/Mexican Emotional Speech Database (MESD)/Sadness_F_A_hola.wav,sadness,female,spanish,hola
MESD/Mexican Emotional Speech Database (MESD)/Happiness_M_B_ducha.wav,happiness,male,spanish,ducha
MESD/Mexican Emotional Speech Database (MESD)/Happiness_C_B_clavel.wav,happiness,child,spanish,clavel
MESD/Mexican Emotional Speech Database (MESD)/Sadness_C_A_nunca.wav,sadness,child,spanish,nunca
MESD/Mexican Emotional Speech Database (MESD)/Sadness_C_B_amenazado.wav,sadness,child,spanish,amenazado
MESD/Mexican Emotional Speech Database (MESD)/Anger_C_A_ayer.wav,anger,child,spanish,ayer
MESD/Mexican Emotional Speech Database (MESD)/Disgust_M_B_delincuencia.wav,disgust,male,spanish,delincuencia
MESD/Mexican Emotional Speech Database (MESD)/Sadness_C_B_injusticia.wav,sadness,child,spanish,injusticia
MESD/Mexican Emotional Speech Database (MESD)/Happiness_C_A_lento_dentro.wav,happiness,child,spanish,lento dentro
MESD/Mexican Emotional Speech Database (MESD)/Sadness_M_A_afuera.wav,sadness,male,spanish,afuera
MESD/Mexican Emotional Speech Database (MESD)/Happiness_F_A_gracias.wav,happiness,female,spanish,gracias
MESD/Mexican Emotional Speech Database (MESD)/Sadness_M_A_hola.wav,sadness,male,spanish,hola
MESD/Mexican Emotional Speech Database (MESD)/Fear_F_B_delincuencia.wav,fear,female,spanish,delincuencia
MESD/Mexican Emotional Speech Database (MESD)/Happiness_M_A_dentro.wav,happiness,male,spanish,dentro
MESD/Mexican Emotional Speech Database (MESD)/Disgust_C_A_abajo.wav,disgust,child,spanish,abajo
MESD/Mexican Emotional Speech Database (MESD)/Anger_C_A_por_favor.wav,anger,child,spanish,por favor
MESD/Mexican Emotional Speech Database (MESD)/Sadness_C_B_abuso.wav,sadness,child,spanish,abuso
MESD/Mexican Emotional Speech Database (MESD)/Happiness_F_A_por_favor.wav,happiness,female,spanish,por favor
MESD/Mexican Emotional Speech Database (MESD)/Happiness_C_A_ayer.wav,happiness,child,spanish,ayer
MESD/Mexican Emotional Speech Database (MESD)/Sadness_F_A_izquierda.wav,sadness,female,spanish,izquierda
MESD/Mexican Emotional Speech Database (MESD)/Happiness_F_A_hola.wav,happiness,female,spanish,hola
MESD/Mexican Emotional Speech Database (MESD)/Happiness_C_A_adios.wav,happiness,child,spanish,adios
MESD/Mexican Emotional Speech Database (MESD)/Fear_F_A_fuera.wav,fear,female,spanish,fuera
MESD/Mexican Emotional Speech Database (MESD)/Disgust_C_A_por_favor.wav,disgust,child,spanish,por favor
MESD/Mexican Emotional Speech Database (MESD)/Sadness_M_A_detras.wav,sadness,male,spanish,detras
MESD/Mexican Emotional Speech Database (MESD)/Disgust_C_B_insultado.wav,disgust,child,spanish,insultado
MESD/Mexican Emotional Speech Database (MESD)/Happiness_C_B_aplausos.wav,happiness,child,spanish,aplausos
MESD/Mexican Emotional Speech Database (MESD)/Disgust_F_B_creido.wav,disgust,female,spanish,creido
MESD/Mexican Emotional Speech Database (MESD)/Happiness_M_A_adios.wav,happiness,male,spanish,adios
MESD/Mexican Emotional Speech Database (MESD)/Fear_C_A_abajo.wav,fear,child,spanish,abajo
MESD/Mexican Emotional Speech Database (MESD)/Fear_C_A_adios.wav,fear,child,spanish,adios
MESD/Mexican Emotional Speech Database (MESD)/Neutral_M_B_colorado.wav,neutral,male,spanish,colorado
MESD/Mexican Emotional Speech Database (MESD)/Happiness_F_B_oasis.wav,happiness,female,spanish,oasis
MESD/Mexican Emotional Speech Database (MESD)/Sadness_C_A_dentro.wav,sadness,child,spanish,dentro
MESD/Mexican Emotional Speech Database (MESD)/Happiness_M_B_agua.wav,happiness,male,spanish,agua
MESD/Mexican Emotional Speech Database (MESD)/Fear_F_A_lento.wav,fear,female,spanish,lento
MESD/Mexican Emotional Speech Database (MESD)/Disgust_C_A_arriba.wav,disgust,child,spanish,arriba
MESD/Mexican Emotional Speech Database (MESD)/Sadness_M_B_ira.wav,sadness,male,spanish,ira
MESD/Mexican Emotional Speech Database (MESD)/Disgust_F_A_basta_ya.wav,disgust,female,spanish,basta ya
MESD/Mexican Emotional Speech Database (MESD)/Sadness_C_A_por_favor.wav,sadness,child,spanish,por favor
MESD/Mexican Emotional Speech Database (MESD)/Fear_C_A_hoy.wav,fear,child,spanish,hoy
MESD/Mexican Emotional Speech Database (MESD)/Neutral_F_A_detras.wav,neutral,female,spanish,detras
MESD/Mexican Emotional Speech Database (MESD)/Anger_C_A_derecha.wav,anger,child,spanish,derecha
MESD/Mexican Emotional Speech Database (MESD)/Sadness_F_A_lento.wav,sadness,female,spanish,lento
MESD/Mexican Emotional Speech Database (MESD)/Fear_M_A_basta_ya.wav,fear,male,spanish,basta ya
MESD/Mexican Emotional Speech Database (MESD)/Disgust_M_B_torturado.wav,disgust,male,spanish,torturado
MESD/Mexican Emotional Speech Database (MESD)/Fear_F_B_tristeza.wav,fear,female,spanish,tristeza
MESD/Mexican Emotional Speech Database (MESD)/Fear_M_A_gracias.wav,fear,male,spanish,gracias
MESD/Mexican Emotional Speech Database (MESD)/Neutral_F_A_de_nada.wav,neutral,female,spanish,de nada
MESD/Mexican Emotional Speech Database (MESD)/Sadness_F_B_fracasado.wav,sadness,female,spanish,fracasado
MESD/Mexican Emotional Speech Database (MESD)/Disgust_M_A_nunca.wav,disgust,male,spanish,nunca
MESD/Mexican Emotional Speech Database (MESD)/Disgust_F_B_arana.wav,disgust,female,spanish,arana
MESD/Mexican Emotional Speech Database (MESD)/Fear_C_B_alterado.wav,fear,child,spanish,alterado
MESD/Mexican Emotional Speech Database (MESD)/Anger_F_B_abuso.wav,anger,female,spanish,abuso
MESD/Mexican Emotional Speech Database (MESD)/Fear_C_B_cirugia.wav,fear,child,spanish,cirugia
MESD/Mexican Emotional Speech Database (MESD)/Neutral_C_B_escurridizo.wav,neutral,child,spanish,escurridizo
MESD/Mexican Emotional Speech Database (MESD)/Disgust_C_A_antes.wav,disgust,child,spanish,antes
MESD/Mexican Emotional Speech Database (MESD)/Happiness_M_B_atractivo.wav,happiness,male,spanish,atractivo
MESD/Mexican Emotional Speech Database (MESD)/Anger_C_A_tarde.wav,anger,child,spanish,tarde
MESD/Mexican Emotional Speech Database (MESD)/Anger_F_B_monstruoso.wav,anger,female,spanish,monstruoso
MESD/Mexican Emotional Speech Database (MESD)/Anger_C_A_arriba.wav,anger,child,spanish,arriba
MESD/Mexican Emotional Speech Database (MESD)/Disgust_C_A_izquierda.wav,disgust,child,spanish,izquierda
MESD/Mexican Emotional Speech Database (MESD)/Neutral_C_A_abajo.wav,neutral,child,spanish,abajo
MESD/Mexican Emotional Speech Database (MESD)/Happiness_F_B_calma.wav,happiness,female,spanish,calma
MESD/Mexican Emotional Speech Database (MESD)/Neutral_M_A_basta_ya.wav,neutral,male,spanish,basta ya
MESD/Mexican Emotional Speech Database (MESD)/Fear_F_B_horroroso.wav,fear,female,spanish,horroroso
MESD/Mexican Emotional Speech Database (MESD)/Anger_C_B_disputa.wav,anger,child,spanish,disputa
MESD/Mexican Emotional Speech Database (MESD)/Disgust_C_B_monstruo.wav,disgust,child,spanish,monstruo
MESD/Mexican Emotional Speech Database (MESD)/Fear_F_B_aguijon.wav,fear,female,spanish,aguijon
MESD/Mexican Emotional Speech Database (MESD)/Disgust_C_B_crisis.wav,disgust,child,spanish,crisis
MESD/Mexican Emotional Speech Database (MESD)/Fear_F_A_hola.wav,fear,female,spanish,hola
MESD/Mexican Emotional Speech Database (MESD)/Happiness_C_B_creativo.wav,happiness,child,spanish,creativo
MESD/Mexican Emotional Speech Database (MESD)/Sadness_C_B_traicion.wav,sadness,child,spanish,traicion
MESD/Mexican Emotional Speech Database (MESD)/Neutral_F_A_por_favor.wav,neutral,female,spanish,por favor
MESD/Mexican Emotional Speech Database (MESD)/Anger_C_A_rapido.wav,anger,child,spanish,rapido
MESD/Mexican Emotional Speech Database (MESD)/Anger_F_B_delincuencia.wav,anger,female,spanish,delincuencia
MESD/Mexican Emotional Speech Database (MESD)/Neutral_F_A_antes.wav,neutral,female,spanish,antes
MESD/Mexican Emotional Speech Database (MESD)/Happiness_F_A_de_nada.wav,happiness,female,spanish,de nada
MESD/Mexican Emotional Speech Database (MESD)/Fear_M_B_inconciente.wav,fear,male,spanish,inconciente
MESD/Mexican Emotional Speech Database (MESD)/Sadness_C_A_basta_ya.wav,sadness,child,spanish,basta ya
MESD/Mexican Emotional Speech Database (MESD)/Anger_M_A_si.wav,anger,male,spanish,si
MESD/Mexican Emotional Speech Database (MESD)/Happiness_C_B_carcajada.wav,happiness,child,spanish,carcajada
MESD/Mexican Emotional Speech Database (MESD)/Anger_F_B_furia.wav,anger,female,spanish,furia
MESD/Mexican Emotional Speech Database (MESD)/Neutral_M_A_nunca.wav,neutral,male,spanish,nunca
MESD/Mexican Emotional Speech Database (MESD)/Anger_F_B_insultado.wav,anger,female,spanish,insultado
MESD/Mexican Emotional Speech Database (MESD)/Sadness_F_A_basta_ya.wav,sadness,female,spanish,basta ya
MESD/Mexican Emotional Speech Database (MESD)/Happiness_C_B_oasis.wav,happiness,child,spanish,oasis
MESD/Mexican Emotional Speech Database (MESD)/Disgust_C_A_hola.wav,disgust,child,spanish,hola
MESD/Mexican Emotional Speech Database (MESD)/Sadness_M_A_rapido.wav,sadness,male,spanish,rapido
MESD/Mexican Emotional Speech Database (MESD)/Sadness_F_B_insultado.wav,sadness,female,spanish,insultado
MESD/Mexican Emotional Speech Database (MESD)/Fear_C_A_arriba.wav,fear,child,spanish,arriba
MESD/Mexican Emotional Speech Database (MESD)/Fear_M_B_estafa.wav,fear,male,spanish,estafa
MESD/Mexican Emotional Speech Database (MESD)/Disgust_M_A_hola.wav,disgust,male,spanish,hola
MESD/Mexican Emotional Speech Database (MESD)/Fear_M_A_tarde.wav,fear,male,spanish,tarde
MESD/Mexican Emotional Speech Database (MESD)/Sadness_F_B_delincuencia.wav,sadness,female,spanish,delincuencia
MESD/Mexican Emotional Speech Database (MESD)/Anger_M_B_ira.wav,anger,male,spanish,ira
MESD/Mexican Emotional Speech Database (MESD)/Anger_F_B_relajacion.wav,anger,female,spanish,relajacion
MESD/Mexican Emotional Speech Database (MESD)/Happiness_C_B_relax.wav,happiness,child,spanish,relax
MESD/Mexican Emotional Speech Database (MESD)/Neutral_C_B_mojado.wav,neutral,child,spanish,mojado
MESD/Mexican Emotional Speech Database (MESD)/Disgust_F_A_adios.wav,disgust,female,spanish,adios
MESD/Mexican Emotional Speech Database (MESD)/Happiness_M_A_si.wav,happiness,male,spanish,si
MESD/Mexican Emotional Speech Database (MESD)/Happiness_C_B_atractivo.wav,happiness,child,spanish,atractivo
MESD/Mexican Emotional Speech Database (MESD)/Happiness_F_A_adios.wav,happiness,female,spanish,adios
MESD/Mexican Emotional Speech Database (MESD)/Anger_M_A_fuera.wav,anger,male,spanish,fuera
MESD/Mexican Emotional Speech Database (MESD)/Happiness_M_B_alegria.wav,happiness,male,spanish,alegria
MESD/Mexican Emotional Speech Database (MESD)/Happiness_M_A_izquierda.wav,happiness,male,spanish,izquierda
MESD/Mexican Emotional Speech Database (MESD)/Happiness_C_B_celebracion.wav,happiness,child,spanish,celebracion
MESD/Mexican Emotional Speech Database (MESD)/Anger_C_B_enojo.wav,anger,child,spanish,enojo
MESD/Mexican Emotional Speech Database (MESD)/Anger_C_A_hola.wav,anger,child,spanish,hola
MESD/Mexican Emotional Speech Database (MESD)/Disgust_M_A_si.wav,disgust,male,spanish,si
MESD/Mexican Emotional Speech Database (MESD)/Fear_F_A_si.wav,fear,female,spanish,si
MESD/Mexican Emotional Speech Database (MESD)/Fear_F_B_abuso.wav,fear,female,spanish,abuso
MESD/Mexican Emotional Speech Database (MESD)/Neutral_F_B_acuarela.wav,neutral,female,spanish,acuarela
MESD/Mexican Emotional Speech Database (MESD)/Anger_C_A_pronto.wav,anger,child,spanish,pronto
MESD/Mexican Emotional Speech Database (MESD)/Disgust_F_B_conflicto.wav,disgust,female,spanish,conflicto
MESD/Mexican Emotional Speech Database (MESD)/Disgust_M_B_cucaracha.wav,disgust,male,spanish,cucaracha
MESD/Mexican Emotional Speech Database (MESD)/Fear_C_B_catastrofe.wav,fear,child,spanish,catastrofe
MESD/Mexican Emotional Speech Database (MESD)/Happiness_C_B_danza.wav,happiness,child,spanish,danza
MESD/Mexican Emotional Speech Database (MESD)/Disgust_M_A_por_favor.wav,disgust,male,spanish,por favor
MESD/Mexican Emotional Speech Database (MESD)/Anger_C_B_explosion.wav,anger,child,spanish,explosion
MESD/Mexican Emotional Speech Database (MESD)/Anger_F_A_basta_ya.wav,anger,female,spanish,basta ya
MESD/Mexican Emotional Speech Database (MESD)/Disgust_M_B_abandono.wav,disgust,male,spanish,abandono
MESD/Mexican Emotional Speech Database (MESD)/Happiness_C_A_nunca.wav,happiness,child,spanish,nunca
MESD/Mexican Emotional Speech Database (MESD)/Anger_C_B_abandono.wav,anger,child,spanish,abandono
MESD/Mexican Emotional Speech Database (MESD)/Anger_M_A_dentro.wav,anger,male,spanish,dentro
MESD/Mexican Emotional Speech Database (MESD)/Disgust_F_A_izquierda.wav,disgust,female,spanish,izquierda
MESD/Mexican Emotional Speech Database (MESD)/Anger_F_A_izquierda.wav,anger,female,spanish,izquierda
MESD/Mexican Emotional Speech Database (MESD)/Disgust_F_A_dentro.wav,disgust,female,spanish,dentro
MESD/Mexican Emotional Speech Database (MESD)/Happiness_F_B_calmado.wav,happiness,female,spanish,calmado
MESD/Mexican Emotional Speech Database (MESD)/Fear_C_B_conflicto.wav,fear,child,spanish,conflicto
MESD/Mexican Emotional Speech Database (MESD)/Sadness_M_B_danza.wav,sadness,male,spanish,danza
MESD/Mexican Emotional Speech Database (MESD)/Sadness_M_B_furia.wav,sadness,male,spanish,furia
MESD/Mexican Emotional Speech Database (MESD)/Happiness_F_B_velas.wav,happiness,female,spanish,velas
MESD/Mexican Emotional Speech Database (MESD)/Neutral_M_A_izquierda.wav,neutral,male,spanish,izquierda
MESD/Mexican Emotional Speech Database (MESD)/Happiness_C_A_hoy.wav,happiness,child,spanish,hoy
MESD/Mexican Emotional Speech Database (MESD)/Disgust_M_A_detras.wav,disgust,male,spanish,detras
MESD/Mexican Emotional Speech Database (MESD)/Fear_F_B_huracan.wav,fear,female,spanish,huracan
MESD/Mexican Emotional Speech Database (MESD)/Fear_F_A_derecha.wav,fear,female,spanish,derecha
MESD/Mexican Emotional Speech Database (MESD)/Anger_F_B_amenazador.wav,anger,female,spanish,amenazador
MESD/Mexican Emotional Speech Database (MESD)/Anger_M_B_injusticia.wav,anger,male,spanish,injusticia
MESD/Mexican Emotional Speech Database (MESD)/Happiness_M_B_satisfaccion.wav,happiness,male,spanish,satisfaccion
MESD/Mexican Emotional Speech Database (MESD)/Fear_M_B_amenazador.wav,fear,male,spanish,amenazador
MESD/Mexican Emotional Speech Database (MESD)/Happiness_C_A_pronto.wav,happiness,child,spanish,pronto
MESD/Mexican Emotional Speech Database (MESD)/Sadness_F_A_fuera.wav,sadness,female,spanish,fuera
MESD/Mexican Emotional Speech Database (MESD)/Sadness_C_A_derecha.wav,sadness,child,spanish,derecha
MESD/Mexican Emotional Speech Database (MESD)/Sadness_C_B_robo.wav,sadness,child,spanish,robo
MESD/Mexican Emotional Speech Database (MESD)/Neutral_C_B_pelirrojo.wav,neutral,child,spanish,pelirrojo
MESD/Mexican Emotional Speech Database (MESD)/Sadness_M_B_locura.wav,sadness,male,spanish,locura
MESD/Mexican Emotional Speech Database (MESD)/Sadness_M_B_tristeza.wav,sadness,male,spanish,tristeza
MESD/Mexican Emotional Speech Database (MESD)/Anger_C_B_alterado.wav,anger,child,spanish,alterado
MESD/Mexican Emotional Speech Database (MESD)/Fear_F_A_antes.wav,fear,female,spanish,antes
MESD/Mexican Emotional Speech Database (MESD)/Fear_C_A_nunca.wav,fear,child,spanish,nunca
MESD/Mexican Emotional Speech Database (MESD)/Happiness_C_B_aventurero.wav,happiness,child,spanish,aventurero
MESD/Mexican Emotional Speech Database (MESD)/Sadness_F_A_detras.wav,sadness,female,spanish,detras
MESD/Mexican Emotional Speech Database (MESD)/Disgust_M_B_arana.wav,disgust,male,spanish,arana
MESD/Mexican Emotional Speech Database (MESD)/Happiness_M_A_nunca.wav,happiness,male,spanish,nunca
MESD/Mexican Emotional Speech Database (MESD)/Happiness_C_A_izquierda.wav,happiness,child,spanish,izquierda
MESD/Mexican Emotional Speech Database (MESD)/Anger_C_B_furia.wav,anger,child,spanish,furia
MESD/Mexican Emotional Speech Database (MESD)/Disgust_M_B_aguijon.wav,disgust,male,spanish,aguijon
MESD/Mexican Emotional Speech Database (MESD)/Fear_C_A_rapido.wav,fear,child,spanish,rapido
MESD/Mexican Emotional Speech Database (MESD)/Fear_C_A_antes.wav,fear,child,spanish,antes
MESD/Mexican Emotional Speech Database (MESD)/Disgust_C_B_abuso.wav,disgust,child,spanish,abuso
MESD/Mexican Emotional Speech Database (MESD)/Happiness_F_B_delfin.wav,happiness,female,spanish,delfin
MESD/Mexican Emotional Speech Database (MESD)/Fear_F_A_rapido.wav,fear,female,spanish,rapido
MESD/Mexican Emotional Speech Database (MESD)/Neutral_F_A_no.wav,neutral,female,spanish,no
MESD/Mexican Emotional Speech Database (MESD)/Happiness_M_B_respiracion.wav,happiness,male,spanish,respiracion
MESD/Mexican Emotional Speech Database (MESD)/Disgust_C_A_tarde.wav,disgust,child,spanish,tarde
MESD/Mexican Emotional Speech Database (MESD)/Disgust_C_A_ayer.wav,disgust,child,spanish,ayer
MESD/Mexican Emotional Speech Database (MESD)/Anger_M_B_disputa.wav,anger,male,spanish,disputa
MESD/Mexican Emotional Speech Database (MESD)/Neutral_M_A_abajo.wav,neutral,male,spanish,abajo
MESD/Mexican Emotional Speech Database (MESD)/Sadness_M_A_delante.wav,sadness,male,spanish,delante
MESD/Mexican Emotional Speech Database (MESD)/Disgust_C_A_rapido.wav,disgust,child,spanish,rapido
MESD/Mexican Emotional Speech Database (MESD)/Neutral_F_B_presumido.wav,neutral,female,spanish,presumido
MESD/Mexican Emotional Speech Database (MESD)/Happiness_C_B_fresco.wav,happiness,child,spanish,fresco
MESD/Mexican Emotional Speech Database (MESD)/Anger_F_B_pesadilla.wav,anger,female,spanish,pesadilla
MESD/Mexican Emotional Speech Database (MESD)/Anger_F_B_huracan.wav,anger,female,spanish,huracan
MESD/Mexican Emotional Speech Database (MESD)/Disgust_C_B_repulsivo.wav,disgust,child,spanish,repulsivo
MESD/Mexican Emotional Speech Database (MESD)/Fear_C_B_amenazador.wav,fear,child,spanish,amenazador
MESD/Mexican Emotional Speech Database (MESD)/Fear_C_B_ceguera.wav,fear,child,spanish,ceguera
MESD/Mexican Emotional Speech Database (MESD)/Happiness_F_B_siesta.wav,happiness,female,spanish,siesta
MESD/Mexican Emotional Speech Database (MESD)/Disgust_F_B_enganado.wav,disgust,female,spanish,enganado
MESD/Mexican Emotional Speech Database (MESD)/Anger_C_A_no.wav,anger,child,spanish,no
MESD/Mexican Emotional Speech Database (MESD)/Neutral_C_B_humedo.wav,neutral,child,spanish,humedo
MESD/Mexican Emotional Speech Database (MESD)/Disgust_C_A_nunca.wav,disgust,child,spanish,nunca
MESD/Mexican Emotional Speech Database (MESD)/Disgust_C_B_furia.wav,disgust,child,spanish,furia
MESD/Mexican Emotional Speech Database (MESD)/Neutral_F_A_adios.wav,neutral,female,spanish,adios
MESD/Mexican Emotional Speech Database (MESD)/Disgust_M_A_fuera.wav,disgust,male,spanish,fuera
MESD/Mexican Emotional Speech Database (MESD)/Happiness_M_A_antes.wav,happiness,male,spanish,antes
MESD/Mexican Emotional Speech Database (MESD)/Fear_M_A_pronto.wav,fear,male,spanish,pronto
MESD/Mexican Emotional Speech Database (MESD)/Happiness_C_A_de_nada.wav,happiness,child,spanish,de nada
MESD/Mexican Emotional Speech Database (MESD)/Disgust_F_A_ayer.wav,disgust,female,spanish,ayer
MESD/Mexican Emotional Speech Database (MESD)/Happiness_M_A_pronto.wav,happiness,male,spanish,pronto
MESD/Mexican Emotional Speech Database (MESD)/Fear_F_A_gracias.wav,fear,female,spanish,gracias
MESD/Mexican Emotional Speech Database (MESD)/Neutral_F_A_delante.wav,neutral,female,spanish,delante
MESD/Mexican Emotional Speech Database (MESD)/Happiness_M_A_lento.wav,happiness,male,spanish,lento
MESD/Mexican Emotional Speech Database (MESD)/Happiness_F_A_abajo.wav,happiness,female,spanish,abajo
MESD/Mexican Emotional Speech Database (MESD)/Happiness_M_B_calmado.wav,happiness,male,spanish,calmado
MESD/Mexican Emotional Speech Database (MESD)/Anger_C_B_robo.wav,anger,child,spanish,robo
MESD/Mexican Emotional Speech Database (MESD)/Sadness_M_B_infarto.wav,sadness,male,spanish,infarto
MESD/Mexican Emotional Speech Database (MESD)/Anger_C_A_izquierda.wav,anger,child,spanish,izquierda
MESD/Mexican Emotional Speech Database (MESD)/Disgust_F_A_pronto.wav,disgust,female,spanish,pronto
MESD/Mexican Emotional Speech Database (MESD)/Sadness_F_B_abuso.wav,sadness,female,spanish,abuso
MESD/Mexican Emotional Speech Database (MESD)/Disgust_F_A_derecha.wav,disgust,female,spanish,derecha
MESD/Mexican Emotional Speech Database (MESD)/Sadness_C_A_antes.wav,sadness,child,spanish,antes
MESD/Mexican Emotional Speech Database (MESD)/Fear_C_A_gracias.wav,fear,child,spanish,gracias
MESD/Mexican Emotional Speech Database (MESD)/Disgust_F_B_relajacion.wav,disgust,female,spanish,relajacion
MESD/Mexican Emotional Speech Database (MESD)/Disgust_F_B_jeringuilla.wav,disgust,female,spanish,jeringuilla
MESD/Mexican Emotional Speech Database (MESD)/Fear_F_A_adios.wav,fear,female,spanish,adios
MESD/Mexican Emotional Speech Database (MESD)/Neutral_C_A_lento.wav,neutral,child,spanish,lento
MESD/Mexican Emotional Speech Database (MESD)/Disgust_F_A_lento.wav,disgust,female,spanish,lento
MESD/Mexican Emotional Speech Database (MESD)/Sadness_M_B_estafa.wav,sadness,male,spanish,estafa
MESD/Mexican Emotional Speech Database (MESD)/Disgust_F_A_tarde.wav,disgust,female,spanish,tarde
MESD/Mexican Emotional Speech Database (MESD)/Happiness_F_A_tarde.wav,happiness,female,spanish,tarde
MESD/Mexican Emotional Speech Database (MESD)/Neutral_C_B_mecanico.wav,neutral,child,spanish,mecanico
MESD/Mexican Emotional Speech Database (MESD)/Fear_C_A_hola.wav,fear,child,spanish,hola
MESD/Mexican Emotional Speech Database (MESD)/Happiness_C_A_no.wav,happiness,child,spanish,no
MESD/Mexican Emotional Speech Database (MESD)/Disgust_F_A_hoy.wav,disgust,female,spanish,hoy
MESD/Mexican Emotional Speech Database (MESD)/Anger_F_A_por_favor.wav,anger,female,spanish,por favor
MESD/Mexican Emotional Speech Database (MESD)/Happiness_M_A_delante.wav,happiness,male,spanish,delante
MESD/Mexican Emotional Speech Database (MESD)/Neutral_F_A_si.wav,neutral,female,spanish,si
MESD/Mexican Emotional Speech Database (MESD)/Sadness_M_B_ansiedad.wav,sadness,male,spanish,ansiedad
MESD/Mexican Emotional Speech Database (MESD)/Neutral_C_B_seco.wav,neutral,child,spanish,seco
MESD/Mexican Emotional Speech Database (MESD)/Sadness_C_B_conflicto.wav,sadness,child,spanish,conflicto
MESD/Mexican Emotional Speech Database (MESD)/Neutral_M_A_hola.wav,neutral,male,spanish,hola
MESD/Mexican Emotional Speech Database (MESD)/Sadness_F_B_conflicto.wav,sadness,female,spanish,conflicto
MESD/Mexican Emotional Speech Database (MESD)/Fear_M_B_cucaracha.wav,fear,male,spanish,cucaracha
MESD/Mexican Emotional Speech Database (MESD)/Anger_C_A_de_nada.wav,anger,child,spanish,de nada
MESD/Mexican Emotional Speech Database (MESD)/Sadness_M_B_injusticia.wav,sadness,male,spanish,injusticia
MESD/Mexican Emotional Speech Database (MESD)/Disgust_M_B_mutilado.wav,disgust,male,spanish,mutilado
MESD/Mexican Emotional Speech Database (MESD)/Disgust_M_B_estafa.wav,disgust,male,spanish,estafa
MESD/Mexican Emotional Speech Database (MESD)/Happiness_M_A_por_favor.wav,happiness,male,spanish,por favor
MESD/Mexican Emotional Speech Database (MESD)/Disgust_M_A_antes.wav,disgust,male,spanish,antes
MESD/Mexican Emotional Speech Database (MESD)/Neutral_F_B_metro.wav,neutral,female,spanish,metro
MESD/Mexican Emotional Speech Database (MESD)/Fear_M_B_cirugia.wav,fear,male,spanish,cirugia
MESD/Mexican Emotional Speech Database (MESD)/Disgust_C_A_adios.wav,disgust,child,spanish,adios
MESD/Mexican Emotional Speech Database (MESD)/Happiness_C_A_rapido.wav,happiness,child,spanish,rapido
MESD/Mexican Emotional Speech Database (MESD)/Happiness_F_B_rosa.wav,happiness,female,spanish,rosa
MESD/Mexican Emotional Speech Database (MESD)/Anger_F_A_de_nada.wav,anger,female,spanish,de nada
MESD/Mexican Emotional Speech Database (MESD)/Sadness_F_A_arriba.wav,sadness,female,spanish,arriba
MESD/Mexican Emotional Speech Database (MESD)/Neutral_F_B_agencia.wav,neutral,female,spanish,agencia
MESD/Mexican Emotional Speech Database (MESD)/Fear_F_A_abajo.wav,fear,female,spanish,abajo
MESD/Mexican Emotional Speech Database (MESD)/Disgust_C_A_gracias.wav,disgust,child,spanish,gracias
MESD/Mexican Emotional Speech Database (MESD)/Anger_F_A_dentro.wav,anger,female,spanish,dentro
MESD/Mexican Emotional Speech Database (MESD)/Sadness_C_B_tristeza.wav,sadness,child,spanish,tristeza
MESD/Mexican Emotional Speech Database (MESD)/Sadness_F_B_llanto.wav,sadness,female,spanish,llanto
MESD/Mexican Emotional Speech Database (MESD)/Anger_C_B_explosivo.wav,anger,child,spanish,explosivo
MESD/Mexican Emotional Speech Database (MESD)/Happiness_M_B_tranquilidad.wav,happiness,male,spanish,tranquilidad
MESD/Mexican Emotional Speech Database (MESD)/Sadness_C_A_rapido.wav,sadness,child,spanish,rapido
MESD/Mexican Emotional Speech Database (MESD)/Happiness_M_B_aficion.wav,happiness,male,spanish,aficion
MESD/Mexican Emotional Speech Database (MESD)/Fear_C_A_basta_ya.wav,fear,child,spanish,basta ya
MESD/Mexican Emotional Speech Database (MESD)/Sadness_F_A_antes.wav,sadness,female,spanish,antes
MESD/Mexican Emotional Speech Database (MESD)/Fear_M_B_arana.wav,fear,male,spanish,arana
MESD/Mexican Emotional Speech Database (MESD)/Neutral_M_B_abierto.wav,neutral,male,spanish,abierto
MESD/Mexican Emotional Speech Database (MESD)/Anger_M_B_huracan.wav,anger,male,spanish,huracan
MESD/Mexican Emotional Speech Database (MESD)/Anger_C_B_condena.wav,anger,child,spanish,condena
MESD/Mexican Emotional Speech Database (MESD)/Happiness_F_A_rapido.wav,happiness,female,spanish,rapido
MESD/Mexican Emotional Speech Database (MESD)/Happiness_F_A_basta_ya.wav,happiness,female,spanish,basta ya
MESD/Mexican Emotional Speech Database (MESD)/Fear_M_A_rapido.wav,fear,male,spanish,rapido
MESD/Mexican Emotional Speech Database (MESD)/Anger_M_B_ataque.wav,anger,male,spanish,ataque
MESD/Mexican Emotional Speech Database (MESD)/Anger_F_A_lento.wav,anger,female,spanish,lento
MESD/Mexican Emotional Speech Database (MESD)/Disgust_C_A_pronto.wav,disgust,child,spanish,pronto
MESD/Mexican Emotional Speech Database (MESD)/Fear_C_B_delincuencia.wav,fear,child,spanish,delincuencia
MESD/Mexican Emotional Speech Database (MESD)/Fear_C_A_lento.wav,fear,child,spanish,lento
MESD/Mexican Emotional Speech Database (MESD)/Sadness_F_A_hoy.wav,sadness,female,spanish,hoy
MESD/Mexican Emotional Speech Database (MESD)/Disgust_M_A_izquierda.wav,disgust,male,spanish,izquierda
MESD/Mexican Emotional Speech Database (MESD)/Sadness_F_B_explosivo.wav,sadness,female,spanish,explosivo
MESD/Mexican Emotional Speech Database (MESD)/Happiness_M_A_hoy.wav,happiness,male,spanish,hoy
MESD/Mexican Emotional Speech Database (MESD)/Disgust_M_B_punalada.wav,disgust,male,spanish,punalada
MESD/Mexican Emotional Speech Database (MESD)/Fear_C_B_danino.wav,fear,child,spanish,danino
MESD/Mexican Emotional Speech Database (MESD)/Happiness_C_A_tarde.wav,happiness,child,spanish,tarde
MESD/Mexican Emotional Speech Database (MESD)/Neutral_F_A_ayer.wav,neutral,female,spanish,ayer
MESD/Mexican Emotional Speech Database (MESD)/Disgust_C_A_derecha.wav,disgust,child,spanish,derecha
MESD/Mexican Emotional Speech Database (MESD)/Neutral_M_B_delgado.wav,neutral,male,spanish,delgado
MESD/Mexican Emotional Speech Database (MESD)/Disgust_M_A_no.wav,disgust,male,spanish,no
MESD/Mexican Emotional Speech Database (MESD)/Disgust_C_B_estafa.wav,disgust,child,spanish,estafa
MESD/Mexican Emotional Speech Database (MESD)/Happiness_F_A_antes.wav,happiness,female,spanish,antes
MESD/Mexican Emotional Speech Database (MESD)/Sadness_F_B_ofensa.wav,sadness,female,spanish,ofensa
MESD/Mexican Emotional Speech Database (MESD)/Fear_M_A_antes.wav,fear,male,spanish,antes
MESD/Mexican Emotional Speech Database (MESD)/Sadness_C_B_condena.wav,sadness,child,spanish,condena
MESD/Mexican Emotional Speech Database (MESD)/Neutral_M_A_fuera.wav,neutral,male,spanish,fuera
MESD/Mexican Emotional Speech Database (MESD)/Sadness_F_B_explosion.wav,sadness,female,spanish,explosion
MESD/Mexican Emotional Speech Database (MESD)/Disgust_M_A_arriba.wav,disgust,male,spanish,arriba
MESD/Mexican Emotional Speech Database (MESD)/Disgust_F_A_nunca.wav,disgust,female,spanish,nunca
MESD/Mexican Emotional Speech Database (MESD)/Neutral_M_B_congelado.wav,neutral,male,spanish,congelado
MESD/Mexican Emotional Speech Database (MESD)/Happiness_F_B_delicadeza.wav,happiness,female,spanish,delicadeza
MESD/Mexican Emotional Speech Database (MESD)/Neutral_M_B_conciente.wav,neutral,male,spanish,conciente
MESD/Mexican Emotional Speech Database (MESD)/Neutral_F_A_izquierda.wav,neutral,female,spanish,izquierda
MESD/Mexican Emotional Speech Database (MESD)/Anger_C_B_abuso.wav,anger,child,spanish,abuso
MESD/Mexican Emotional Speech Database (MESD)/Disgust_F_B_amenazador.wav,disgust,female,spanish,amenazador
MESD/Mexican Emotional Speech Database (MESD)/Anger_F_B_amenazado.wav,anger,female,spanish,amenazado
MESD/Mexican Emotional Speech Database (MESD)/Fear_F_A_basta_ya.wav,fear,female,spanish,basta ya
MESD/Mexican Emotional Speech Database (MESD)/Fear_F_B_cucaracha.wav,fear,female,spanish,cucaracha
MESD/Mexican Emotional Speech Database (MESD)/Sadness_F_A_no.wav,sadness,female,spanish,no
MESD/Mexican Emotional Speech Database (MESD)/Fear_C_A_de_nada.wav,fear,child,spanish,de nada
MESD/Mexican Emotional Speech Database (MESD)/Sadness_F_A_gracias.wav,sadness,female,spanish,gracias
MESD/Mexican Emotional Speech Database (MESD)/Sadness_M_B_abandono.wav,sadness,male,spanish,abandono
MESD/Mexican Emotional Speech Database (MESD)/Disgust_F_B_robo.wav,disgust,female,spanish,robo
MESD/Mexican Emotional Speech Database (MESD)/Neutral_C_B_vapor.wav,neutral,child,spanish,vapor
MESD/Mexican Emotional Speech Database (MESD)/Neutral_F_B_garganta.wav,neutral,female,spanish,garganta
MESD/Mexican Emotional Speech Database (MESD)/Disgust_F_A_detras.wav,disgust,female,spanish,detras
MESD/Mexican Emotional Speech Database (MESD)/Sadness_M_A_gracias.wav,sadness,male,spanish,gracias
MESD/Mexican Emotional Speech Database (MESD)/Fear_M_B_ansiedad.wav,fear,male,spanish,ansiedad
MESD/Mexican Emotional Speech Database (MESD)/Fear_F_A_delante.wav,fear,female,spanish,delante
MESD/Mexican Emotional Speech Database (MESD)/Sadness_C_A_delante.wav,sadness,child,spanish,delante
MESD/Mexican Emotional Speech Database (MESD)/Neutral_C_B_delgado.wav,neutral,child,spanish,delgado
MESD/Mexican Emotional Speech Database (MESD)/Neutral_C_A_fuera.wav,neutral,child,spanish,fuera
MESD/Mexican Emotional Speech Database (MESD)/Disgust_M_A_rapido.wav,disgust,male,spanish,rapido
MESD/Mexican Emotional Speech Database (MESD)/Neutral_M_B_chulo.wav,neutral,male,spanish,chulo
MESD/Mexican Emotional Speech Database (MESD)/Neutral_C_B_colorado.wav,neutral,child,spanish,colorado
MESD/Mexican Emotional Speech Database (MESD)/Disgust_M_A_abajo.wav,disgust,male,spanish,abajo
MESD/Mexican Emotional Speech Database (MESD)/Happiness_F_B_bebe.wav,happiness,female,spanish,bebe
MESD/Mexican Emotional Speech Database (MESD)/Sadness_M_B_enojo.wav,sadness,male,spanish,enojo
MESD/Mexican Emotional Speech Database (MESD)/Sadness_F_B_nausea.wav,sadness,female,spanish,nausea
MESD/Mexican Emotional Speech Database (MESD)/Sadness_F_B_hambre.wav,sadness,female,spanish,hambre
MESD/Mexican Emotional Speech Database (MESD)/Sadness_M_A_tarde.wav,sadness,male,spanish,tarde
MESD/Mexican Emotional Speech Database (MESD)/Disgust_C_A_basta_ya.wav,disgust,child,spanish,basta ya
MESD/Mexican Emotional Speech Database (MESD)/Happiness_M_B_pelirrojo.wav,happiness,male,spanish,pelirrojo
MESD/Mexican Emotional Speech Database (MESD)/Fear_M_A_no.wav,fear,male,spanish,no
MESD/Mexican Emotional Speech Database (MESD)/Sadness_C_B_desmayo.wav,sadness,child,spanish,desmayo
MESD/Mexican Emotional Speech Database (MESD)/Happiness_F_A_izquierda.wav,happiness,female,spanish,izquierda
MESD/Mexican Emotional Speech Database (MESD)/Fear_M_A_si.wav,fear,male,spanish,si
MESD/Mexican Emotional Speech Database (MESD)/Disgust_F_B_delincuencia.wav,disgust,female,spanish,delincuencia
MESD/Mexican Emotional Speech Database (MESD)/Neutral_F_A_dentro.wav,neutral,female,spanish,dentro
MESD/Mexican Emotional Speech Database (MESD)/Neutral_C_B_robusto.wav,neutral,child,spanish,robusto
MESD/Mexican Emotional Speech Database (MESD)/Sadness_C_B_furia.wav,sadness,child,spanish,furia
MESD/Mexican Emotional Speech Database (MESD)/Sadness_M_A_antes.wav,sadness,male,spanish,antes
MESD/Mexican Emotional Speech Database (MESD)/Disgust_M_A_dentro.wav,disgust,male,spanish,dentro
MESD/Mexican Emotional Speech Database (MESD)/Fear_M_B_ira.wav,fear,male,spanish,ira
MESD/Mexican Emotional Speech Database (MESD)/Neutral_M_A_delante.wav,neutral,male,spanish,delante
MESD/Mexican Emotional Speech Database (MESD)/Happiness_M_A_abajo.wav,happiness,male,spanish,abajo
MESD/Mexican Emotional Speech Database (MESD)/Neutral_M_A_rapido.wav,neutral,male,spanish,rapido
MESD/Mexican Emotional Speech Database (MESD)/Sadness_C_B_danino.wav,sadness,child,spanish,danino
MESD/Mexican Emotional Speech Database (MESD)/Anger_C_B_ataque.wav,anger,child,spanish,ataque
MESD/Mexican Emotional Speech Database (MESD)/Sadness_F_A_abajo.wav,sadness,female,spanish,abajo
MESD/Mexican Emotional Speech Database (MESD)/Anger_C_B_amenazador.wav,anger,child,spanish,amenazador
MESD/Mexican Emotional Speech Database (MESD)/Neutral_M_B_desierto.wav,neutral,male,spanish,desierto
MESD/Mexican Emotional Speech Database (MESD)/Happiness_C_A_delante.wav,happiness,child,spanish,delante
MESD/Mexican Emotional Speech Database (MESD)/Happiness_F_B_fresco.wav,happiness,female,spanish,fresco
MESD/Mexican Emotional Speech Database (MESD)/Sadness_C_A_izquierda.wav,sadness,child,spanish,izquierda
MESD/Mexican Emotional Speech Database (MESD)/Neutral_M_B_articulo.wav,neutral,male,spanish,articulo
MESD/Mexican Emotional Speech Database (MESD)/Sadness_F_B_cansancio.wav,sadness,female,spanish,cansancio
MESD/Mexican Emotional Speech Database (MESD)/Sadness_F_A_por_favor.wav,sadness,female,spanish,por favor
MESD/Mexican Emotional Speech Database (MESD)/Disgust_C_B_punalada.wav,disgust,child,spanish,punalada
MESD/Mexican Emotional Speech Database (MESD)/Sadness_F_B_injusticia.wav,sadness,female,spanish,injusticia
MESD/Mexican Emotional Speech Database (MESD)/Sadness_M_A_hoy.wav,sadness,male,spanish,hoy
MESD/Mexican Emotional Speech Database (MESD)/Neutral_F_A_derecha.wav,neutral,female,spanish,derecha
MESD/Mexican Emotional Speech Database (MESD)/Happiness_C_B_masaje.wav,happiness,child,spanish,masaje
MESD/Mexican Emotional Speech Database (MESD)/Disgust_C_B_nausea.wav,disgust,child,spanish,nausea
MESD/Mexican Emotional Speech Database (MESD)/Happiness_M_B_broma.wav,happiness,male,spanish,broma
MESD/Mexican Emotional Speech Database (MESD)/Disgust_C_B_injusticia.wav,disgust,child,spanish,injusticia
MESD/Mexican Emotional Speech Database (MESD)/Sadness_M_B_llanto.wav,sadness,male,spanish,llanto
MESD/Mexican Emotional Speech Database (MESD)/Anger_M_B_atasco.wav,anger,male,spanish,atasco
MESD/Mexican Emotional Speech Database (MESD)/Sadness_M_A_derecha.wav,sadness,male,spanish,derecha
MESD/Mexican Emotional Speech Database (MESD)/Neutral_M_B_ferrocarril.wav,neutral,male,spanish,ferrocarril
MESD/Mexican Emotional Speech Database (MESD)/Sadness_F_A_delante.wav,sadness,female,spanish,delante
MESD/Mexican Emotional Speech Database (MESD)/Disgust_C_A_si.wav,disgust,child,spanish,si
MESD/Mexican Emotional Speech Database (MESD)/Anger_F_A_ayer.wav,anger,female,spanish,ayer
MESD/Mexican Emotional Speech Database (MESD)/Happiness_F_A_ayer.wav,happiness,female,spanish,ayer
MESD/Mexican Emotional Speech Database (MESD)/Fear_F_B_alarma.wav,fear,female,spanish,alarma
MESD/Mexican Emotional Speech Database (MESD)/Neutral_M_A_por_favor.wav,neutral,male,spanish,por favor
MESD/Mexican Emotional Speech Database (MESD)/Happiness_M_B_siesta.wav,happiness,male,spanish,siesta
MESD/Mexican Emotional Speech Database (MESD)/Anger_F_B_conflicto.wav,anger,female,spanish,conflicto
MESD/Mexican Emotional Speech Database (MESD)/Anger_C_A_si.wav,anger,child,spanish,si
MESD/Mexican Emotional Speech Database (MESD)/Disgust_F_B_chistoso.wav,disgust,female,spanish,chistoso
MESD/Mexican Emotional Speech Database (MESD)/Sadness_C_B_humillacion.wav,sadness,child,spanish,humillacion
MESD/Mexican Emotional Speech Database (MESD)/Sadness_C_A_adios.wav,sadness,child,spanish,adios
MESD/Mexican Emotional Speech Database (MESD)/Happiness_F_B_fantastico.wav,happiness,female,spanish,fantastico
MESD/Mexican Emotional Speech Database (MESD)/Anger_C_A_nunca.wav,anger,child,spanish,nunca
MESD/Mexican Emotional Speech Database (MESD)/Disgust_M_A_lento.wav,disgust,male,spanish,lento
MESD/Mexican Emotional Speech Database (MESD)/Fear_M_B_ataque.wav,fear,male,spanish,ataque
MESD/Mexican Emotional Speech Database (MESD)/Fear_M_B_encadenado.wav,fear,male,spanish,encadenado
MESD/Mexican Emotional Speech Database (MESD)/Sadness_M_B_celda.wav,sadness,male,spanish,celda
MESD/Mexican Emotional Speech Database (MESD)/Happiness_M_B_ensueno.wav,happiness,male,spanish,ensueno
MESD/Mexican Emotional Speech Database (MESD)/Neutral_C_B_labrador.wav,neutral,child,spanish,labrador
MESD/Mexican Emotional Speech Database (MESD)/Fear_C_B_abuso.wav,fear,child,spanish,abuso
MESD/Mexican Emotional Speech Database (MESD)/Sadness_F_B_metralleta.wav,sadness,female,spanish,metralleta
MESD/Mexican Emotional Speech Database (MESD)/Sadness_F_A_de_nada.wav,sadness,female,spanish,de nada
MESD/Mexican Emotional Speech Database (MESD)/Happiness_F_A_lento.wav,happiness,female,spanish,lento
MESD/Mexican Emotional Speech Database (MESD)/Happiness_F_B_aficion.wav,happiness,female,spanish,aficion
MESD/Mexican Emotional Speech Database (MESD)/Fear_M_A_de_nada.wav,fear,male,spanish,de nada
MESD/Mexican Emotional Speech Database (MESD)/Fear_M_A_hoy.wav,fear,male,spanish,hoy
MESD/Mexican Emotional Speech Database (MESD)/Fear_C_B_aguijon.wav,fear,child,spanish,aguijon
MESD/Mexican Emotional Speech Database (MESD)/Anger_F_A_tarde.wav,anger,female,spanish,tarde
MESD/Mexican Emotional Speech Database (MESD)/Happiness_C_B_rosa.wav,happiness,child,spanish,rosa
MESD/Mexican Emotional Speech Database (MESD)/Neutral_C_A_derecha.wav,neutral,child,spanish,derecha
MESD/Mexican Emotional Speech Database (MESD)/Fear_M_B_huracan.wav,fear,male,spanish,huracan
MESD/Mexican Emotional Speech Database (MESD)/Fear_C_B_humillacion.wav,fear,child,spanish,humillacion
MESD/Mexican Emotional Speech Database (MESD)/Fear_F_A_izquierda.wav,fear,female,spanish,izquierda
MESD/Mexican Emotional Speech Database (MESD)/Disgust_C_B_humillacion.wav,disgust,child,spanish,humillacion
MESD/Mexican Emotional Speech Database (MESD)/Anger_M_A_adios.wav,anger,male,spanish,adios
MESD/Mexican Emotional Speech Database (MESD)/Disgust_M_B_monstruo.wav,disgust,male,spanish,monstruo
MESD/Mexican Emotional Speech Database (MESD)/Fear_M_B_explosion.wav,fear,male,spanish,explosion
MESD/Mexican Emotional Speech Database (MESD)/Anger_M_A_hola.wav,anger,male,spanish,hola
MESD/Mexican Emotional Speech Database (MESD)/Fear_M_A_delante.wav,fear,male,spanish,delante
MESD/Mexican Emotional Speech Database (MESD)/Neutral_C_B_estrecho.wav,neutral,child,spanish,estrecho
MESD/Mexican Emotional Speech Database (MESD)/Disgust_C_A_delante.wav,disgust,child,spanish,delante
MESD/Mexican Emotional Speech Database (MESD)/Neutral_M_A_derecha.wav,neutral,male,spanish,derecha
MESD/Mexican Emotional Speech Database (MESD)/Sadness_C_A_ayer.wav,sadness,child,spanish,ayer
MESD/Mexican Emotional Speech Database (MESD)/Anger_F_B_atasco.wav,anger,female,spanish,atasco
MESD/Mexican Emotional Speech Database (MESD)/Anger_F_B_injusticia.wav,anger,female,spanish,injusticia
MESD/Mexican Emotional Speech Database (MESD)/Neutral_M_B_escurridizo.wav,neutral,male,spanish,escurridizo
MESD/Mexican Emotional Speech Database (MESD)/Disgust_M_A_basta_ya.wav,disgust,male,spanish,basta ya
MESD/Mexican Emotional Speech Database (MESD)/Anger_F_B_irrespetuoso.wav,anger,female,spanish,irrespetuoso
MESD/Mexican Emotional Speech Database (MESD)/Neutral_C_A_antes.wav,neutral,child,spanish,antes
MESD/Mexican Emotional Speech Database (MESD)/Disgust_F_B_abuso.wav,disgust,female,spanish,abuso
MESD/Mexican Emotional Speech Database (MESD)/Sadness_C_A_hoy.wav,sadness,child,spanish,hoy
MESD/Mexican Emotional Speech Database (MESD)/Happiness_M_B_antiguo.wav,happiness,male,spanish,antiguo
MESD/Mexican Emotional Speech Database (MESD)/Fear_M_A_lento.wav,fear,male,spanish,lento
MESD/Mexican Emotional Speech Database (MESD)/Fear_C_B_abandono.wav,fear,child,spanish,abandono
MESD/Mexican Emotional Speech Database (MESD)/Disgust_F_B_injusticia.wav,disgust,female,spanish,injusticia
MESD/Mexican Emotional Speech Database (MESD)/Happiness_C_B_baile.wav,happiness,child,spanish,baile
MESD/Mexican Emotional Speech Database (MESD)/Sadness_M_A_izquierda.wav,sadness,male,spanish,izquierda
MESD/Mexican Emotional Speech Database (MESD)/Happiness_C_A_si.wav,happiness,child,spanish,si
MESD/Mexican Emotional Speech Database (MESD)/Disgust_M_B_eructo.wav,disgust,male,spanish,eructo
MESD/Mexican Emotional Speech Database (MESD)/Happiness_C_A_antes.wav,happiness,child,spanish,antes
MESD/Mexican Emotional Speech Database (MESD)/Neutral_F_B_paella.wav,neutral,female,spanish,paella
MESD/Mexican Emotional Speech Database (MESD)/Neutral_F_B_mojado.wav,neutral,female,spanish,mojado
MESD/Mexican Emotional Speech Database (MESD)/Disgust_C_B_delincuencia.wav,disgust,child,spanish,delincuencia
MESD/Mexican Emotional Speech Database (MESD)/Anger_F_A_pronto.wav,anger,female,spanish,pronto
MESD/Mexican Emotional Speech Database (MESD)/Anger_F_B_explosion.wav,anger,female,spanish,explosion
MESD/Mexican Emotional Speech Database (MESD)/Neutral_M_B_despistado.wav,neutral,male,spanish,despistado
MESD/Mexican Emotional Speech Database (MESD)/Fear_C_B_estafa.wav,fear,child,spanish,estafa
MESD/Mexican Emotional Speech Database (MESD)/Anger_M_B_abandono.wav,anger,male,spanish,abandono
MESD/Mexican Emotional Speech Database (MESD)/Disgust_M_A_ayer.wav,disgust,male,spanish,ayer
MESD/Mexican Emotional Speech Database (MESD)/Neutral_C_A_arriba.wav,neutral,child,spanish,arriba
MESD/Mexican Emotional Speech Database (MESD)/Disgust_F_B_oloroso.wav,disgust,female,spanish,oloroso
MESD/Mexican Emotional Speech Database (MESD)/Anger_F_B_enganado.wav,anger,female,spanish,enganado
MESD/Mexican Emotional Speech Database (MESD)/Neutral_F_B_hondo.wav,neutral,female,spanish,hondo
MESD/Mexican Emotional Speech Database (MESD)/Fear_C_A_ayer.wav,fear,child,spanish,ayer
MESD/Mexican Emotional Speech Database (MESD)/Disgust_F_A_rapido.wav,disgust,female,spanish,rapido
MESD/Mexican Emotional Speech Database (MESD)/Sadness_M_A_ayer.wav,sadness,male,spanish,ayer
MESD/Mexican Emotional Speech Database (MESD)/Happiness_F_A_derecha.wav,happiness,female,spanish,derecha
MESD/Mexican Emotional Speech Database (MESD)/Sadness_F_A_rapido.wav,sadness,female,spanish,rapido
MESD/Mexican Emotional Speech Database (MESD)/Neutral_C_B_boton.wav,neutral,child,spanish,boton
MESD/Mexican Emotional Speech Database (MESD)/Neutral_C_A_gracias.wav,neutral,child,spanish,gracias
MESD/Mexican Emotional Speech Database (MESD)/Sadness_C_A_si.wav,sadness,child,spanish,si
MESD/Mexican Emotional Speech Database (MESD)/Fear_M_B_infarto.wav,fear,male,spanish,infarto
MESD/Mexican Emotional Speech Database (MESD)/Happiness_F_A_no.wav,happiness,female,spanish,no
MESD/Mexican Emotional Speech Database (MESD)/Fear_M_A_arriba.wav,fear,male,spanish,arriba
MESD/Mexican Emotional Speech Database (MESD)/Happiness_F_A_delante.wav,happiness,female,spanish,delante
MESD/Mexican Emotional Speech Database (MESD)/Fear_M_B_delincuencia.wav,fear,male,spanish,delincuencia
MESD/Mexican Emotional Speech Database (MESD)/Happiness_C_A_basta_ya.wav,happiness,child,spanish,basta ya
MESD/Mexican Emotional Speech Database (MESD)/Fear_C_A_derecha.wav,fear,child,spanish,derecha
MESD/Mexican Emotional Speech Database (MESD)/Fear_F_A_ayer.wav,fear,female,spanish,ayer
MESD/Mexican Emotional Speech Database (MESD)/Neutral_M_A_si.wav,neutral,male,spanish,si
MESD/Mexican Emotional Speech Database (MESD)/Happiness_C_B_chistoso.wav,happiness,child,spanish,chistoso
MESD/Mexican Emotional Speech Database (MESD)/Neutral_F_B_pelirrojo.wav,neutral,female,spanish,pelirrojo
MESD/Mexican Emotional Speech Database (MESD)/Sadness_C_A_detras.wav,sadness,child,spanish,detras
MESD/Mexican Emotional Speech Database (MESD)/Happiness_C_A_abajo.wav,happiness,child,spanish,abajo
MESD/Mexican Emotional Speech Database (MESD)/Anger_F_B_ceguera.wav,anger,female,spanish,ceguera
MESD/Mexican Emotional Speech Database (MESD)/Neutral_C_A_si.wav,neutral,child,spanish,si
MESD/Mexican Emotional Speech Database (MESD)/Sadness_C_B_enojo.wav,sadness,child,spanish,enojo
MESD/Mexican Emotional Speech Database (MESD)/Disgust_C_B_amenazador.wav,disgust,child,spanish,amenazador
MESD/Mexican Emotional Speech Database (MESD)/Anger_F_B_ira.wav,anger,female,spanish,ira
MESD/Mexican Emotional Speech Database (MESD)/Disgust_F_B_oruga.wav,disgust,female,spanish,oruga
MESD/Mexican Emotional Speech Database (MESD)/Anger_M_A_nunca.wav,anger,male,spanish,nunca
MESD/Mexican Emotional Speech Database (MESD)/Sadness_F_B_enfriamiento.wav,sadness,female,spanish,enfriamiento
MESD/Mexican Emotional Speech Database (MESD)/Anger_F_B_ataque.wav,anger,female,spanish,ataque
MESD/Mexican Emotional Speech Database (MESD)/Happiness_M_B_bebe.wav,happiness,male,spanish,bebe
MESD/Mexican Emotional Speech Database (MESD)/Sadness_F_A_adios.wav,sadness,female,spanish,adios
MESD/Mexican Emotional Speech Database (MESD)/Anger_M_B_dificultad.wav,anger,male,spanish,dificultad
MESD/Mexican Emotional Speech Database (MESD)/Disgust_C_B_suspenso.wav,disgust,child,spanish,suspenso
MESD/Mexican Emotional Speech Database (MESD)/Neutral_M_A_antes.wav,neutral,male,spanish,antes
MESD/Mexican Emotional Speech Database (MESD)/Disgust_F_B_torturado.wav,disgust,female,spanish,torturado
MESD/Mexican Emotional Speech Database (MESD)/Neutral_C_A_ayer.wav,neutral,child,spanish,ayer
MESD/Mexican Emotional Speech Database (MESD)/Disgust_C_A_detras.wav,disgust,child,spanish,detras
MESD/Mexican Emotional Speech Database (MESD)/Sadness_F_A_tarde.wav,sadness,female,spanish,tarde
MESD/Mexican Emotional Speech Database (MESD)/Anger_M_B_furia.wav,anger,male,spanish,furia
MESD/Mexican Emotional Speech Database (MESD)/Fear_F_B_ceguera.wav,fear,female,spanish,ceguera
MESD/Mexican Emotional Speech Database (MESD)/Fear_M_B_amenazado.wav,fear,male,spanish,amenazado
MESD/Mexican Emotional Speech Database (MESD)/Anger_M_B_impaciencia.wav,anger,male,spanish,impaciencia
MESD/Mexican Emotional Speech Database (MESD)/Sadness_M_A_no.wav,sadness,male,spanish,no
MESD/Mexican Emotional Speech Database (MESD)/Neutral_M_B_babosa.wav,neutral,male,spanish,babosa
MESD/Mexican Emotional Speech Database (MESD)/Sadness_F_A_nunca.wav,sadness,female,spanish,nunca
MESD/Mexican Emotional Speech Database (MESD)/Disgust_M_B_caprichoso.wav,disgust,male,spanish,caprichoso
MESD/Mexican Emotional Speech Database (MESD)/Anger_F_B_explosivo.wav,anger,female,spanish,explosivo
MESD/Mexican Emotional Speech Database (MESD)/Neutral_C_B_elevado.wav,neutral,child,spanish,elevado
MESD/Mexican Emotional Speech Database (MESD)/Fear_C_B_alarma.wav,fear,child,spanish,alarma
MESD/Mexican Emotional Speech Database (MESD)/Neutral_M_A_detras.wav,neutral,male,spanish,detras
MESD/Mexican Emotional Speech Database (MESD)/Happiness_C_B_acogedora.wav,happiness,child,spanish,acogedora
MESD/Mexican Emotional Speech Database (MESD)/Sadness_F_B_tristeza.wav,sadness,female,spanish,tristeza
MESD/Mexican Emotional Speech Database (MESD)/Anger_C_B_impaciencia.wav,anger,child,spanish,impaciencia
MESD/Mexican Emotional Speech Database (MESD)/Anger_F_A_fuera.wav,anger,female,spanish,fuera
MESD/Mexican Emotional Speech Database (MESD)/Fear_F_B_dificultad.wav,fear,female,spanish,dificultad
MESD/Mexican Emotional Speech Database (MESD)/Sadness_C_A_de_nada.wav,sadness,child,spanish,de nada
MESD/Mexican Emotional Speech Database (MESD)/Happiness_C_B_bebe.wav,happiness,child,spanish,bebe
MESD/Mexican Emotional Speech Database (MESD)/Happiness_M_B_astuto.wav,happiness,male,spanish,astuto
MESD/Mexican Emotional Speech Database (MESD)/Disgust_C_B_abandono.wav,disgust,child,spanish,abandono
MESD/Mexican Emotional Speech Database (MESD)/Sadness_M_A_basta_ya.wav,sadness,male,spanish,basta ya
MESD/Mexican Emotional Speech Database (MESD)/Anger_C_B_amenazado.wav,anger,child,spanish,amenazado
MESD/Mexican Emotional Speech Database (MESD)/Neutral_C_A_dentro.wav,neutral,child,spanish,dentro
MESD/Mexican Emotional Speech Database (MESD)/Neutral_M_A_tarde.wav,neutral,male,spanish,tarde
MESD/Mexican Emotional Speech Database (MESD)/Sadness_C_A_lento.wav,sadness,child,spanish,lento
MESD/Mexican Emotional Speech Database (MESD)/Sadness_M_B_hambre.wav,sadness,male,spanish,hambre
MESD/Mexican Emotional Speech Database (MESD)/Fear_C_A_fuera.wav,fear,child,spanish,fuera
MESD/Mexican Emotional Speech Database (MESD)/Fear_F_A_tarde.wav,fear,female,spanish,tarde
MESD/Mexican Emotional Speech Database (MESD)/Sadness_F_B_huracan.wav,sadness,female,spanish,huracan
MESD/Mexican Emotional Speech Database (MESD)/Anger_C_A_delante.wav,anger,child,spanish,delante
MESD/Mexican Emotional Speech Database (MESD)/Fear_F_A_por_favor.wav,fear,female,spanish,por favor
MESD/Mexican Emotional Speech Database (MESD)/Anger_M_B_ansiedad.wav,anger,male,spanish,ansiedad
MESD/Mexican Emotional Speech Database (MESD)/Fear_F_B_explosivo.wav,fear,female,spanish,explosivo
MESD/Mexican Emotional Speech Database (MESD)/Neutral_F_B_acuatico.wav,neutral,female,spanish,acuatico
MESD/Mexican Emotional Speech Database (MESD)/Anger_M_A_abajo.wav,anger,male,spanish,abajo
MESD/Mexican Emotional Speech Database (MESD)/Anger_M_A_izquierda.wav,anger,male,spanish,izquierda
MESD/Mexican Emotional Speech Database (MESD)/Happiness_C_B_coordinacion.wav,happiness,child,spanish,coordinacion
MESD/Mexican Emotional Speech Database (MESD)/Anger_M_B_conflicto.wav,anger,male,spanish,conflicto
MESD/Mexican Emotional Speech Database (MESD)/Fear_F_B_conflicto.wav,fear,female,spanish,conflicto
MESD/Mexican Emotional Speech Database (MESD)/Disgust_M_B_metralleta.wav,disgust,male,spanish,metralleta
MESD/Mexican Emotional Speech Database (MESD)/Disgust_M_A_de_nada.wav,disgust,male,spanish,de nada
MESD/Mexican Emotional Speech Database (MESD)/Anger_F_B_estricto.wav,anger,female,spanish,estricto
MESD/Mexican Emotional Speech Database (MESD)/Fear_M_B_celda.wav,fear,male,spanish,celda
MESD/Mexican Emotional Speech Database (MESD)/Anger_C_B_ceguera.wav,anger,child,spanish,ceguera
MESD/Mexican Emotional Speech Database (MESD)/Anger_M_A_rapido.wav,anger,male,spanish,rapido
MESD/Mexican Emotional Speech Database (MESD)/Neutral_C_A_hola.wav,neutral,child,spanish,hola
MESD/Mexican Emotional Speech Database (MESD)/Anger_F_A_arriba.wav,anger,female,spanish,arriba
MESD/Mexican Emotional Speech Database (MESD)/Happiness_M_A_tarde.wav,happiness,male,spanish,tarde
MESD/Mexican Emotional Speech Database (MESD)/Neutral_F_A_nunca.wav,neutral,female,spanish,nunca
MESD/Mexican Emotional Speech Database (MESD)/Fear_F_A_de_nada.wav,fear,female,spanish,de nada
MESD/Mexican Emotional Speech Database (MESD)/Sadness_C_B_catastrofe.wav,sadness,child,spanish,catastrofe
MESD/Mexican Emotional Speech Database (MESD)/Neutral_M_A_dentro.wav,neutral,male,spanish,dentro
MESD/Mexican Emotional Speech Database (MESD)/Happiness_F_B_clavel.wav,happiness,female,spanish,clavel
MESD/Mexican Emotional Speech Database (MESD)/Neutral_M_B_extenso.wav,neutral,male,spanish,extenso
