file,emotion,gender,speaker,language
MESS/AF1M12_SCR.wav,anger,female,F1,english
MESS/HF2V08_SCR.wav,happiness,female,F2,english
MESS/HM3V10_SCR.wav,happiness,male,M3,english
MESS/SM1T10_SCR.wav,sadness,male,M1,english
MESS/HM1T02_SCR.wav,happiness,male,M1,english
MESS/SM3M10_SCR.wav,sadness,male,M3,english
MESS/AM2T10_SCR.wav,anger,male,M2,english
MESS/SF1M13_SCR.wav,sadness,female,F1,english
MESS/HM3V04_SCR.wav,happiness,male,M3,english
MESS/SF1V09_SCR.wav,sadness,female,F1,english
MESS/AM3T02_SCR.wav,anger,male,M3,english
MESS/HM3M04_SCR.wav,happiness,male,M3,english
MESS/CM1T30_SCR.wav,calm,male,M1,english
MESS/HM1V22_SCR.wav,happiness,male,M1,english
MESS/CM2M25_SCR.wav,calm,male,M2,english
MESS/AM1T08_SCR.wav,anger,male,M1,english
MESS/HF3M27_SCR.wav,happiness,female,F3,english
MESS/HF2M08_SCR.wav,happiness,female,F2,english
MESS/CF2V16_SCR.wav,calm,female,F2,english
MESS/CF1T23_SCR.wav,calm,female,F1,english
MESS/CF3M22_SCR.wav,calm,female,F3,english
MESS/AF1V11_SCR.wav,anger,female,F1,english
MESS/AM2M21_SCR.wav,anger,male,M2,english
MESS/AM2V01_SCR.wav,anger,male,M2,english
MESS/CF2V23_SCR.wav,calm,female,F2,english
MESS/HM3V16_SCR.wav,happiness,male,M3,english
MESS/HF2V26_SCR.wav,happiness,female,F2,english
MESS/AM2M14_SCR.wav,anger,male,M2,english
MESS/AF1V10_SCR.wav,anger,female,F1,english
MESS/SF3T25_SCR.wav,sadness,female,F3,english
MESS/HF1M16_SCR.wav,happiness,female,F1,english
MESS/SF3M04_SCR.wav,sadness,female,F3,english
MESS/CF1T25_SCR.wav,calm,female,F1,english
MESS/HF1T30_SCR.wav,happiness,female,F1,english
MESS/AM3M14_SCR.wav,anger,male,M3,english
MESS/CM1M18_SCR.wav,calm,male,M1,english
MESS/SM3T12_SCR.wav,sadness,male,M3,english
MESS/SM3T09_SCR.wav,sadness,male,M3,english
MESS/HF2M10_SCR.wav,happiness,female,F2,english
MESS/HF1V15_SCR.wav,happiness,female,F1,english
MESS/SF3M24_SCR.wav,sadness,female,F3,english
MESS/AM3T26_SCR.wav,anger,male,M3,english
MESS/CF3T08_SCR.wav,calm,female,F3,english
MESS/CF1M22_SCR.wav,calm,female,F1,english
MESS/SF1V28_SCR.wav,sadness,female,F1,english
MESS/CM3M03_SCR.wav,calm,male,M3,english
MESS/HM3T28_SCR.wav,happiness,male,M3,english
MESS/HF2M05_SCR.wav,happiness,female,F2,english
MESS/AF1T18_SCR.wav,anger,female,F1,english
MESS/HF2V06_SCR.wav,happiness,female,F2,english
MESS/HM2M30_SCR.wav,happiness,male,M2,english
MESS/HM1T27_SCR.wav,happiness,male,M1,english
MESS/CM3T14_SCR.wav,calm,male,M3,english
MESS/HF3M23_SCR.wav,happiness,female,F3,english
MESS/SF2M02_SCR.wav,sadness,female,F2,english
MESS/AF2M16_SCR.wav,anger,female,F2,english
MESS/CM3V09_SCR.wav,calm,male,M3,english
MESS/SM3T01_SCR.wav,sadness,male,M3,english
MESS/SM2M16_SCR.wav,sadness,male,M2,english
MESS/AM1M20_SCR.wav,anger,male,M1,english
MESS/AM1T20_SCR.wav,anger,male,M1,english
MESS/CM3M29_SCR.wav,calm,male,M3,english
MESS/CM2V06_SCR.wav,calm,male,M2,english
MESS/CF3T21_SCR.wav,calm,female,F3,english
MESS/AF1V29_SCR.wav,anger,female,F1,english
MESS/AM2T11_SCR.wav,anger,male,M2,english
MESS/SM1V14_SCR.wav,sadness,male,M1,english
MESS/HF2V25_SCR.wav,happiness,female,F2,english
MESS/AM1V24_SCR.wav,anger,male,M1,english
MESS/CF2T20_SCR.wav,calm,female,F2,english
MESS/CM2T27_SCR.wav,calm,male,M2,english
MESS/HF2T28_SCR.wav,happiness,female,F2,english
MESS/HF3M19_SCR.wav,happiness,female,F3,english
MESS/CF3T20_SCR.wav,calm,female,F3,english
MESS/HM2V14_SCR.wav,happiness,male,M2,english
MESS/SM3M15_SCR.wav,sadness,male,M3,english
MESS/AM1T09_SCR.wav,anger,male,M1,english
MESS/SM2V29_SCR.wav,sadness,male,M2,english
MESS/CF1T09_SCR.wav,calm,female,F1,english
MESS/HF1V29_SCR.wav,happiness,female,F1,english
MESS/SF2V20_SCR.wav,sadness,female,F2,english
MESS/AM3M06_SCR.wav,anger,male,M3,english
MESS/SM2T12_SCR.wav,sadness,male,M2,english
MESS/AF1T15_SCR.wav,anger,female,F1,english
MESS/SF2T07_SCR.wav,sadness,female,F2,english
MESS/CM3T25_SCR.wav,calm,male,M3,english
MESS/CF1T07_SCR.wav,calm,female,F1,english
MESS/CF1V06_SCR.wav,calm,female,F1,english
MESS/HF2V10_SCR.wav,happiness,female,F2,english
MESS/AF1V05_SCR.wav,anger,female,F1,english
MESS/HF2V03_SCR.wav,happiness,female,F2,english
MESS/SM1M16_SCR.wav,sadness,male,M1,english
MESS/AM3T24_SCR.wav,anger,male,M3,english
MESS/CF2M12_SCR.wav,calm,female,F2,english
MESS/CM1M13_SCR.wav,calm,male,M1,english
MESS/SM1T12_SCR.wav,sadness,male,M1,english
MESS/HM1V26_SCR.wav,happiness,male,M1,english
MESS/HM2V16_SCR.wav,happiness,male,M2,english
MESS/SM2M25_SCR.wav,sadness,male,M2,english
MESS/SF3T18_SCR.wav,sadness,female,F3,english
MESS/CM1T02_SCR.wav,calm,male,M1,english
MESS/AF1M13_SCR.wav,anger,female,F1,english
MESS/AM2V05_SCR.wav,anger,male,M2,english
MESS/SF3M18_SCR.wav,sadness,female,F3,english
MESS/AF3T28_SCR.wav,anger,female,F3,english
MESS/HF1T02_SCR.wav,happiness,female,F1,english
MESS/SM2V11_SCR.wav,sadness,male,M2,english
MESS/CM3V19_SCR.wav,calm,male,M3,english
MESS/SM1M01_SCR.wav,sadness,male,M1,english
MESS/HF1T17_SCR.wav,happiness,female,F1,english
MESS/AF3M19_SCR.wav,anger,female,F3,english
MESS/AM3M23_SCR.wav,anger,male,M3,english
MESS/CF2M13_SCR.wav,calm,female,F2,english
MESS/CM3V18_SCR.wav,calm,male,M3,english
MESS/SM3T03_SCR.wav,sadness,male,M3,english
MESS/CF3M04_SCR.wav,calm,female,F3,english
MESS/SM3V30_SCR.wav,sadness,male,M3,english
MESS/SM2V13_SCR.wav,sadness,male,M2,english
MESS/CM2V07_SCR.wav,calm,male,M2,english
MESS/CF1V05_SCR.wav,calm,female,F1,english
MESS/HM1T15_SCR.wav,happiness,male,M1,english
MESS/SF3M20_SCR.wav,sadness,female,F3,english
MESS/AF2M02_SCR.wav,anger,female,F2,english
MESS/SF1T07_SCR.wav,sadness,female,F1,english
MESS/CF2T18_SCR.wav,calm,female,F2,english
MESS/CF1T10_SCR.wav,calm,female,F1,english
MESS/HF3V26_SCR.wav,happiness,female,F3,english
MESS/SF3M15_SCR.wav,sadness,female,F3,english
MESS/HM1V14_SCR.wav,happiness,male,M1,english
MESS/HF1M01_SCR.wav,happiness,female,F1,english
MESS/CF3T27_SCR.wav,calm,female,F3,english
MESS/AF1M17_SCR.wav,anger,female,F1,english
MESS/AM3V13_SCR.wav,anger,male,M3,english
MESS/SM1V18_SCR.wav,sadness,male,M1,english
MESS/AF2T29_SCR.wav,anger,female,F2,english
MESS/CF3V22_SCR.wav,calm,female,F3,english
MESS/SF2M01_SCR.wav,sadness,female,F2,english
MESS/CM2M27_SCR.wav,calm,male,M2,english
MESS/AM1M06_SCR.wav,anger,male,M1,english
MESS/CF2M15_SCR.wav,calm,female,F2,english
MESS/AM3V03_SCR.wav,anger,male,M3,english
MESS/SM1M02_SCR.wav,sadness,male,M1,english
MESS/HF2T09_SCR.wav,happiness,female,F2,english
MESS/CM1T13_SCR.wav,calm,male,M1,english
MESS/HF2T16_SCR.wav,happiness,female,F2,english
MESS/HM1M18_SCR.wav,happiness,male,M1,english
MESS/HM1T21_SCR.wav,happiness,male,M1,english
MESS/HM1V02_SCR.wav,happiness,male,M1,english
MESS/SM3V11_SCR.wav,sadness,male,M3,english
MESS/HF1T25_SCR.wav,happiness,female,F1,english
MESS/CM1M29_SCR.wav,calm,male,M1,english
MESS/HM3M13_SCR.wav,happiness,male,M3,english
MESS/CF1M03_SCR.wav,calm,female,F1,english
MESS/SM2M24_SCR.wav,sadness,male,M2,english
MESS/HM1M23_SCR.wav,happiness,male,M1,english
MESS/AM2M19_SCR.wav,anger,male,M2,english
MESS/CF3M30_SCR.wav,calm,female,F3,english
MESS/SM2V01_SCR.wav,sadness,male,M2,english
MESS/CF3V21_SCR.wav,calm,female,F3,english
MESS/HM2M23_SCR.wav,happiness,male,M2,english
MESS/CF1T19_SCR.wav,calm,female,F1,english
MESS/CM1M12_SCR.wav,calm,male,M1,english
MESS/SM1T09_SCR.wav,sadness,male,M1,english
MESS/CF2V25_SCR.wav,calm,female,F2,english
MESS/CF1M10_SCR.wav,calm,female,F1,english
MESS/AM2M29_SCR.wav,anger,male,M2,english
MESS/CM2M18_SCR.wav,calm,male,M2,english
MESS/HF1M24_SCR.wav,happiness,female,F1,english
MESS/SM1T26_SCR.wav,sadness,male,M1,english
MESS/AF1M07_SCR.wav,anger,female,F1,english
MESS/AF2T20_SCR.wav,anger,female,F2,english
MESS/HF2M04_SCR.wav,happiness,female,F2,english
MESS/CM2M13_SCR.wav,calm,male,M2,english
MESS/AF3V05_SCR.wav,anger,female,F3,english
MESS/CM1V22_SCR.wav,calm,male,M1,english
MESS/CF1M04_SCR.wav,calm,female,F1,english
MESS/HF1V28_SCR.wav,happiness,female,F1,english
MESS/CF2T21_SCR.wav,calm,female,F2,english
MESS/CF2V14_SCR.wav,calm,female,F2,english
MESS/CF3M02_SCR.wav,calm,female,F3,english
MESS/AM1M29_SCR.wav,anger,male,M1,english
MESS/HF2T06_SCR.wav,happiness,female,F2,english
MESS/CF1M20_SCR.wav,calm,female,F1,english
MESS/HF2V02_SCR.wav,happiness,female,F2,english
MESS/HF3M11_SCR.wav,happiness,female,F3,english
MESS/CM3V30_SCR.wav,calm,male,M3,english
MESS/HF2M29_SCR.wav,happiness,female,F2,english
MESS/SM2T02_SCR.wav,sadness,male,M2,english
MESS/SF2T20_SCR.wav,sadness,female,F2,english
MESS/SM2T26_SCR.wav,sadness,male,M2,english
MESS/AM1M22_SCR.wav,anger,male,M1,english
MESS/CM2M03_SCR.wav,calm,male,M2,english
MESS/SF3V04_SCR.wav,sadness,female,F3,english
MESS/AM2T15_SCR.wav,anger,male,M2,english
MESS/CM1M08_SCR.wav,calm,male,M1,english
MESS/HM3M19_SCR.wav,happiness,male,M3,english
MESS/CF1T21_SCR.wav,calm,female,F1,english
MESS/AF3T29_SCR.wav,anger,female,F3,english
MESS/SM3M19_SCR.wav,sadness,male,M3,english
MESS/SF2M21_SCR.wav,sadness,female,F2,english
MESS/AM3V28_SCR.wav,anger,male,M3,english
MESS/HF3V06_SCR.wav,happiness,female,F3,english
MESS/HF2M18_SCR.wav,happiness,female,F2,english
MESS/HF3V23_SCR.wav,happiness,female,F3,english
MESS/HM3T13_SCR.wav,happiness,male,M3,english
MESS/SF2T10_SCR.wav,sadness,female,F2,english
MESS/SF1T28_SCR.wav,sadness,female,F1,english
MESS/AM2V10_SCR.wav,anger,male,M2,english
MESS/HM1M05_SCR.wav,happiness,male,M1,english
MESS/HM3T07_SCR.wav,happiness,male,M3,english
MESS/HM2V27_SCR.wav,happiness,male,M2,english
MESS/HM3M22_SCR.wav,happiness,male,M3,english
MESS/SM1M06_SCR.wav,sadness,male,M1,english
MESS/SF2V16_SCR.wav,sadness,female,F2,english
MESS/HF2M13_SCR.wav,happiness,female,F2,english
MESS/HM2T08_SCR.wav,happiness,male,M2,english
MESS/CF1T08_SCR.wav,calm,female,F1,english
MESS/AM1M02_SCR.wav,anger,male,M1,english
MESS/HF1M25_SCR.wav,happiness,female,F1,english
MESS/CF1V11_SCR.wav,calm,female,F1,english
MESS/HM1T19_SCR.wav,happiness,male,M1,english
MESS/SM2T01_SCR.wav,sadness,male,M2,english
MESS/AM1T10_SCR.wav,anger,male,M1,english
MESS/SM2T14_SCR.wav,sadness,male,M2,english
MESS/AF1V26_SCR.wav,anger,female,F1,english
MESS/AF2V16_SCR.wav,anger,female,F2,english
MESS/SF3M02_SCR.wav,sadness,female,F3,english
MESS/CF3V03_SCR.wav,calm,female,F3,english
MESS/CF3M12_SCR.wav,calm,female,F3,english
MESS/SM2T06_SCR.wav,sadness,male,M2,english
MESS/AF3T27_SCR.wav,anger,female,F3,english
MESS/HM1T28_SCR.wav,happiness,male,M1,english
MESS/SM1V29_SCR.wav,sadness,male,M1,english
MESS/AM3M26_SCR.wav,anger,male,M3,english
MESS/CM2V30_SCR.wav,calm,male,M2,english
MESS/HF2M07_SCR.wav,happiness,female,F2,english
MESS/CF3T10_SCR.wav,calm,female,F3,english
MESS/HM1T12_SCR.wav,happiness,male,M1,english
MESS/CM3M16_SCR.wav,calm,male,M3,english
MESS/SF3T21_SCR.wav,sadness,female,F3,english
MESS/AF2T24_SCR.wav,anger,female,F2,english
MESS/AM2V22_SCR.wav,anger,male,M2,english
MESS/CF3T13_SCR.wav,calm,female,F3,english
MESS/CM3M14_SCR.wav,calm,male,M3,english
MESS/HM2M20_SCR.wav,happiness,male,M2,english
MESS/CM2V02_SCR.wav,calm,male,M2,english
MESS/HF3V04_SCR.wav,happiness,female,F3,english
MESS/HM2T07_SCR.wav,happiness,male,M2,english
MESS/HM2V13_SCR.wav,happiness,male,M2,english
MESS/AF3T23_SCR.wav,anger,female,F3,english
MESS/CM1T24_SCR.wav,calm,male,M1,english
MESS/AM2M02_SCR.wav,anger,male,M2,english
MESS/AF1V18_SCR.wav,anger,female,F1,english
MESS/AF1V19_SCR.wav,anger,female,F1,english
MESS/CM1T06_SCR.wav,calm,male,M1,english
MESS/AM3M25_SCR.wav,anger,male,M3,english
MESS/AM1T06_SCR.wav,anger,male,M1,english
MESS/AF2M17_SCR.wav,anger,female,F2,english
MESS/HM2M07_SCR.wav,happiness,male,M2,english
MESS/HM3T22_SCR.wav,happiness,male,M3,english
MESS/AF1V09_SCR.wav,anger,female,F1,english
MESS/CF2T11_SCR.wav,calm,female,F2,english
MESS/CM1V28_SCR.wav,calm,male,M1,english
MESS/CM2T11_SCR.wav,calm,male,M2,english
MESS/CF1V24_SCR.wav,calm,female,F1,english
MESS/HF3M30_SCR.wav,happiness,female,F3,english
MESS/HF1T10_SCR.wav,happiness,female,F1,english
MESS/SM1V22_SCR.wav,sadness,male,M1,english
MESS/SM1V13_SCR.wav,sadness,male,M1,english
MESS/SM1T08_SCR.wav,sadness,male,M1,english
MESS/CM3V12_SCR.wav,calm,male,M3,english
MESS/SM3T29_SCR.wav,sadness,male,M3,english
MESS/SF3V06_SCR.wav,sadness,female,F3,english
MESS/CF3V20_SCR.wav,calm,female,F3,english
MESS/HM3V23_SCR.wav,happiness,male,M3,english
MESS/HF2M06_SCR.wav,happiness,female,F2,english
MESS/CM3M22_SCR.wav,calm,male,M3,english
MESS/AF2T17_SCR.wav,anger,female,F2,english
MESS/SF2T04_SCR.wav,sadness,female,F2,english
MESS/CM2T10_SCR.wav,calm,male,M2,english
MESS/SF1T12_SCR.wav,sadness,female,F1,english
MESS/HF3T06_SCR.wav,happiness,female,F3,english
MESS/SM2V23_SCR.wav,sadness,male,M2,english
MESS/AF3T24_SCR.wav,anger,female,F3,english
MESS/CM2V09_SCR.wav,calm,male,M2,english
MESS/AM1V04_SCR.wav,anger,male,M1,english
MESS/CM2V11_SCR.wav,calm,male,M2,english
MESS/HM3T15_SCR.wav,happiness,male,M3,english
MESS/CF1V15_SCR.wav,calm,female,F1,english
MESS/HF1M17_SCR.wav,happiness,female,F1,english
MESS/SF1V26_SCR.wav,sadness,female,F1,english
MESS/HF3M03_SCR.wav,happiness,female,F3,english
MESS/CF1V25_SCR.wav,calm,female,F1,english
MESS/SF1M09_SCR.wav,sadness,female,F1,english
MESS/HM1V10_SCR.wav,happiness,male,M1,english
MESS/HM1M06_SCR.wav,happiness,male,M1,english
MESS/HM3V22_SCR.wav,happiness,male,M3,english
MESS/AM3V12_SCR.wav,anger,male,M3,english
MESS/SF1T01_SCR.wav,sadness,female,F1,english
MESS/HF3T02_SCR.wav,happiness,female,F3,english
MESS/HF2M02_SCR.wav,happiness,female,F2,english
MESS/AM1V06_SCR.wav,anger,male,M1,english
MESS/AM2V15_SCR.wav,anger,male,M2,english
MESS/SF1M30_SCR.wav,sadness,female,F1,english
MESS/SM2M13_SCR.wav,sadness,male,M2,english
MESS/HM2V24_SCR.wav,happiness,male,M2,english
MESS/AF2V03_SCR.wav,anger,female,F2,english
MESS/AF2T05_SCR.wav,anger,female,F2,english
MESS/CF3T15_SCR.wav,calm,female,F3,english
MESS/HM1V24_SCR.wav,happiness,male,M1,english
MESS/AM2V06_SCR.wav,anger,male,M2,english
MESS/HM3M14_SCR.wav,happiness,male,M3,english
MESS/CM2T26_SCR.wav,calm,male,M2,english
MESS/SF1T09_SCR.wav,sadness,female,F1,english
MESS/CF1T30_SCR.wav,calm,female,F1,english
MESS/AM2T18_SCR.wav,anger,male,M2,english
MESS/SM2M08_SCR.wav,sadness,male,M2,english
MESS/CF1M29_SCR.wav,calm,female,F1,english
MESS/AF1T29_SCR.wav,anger,female,F1,english
MESS/CF1V21_SCR.wav,calm,female,F1,english
MESS/CM1V07_SCR.wav,calm,male,M1,english
MESS/CM2M07_SCR.wav,calm,male,M2,english
MESS/SM3V02_SCR.wav,sadness,male,M3,english
MESS/AM3T07_SCR.wav,anger,male,M3,english
MESS/AM3T10_SCR.wav,anger,male,M3,english
MESS/SM3M01_SCR.wav,sadness,male,M3,english
MESS/SM1V26_SCR.wav,sadness,male,M1,english
MESS/SM1M09_SCR.wav,sadness,male,M1,english
MESS/SM2V19_SCR.wav,sadness,male,M2,english
MESS/SF3T13_SCR.wav,sadness,female,F3,english
MESS/AM2T30_SCR.wav,anger,male,M2,english
MESS/HM2T19_SCR.wav,happiness,male,M2,english
MESS/SF3V28_SCR.wav,sadness,female,F3,english
MESS/HF1V05_SCR.wav,happiness,female,F1,english
MESS/SM3T08_SCR.wav,sadness,male,M3,english
MESS/HF3V21_SCR.wav,happiness,female,F3,english
MESS/AM3T16_SCR.wav,anger,male,M3,english
MESS/AM3M11_SCR.wav,anger,male,M3,english
MESS/CM2M16_SCR.wav,calm,male,M2,english
MESS/AF2M29_SCR.wav,anger,female,F2,english
MESS/SF3T04_SCR.wav,sadness,female,F3,english
MESS/AM3V19_SCR.wav,anger,male,M3,english
MESS/AM2V26_SCR.wav,anger,male,M2,english
MESS/CM3T26_SCR.wav,calm,male,M3,english
MESS/SM2M17_SCR.wav,sadness,male,M2,english
MESS/AM2M09_SCR.wav,anger,male,M2,english
MESS/AM1T03_SCR.wav,anger,male,M1,english
MESS/HF3T25_SCR.wav,happiness,female,F3,english
MESS/AM1V28_SCR.wav,anger,male,M1,english
MESS/HM1M01_SCR.wav,happiness,male,M1,english
MESS/AM2T06_SCR.wav,anger,male,M2,english
MESS/CF2M01_SCR.wav,calm,female,F2,english
MESS/AF1T30_SCR.wav,anger,female,F1,english
MESS/SF2T28_SCR.wav,sadness,female,F2,english
MESS/SF2V19_SCR.wav,sadness,female,F2,english
MESS/SM1M27_SCR.wav,sadness,male,M1,english
MESS/SF3M06_SCR.wav,sadness,female,F3,english
MESS/HF1V21_SCR.wav,happiness,female,F1,english
MESS/SF3V02_SCR.wav,sadness,female,F3,english
MESS/AF3V21_SCR.wav,anger,female,F3,english
MESS/AM3V24_SCR.wav,anger,male,M3,english
MESS/HM1T07_SCR.wav,happiness,male,M1,english
MESS/AF1T21_SCR.wav,anger,female,F1,english
MESS/HF1M12_SCR.wav,happiness,female,F1,english
MESS/SM3T21_SCR.wav,sadness,male,M3,english
MESS/SM3M11_SCR.wav,sadness,male,M3,english
MESS/AM2M03_SCR.wav,anger,male,M2,english
MESS/HF1M11_SCR.wav,happiness,female,F1,english
MESS/SF1V30_SCR.wav,sadness,female,F1,english
MESS/SM2V02_SCR.wav,sadness,male,M2,english
MESS/AM1T01_SCR.wav,anger,male,M1,english
MESS/AF2M08_SCR.wav,anger,female,F2,english
MESS/AM1T02_SCR.wav,anger,male,M1,english
MESS/SF2V07_SCR.wav,sadness,female,F2,english
MESS/HM3V25_SCR.wav,happiness,male,M3,english
MESS/SM3T16_SCR.wav,sadness,male,M3,english
MESS/SF2M28_SCR.wav,sadness,female,F2,english
MESS/CF3M28_SCR.wav,calm,female,F3,english
MESS/AM1T19_SCR.wav,anger,male,M1,english
MESS/AF1V25_SCR.wav,anger,female,F1,english
MESS/CM1V01_SCR.wav,calm,male,M1,english
MESS/CM3V25_SCR.wav,calm,male,M3,english
MESS/HF2V23_SCR.wav,happiness,female,F2,english
MESS/SF2T02_SCR.wav,sadness,female,F2,english
MESS/SF2M04_SCR.wav,sadness,female,F2,english
MESS/SM1T20_SCR.wav,sadness,male,M1,english
MESS/HF1M20_SCR.wav,happiness,female,F1,english
MESS/CM1M28_SCR.wav,calm,male,M1,english
MESS/CM3V07_SCR.wav,calm,male,M3,english
MESS/HM2T20_SCR.wav,happiness,male,M2,english
MESS/HF1M18_SCR.wav,happiness,female,F1,english
MESS/CF2V12_SCR.wav,calm,female,F2,english
MESS/CF1V12_SCR.wav,calm,female,F1,english
MESS/HF2T10_SCR.wav,happiness,female,F2,english
MESS/AM2M28_SCR.wav,anger,male,M2,english
MESS/SF1T13_SCR.wav,sadness,female,F1,english
MESS/HF2M24_SCR.wav,happiness,female,F2,english
MESS/CM2M06_SCR.wav,calm,male,M2,english
MESS/AM2V08_SCR.wav,anger,male,M2,english
MESS/CM2V10_SCR.wav,calm,male,M2,english
MESS/CF3M29_SCR.wav,calm,female,F3,english
MESS/HM3T02_SCR.wav,happiness,male,M3,english
MESS/CF2M14_SCR.wav,calm,female,F2,english
MESS/AF2V28_SCR.wav,anger,female,F2,english
MESS/HM1M30_SCR.wav,happiness,male,M1,english
MESS/AM2V23_SCR.wav,anger,male,M2,english
MESS/CM1M20_SCR.wav,calm,male,M1,english
MESS/AF3V22_SCR.wav,anger,female,F3,english
MESS/AF2M15_SCR.wav,anger,female,F2,english
MESS/SM1M05_SCR.wav,sadness,male,M1,english
MESS/SF3T14_SCR.wav,sadness,female,F3,english
MESS/CF2V11_SCR.wav,calm,female,F2,english
MESS/HF2V27_SCR.wav,happiness,female,F2,english
MESS/CM3T22_SCR.wav,calm,male,M3,english
MESS/SF3M05_SCR.wav,sadness,female,F3,english
MESS/SF2T05_SCR.wav,sadness,female,F2,english
MESS/CF1T01_SCR.wav,calm,female,F1,english
MESS/AM1T17_SCR.wav,anger,male,M1,english
MESS/SF2V02_SCR.wav,sadness,female,F2,english
MESS/SM2V03_SCR.wav,sadness,male,M2,english
MESS/CM2V01_SCR.wav,calm,male,M2,english
MESS/HM2T10_SCR.wav,happiness,male,M2,english
MESS/AM1V09_SCR.wav,anger,male,M1,english
MESS/HF2V13_SCR.wav,happiness,female,F2,english
MESS/CF3M08_SCR.wav,calm,female,F3,english
MESS/HM2T01_SCR.wav,happiness,male,M2,english
MESS/HM3V12_SCR.wav,happiness,male,M3,english
MESS/SF2M09_SCR.wav,sadness,female,F2,english
MESS/HF1T01_SCR.wav,happiness,female,F1,english
MESS/SM1V21_SCR.wav,sadness,male,M1,english
MESS/SM1V24_SCR.wav,sadness,male,M1,english
MESS/HM3M05_SCR.wav,happiness,male,M3,english
MESS/SF3T05_SCR.wav,sadness,female,F3,english
MESS/CF1V09_SCR.wav,calm,female,F1,english
MESS/CM2V15_SCR.wav,calm,male,M2,english
MESS/CF1T05_SCR.wav,calm,female,F1,english
MESS/SF1V12_SCR.wav,sadness,female,F1,english
MESS/SF2V14_SCR.wav,sadness,female,F2,english
MESS/HF3V22_SCR.wav,happiness,female,F3,english
MESS/CM3V16_SCR.wav,calm,male,M3,english
MESS/AM2V20_SCR.wav,anger,male,M2,english
MESS/AM1M24_SCR.wav,anger,male,M1,english
MESS/SF1M14_SCR.wav,sadness,female,F1,english
MESS/SM3V05_SCR.wav,sadness,male,M3,english
MESS/SM2T23_SCR.wav,sadness,male,M2,english
MESS/SF2M20_SCR.wav,sadness,female,F2,english
MESS/AM1T22_SCR.wav,anger,male,M1,english
MESS/HF2V30_SCR.wav,happiness,female,F2,english
MESS/CF3V28_SCR.wav,calm,female,F3,english
MESS/SF1M18_SCR.wav,sadness,female,F1,english
MESS/SM2M23_SCR.wav,sadness,male,M2,english
MESS/HF3T09_SCR.wav,happiness,female,F3,english
MESS/CF2V28_SCR.wav,calm,female,F2,english
MESS/SM2M07_SCR.wav,sadness,male,M2,english
MESS/AF1T24_SCR.wav,anger,female,F1,english
MESS/SF1V29_SCR.wav,sadness,female,F1,english
MESS/AF2M22_SCR.wav,anger,female,F2,english
MESS/CM2T17_SCR.wav,calm,male,M2,english
MESS/SM1T24_SCR.wav,sadness,male,M1,english
MESS/SF1T15_SCR.wav,sadness,female,F1,english
MESS/HF3V27_SCR.wav,happiness,female,F3,english
MESS/AF2M05_SCR.wav,anger,female,F2,english
MESS/CM1V02_SCR.wav,calm,male,M1,english
MESS/HM1T29_SCR.wav,happiness,male,M1,english
MESS/SM1V30_SCR.wav,sadness,male,M1,english
MESS/AM3V17_SCR.wav,anger,male,M3,english
MESS/AM3T12_SCR.wav,anger,male,M3,english
MESS/HF3T11_SCR.wav,happiness,female,F3,english
MESS/CF3T03_SCR.wav,calm,female,F3,english
MESS/HM1V28_SCR.wav,happiness,male,M1,english
MESS/HF1M14_SCR.wav,happiness,female,F1,english
MESS/HM1V21_SCR.wav,happiness,male,M1,english
MESS/AM3V14_SCR.wav,anger,male,M3,english
MESS/SF3M26_SCR.wav,sadness,female,F3,english
MESS/SF3T28_SCR.wav,sadness,female,F3,english
MESS/SM3M18_SCR.wav,sadness,male,M3,english
MESS/CF2V08_SCR.wav,calm,female,F2,english
MESS/SF3V13_SCR.wav,sadness,female,F3,english
MESS/SM3M26_SCR.wav,sadness,male,M3,english
MESS/AF2V09_SCR.wav,anger,female,F2,english
MESS/AM1V19_SCR.wav,anger,male,M1,english
MESS/CM3T16_SCR.wav,calm,male,M3,english
MESS/AF3M18_SCR.wav,anger,female,F3,english
MESS/SF3V21_SCR.wav,sadness,female,F3,english
MESS/AF1T20_SCR.wav,anger,female,F1,english
MESS/SM1M19_SCR.wav,sadness,male,M1,english
MESS/AF2T09_SCR.wav,anger,female,F2,english
MESS/SM1V04_SCR.wav,sadness,male,M1,english
MESS/SM1T05_SCR.wav,sadness,male,M1,english
MESS/SF2M15_SCR.wav,sadness,female,F2,english
MESS/CF3M27_SCR.wav,calm,female,F3,english
MESS/SF3M13_SCR.wav,sadness,female,F3,english
MESS/HM1V19_SCR.wav,happiness,male,M1,english
MESS/AM1V26_SCR.wav,anger,male,M1,english
MESS/AM2T12_SCR.wav,anger,male,M2,english
MESS/AM3T23_SCR.wav,anger,male,M3,english
MESS/CF1M16_SCR.wav,calm,female,F1,english
MESS/AF2M18_SCR.wav,anger,female,F2,english
MESS/SF1V01_SCR.wav,sadness,female,F1,english
MESS/HM3T10_SCR.wav,happiness,male,M3,english
MESS/CM2M02_SCR.wav,calm,male,M2,english
MESS/HF2V07_SCR.wav,happiness,female,F2,english
MESS/CF1M05_SCR.wav,calm,female,F1,english
MESS/SM3M14_SCR.wav,sadness,male,M3,english
MESS/AM2V12_SCR.wav,anger,male,M2,english
MESS/SM1T23_SCR.wav,sadness,male,M1,english
MESS/AF1T19_SCR.wav,anger,female,F1,english
MESS/HM3M07_SCR.wav,happiness,male,M3,english
MESS/AM3M15_SCR.wav,anger,male,M3,english
MESS/HF1V13_SCR.wav,happiness,female,F1,english
MESS/SM1V01_SCR.wav,sadness,male,M1,english
MESS/HF3T16_SCR.wav,happiness,female,F3,english
MESS/CM2T20_SCR.wav,calm,male,M2,english
MESS/HM1M19_SCR.wav,happiness,male,M1,english
MESS/HF2V24_SCR.wav,happiness,female,F2,english
MESS/HF2V09_SCR.wav,happiness,female,F2,english
MESS/CF2M30_SCR.wav,calm,female,F2,english
MESS/HF1T04_SCR.wav,happiness,female,F1,english
MESS/SM3M29_SCR.wav,sadness,male,M3,english
MESS/AM2V11_SCR.wav,anger,male,M2,english
MESS/SM3V18_SCR.wav,sadness,male,M3,english
MESS/AF1T05_SCR.wav,anger,female,F1,english
MESS/CM3T23_SCR.wav,calm,male,M3,english
MESS/SM3T05_SCR.wav,sadness,male,M3,english
MESS/SF1M28_SCR.wav,sadness,female,F1,english
MESS/HF3T03_SCR.wav,happiness,female,F3,english
MESS/AM2V16_SCR.wav,anger,male,M2,english
MESS/AF2T21_SCR.wav,anger,female,F2,english
MESS/CM1T10_SCR.wav,calm,male,M1,english
MESS/HF2V15_SCR.wav,happiness,female,F2,english
MESS/CM1V04_SCR.wav,calm,male,M1,english
MESS/AF1T14_SCR.wav,anger,female,F1,english
MESS/HF1V11_SCR.wav,happiness,female,F1,english
MESS/AF1T03_SCR.wav,anger,female,F1,english
MESS/SM2V15_SCR.wav,sadness,male,M2,english
MESS/CM3M28_SCR.wav,calm,male,M3,english
MESS/CM1T03_SCR.wav,calm,male,M1,english
MESS/SM1M29_SCR.wav,sadness,male,M1,english
MESS/HF2T11_SCR.wav,happiness,female,F2,english
MESS/CF1V04_SCR.wav,calm,female,F1,english
MESS/AF3V09_SCR.wav,anger,female,F3,english
MESS/CF1T24_SCR.wav,calm,female,F1,english
MESS/SF1M15_SCR.wav,sadness,female,F1,english
MESS/CM3T13_SCR.wav,calm,male,M3,english
MESS/AF3M16_SCR.wav,anger,female,F3,english
MESS/HF1M04_SCR.wav,happiness,female,F1,english
MESS/SF1M17_SCR.wav,sadness,female,F1,english
MESS/SM3T11_SCR.wav,sadness,male,M3,english
MESS/SM1T27_SCR.wav,sadness,male,M1,english
MESS/CM1M07_SCR.wav,calm,male,M1,english
MESS/SM1T30_SCR.wav,sadness,male,M1,english
MESS/CF3V23_SCR.wav,calm,female,F3,english
MESS/HF1T19_SCR.wav,happiness,female,F1,english
MESS/CM3V05_SCR.wav,calm,male,M3,english
MESS/SM2T04_SCR.wav,sadness,male,M2,english
MESS/AF3T30_SCR.wav,anger,female,F3,english
MESS/HM1V15_SCR.wav,happiness,male,M1,english
MESS/SM2M10_SCR.wav,sadness,male,M2,english
MESS/SM3M05_SCR.wav,sadness,male,M3,english
MESS/AM2T28_SCR.wav,anger,male,M2,english
MESS/SF3V23_SCR.wav,sadness,female,F3,english
MESS/SF3T09_SCR.wav,sadness,female,F3,english
MESS/CM1T07_SCR.wav,calm,male,M1,english
MESS/CM1T25_SCR.wav,calm,male,M1,english
MESS/AF3M26_SCR.wav,anger,female,F3,english
MESS/CM3V08_SCR.wav,calm,male,M3,english
MESS/AM1M14_SCR.wav,anger,male,M1,english
MESS/HM3V13_SCR.wav,happiness,male,M3,english
MESS/CF2M17_SCR.wav,calm,female,F2,english
MESS/CM3V17_SCR.wav,calm,male,M3,english
MESS/SF3M10_SCR.wav,sadness,female,F3,english
MESS/AM1T28_SCR.wav,anger,male,M1,english
MESS/SF3T06_SCR.wav,sadness,female,F3,english
MESS/CM1M11_SCR.wav,calm,male,M1,english
MESS/SF1V06_SCR.wav,sadness,female,F1,english
MESS/SF3V18_SCR.wav,sadness,female,F3,english
MESS/AM3V04_SCR.wav,anger,male,M3,english
MESS/HF3V16_SCR.wav,happiness,female,F3,english
MESS/AM3M28_SCR.wav,anger,male,M3,english
MESS/AF2T15_SCR.wav,anger,female,F2,english
MESS/AF1M21_SCR.wav,anger,female,F1,english
MESS/SF1T10_SCR.wav,sadness,female,F1,english
MESS/CF3V13_SCR.wav,calm,female,F3,english
MESS/HM3M16_SCR.wav,happiness,male,M3,english
MESS/SM1V05_SCR.wav,sadness,male,M1,english
MESS/HF1T16_SCR.wav,happiness,female,F1,english
MESS/CF1M13_SCR.wav,calm,female,F1,english
MESS/AM2T09_SCR.wav,anger,male,M2,english
MESS/HM1M28_SCR.wav,happiness,male,M1,english
MESS/AM3V21_SCR.wav,anger,male,M3,english
MESS/HF2T24_SCR.wav,happiness,female,F2,english
MESS/AF2M23_SCR.wav,anger,female,F2,english
MESS/SF2M07_SCR.wav,sadness,female,F2,english
MESS/SF3T17_SCR.wav,sadness,female,F3,english
MESS/HF1V24_SCR.wav,happiness,female,F1,english
MESS/HF1T03_SCR.wav,happiness,female,F1,english
MESS/CM2T04_SCR.wav,calm,male,M2,english
MESS/CF1V14_SCR.wav,calm,female,F1,english
MESS/SF1T18_SCR.wav,sadness,female,F1,english
MESS/HM2T28_SCR.wav,happiness,male,M2,english
MESS/AM2T24_SCR.wav,anger,male,M2,english
MESS/AM3T22_SCR.wav,anger,male,M3,english
MESS/AM3M08_SCR.wav,anger,male,M3,english
MESS/HM2M10_SCR.wav,happiness,male,M2,english
MESS/HM3M27_SCR.wav,happiness,male,M3,english
MESS/AM2M11_SCR.wav,anger,male,M2,english
MESS/AM2V18_SCR.wav,anger,male,M2,english
MESS/CF2T27_SCR.wav,calm,female,F2,english
MESS/HM1T23_SCR.wav,happiness,male,M1,english
MESS/AF2V24_SCR.wav,anger,female,F2,english
MESS/SF2T03_SCR.wav,sadness,female,F2,english
MESS/HM2T06_SCR.wav,happiness,male,M2,english
MESS/CF2T22_SCR.wav,calm,female,F2,english
MESS/HF3V18_SCR.wav,happiness,female,F3,english
MESS/HF1M28_SCR.wav,happiness,female,F1,english
MESS/AM1V10_SCR.wav,anger,male,M1,english
MESS/CM1V25_SCR.wav,calm,male,M1,english
MESS/CM1M19_SCR.wav,calm,male,M1,english
MESS/AF1M29_SCR.wav,anger,female,F1,english
MESS/CF1M01_SCR.wav,calm,female,F1,english
MESS/SF2T13_SCR.wav,sadness,female,F2,english
MESS/AF2T11_SCR.wav,anger,female,F2,english
MESS/CM2M14_SCR.wav,calm,male,M2,english
MESS/SF2T29_SCR.wav,sadness,female,F2,english
MESS/SM2T09_SCR.wav,sadness,male,M2,english
MESS/AF1V03_SCR.wav,anger,female,F1,english
MESS/SM3M09_SCR.wav,sadness,male,M3,english
MESS/SM1M07_SCR.wav,sadness,male,M1,english
MESS/HM3V07_SCR.wav,happiness,male,M3,english
MESS/SF2T21_SCR.wav,sadness,female,F2,english
MESS/HM1V09_SCR.wav,happiness,male,M1,english
MESS/CM2V04_SCR.wav,calm,male,M2,english
MESS/HF1M23_SCR.wav,happiness,female,F1,english
MESS/HF3T20_SCR.wav,happiness,female,F3,english
MESS/HM2M11_SCR.wav,happiness,male,M2,english
MESS/AF3T22_SCR.wav,anger,female,F3,english
MESS/HF1T13_SCR.wav,happiness,female,F1,english
MESS/SF2M23_SCR.wav,sadness,female,F2,english
MESS/SM1V06_SCR.wav,sadness,male,M1,english
MESS/AM3T08_SCR.wav,anger,male,M3,english
MESS/AF3V30_SCR.wav,anger,female,F3,english
MESS/HF3M02_SCR.wav,happiness,female,F3,english
MESS/CF2T23_SCR.wav,calm,female,F2,english
MESS/CM2T02_SCR.wav,calm,male,M2,english
MESS/AM1V15_SCR.wav,anger,male,M1,english
MESS/HM2V15_SCR.wav,happiness,male,M2,english
MESS/HF2T07_SCR.wav,happiness,female,F2,english
MESS/AM3M09_SCR.wav,anger,male,M3,english
MESS/AM1M28_SCR.wav,anger,male,M1,english
MESS/AM1M10_SCR.wav,anger,male,M1,english
MESS/HM1V20_SCR.wav,happiness,male,M1,english
MESS/AM1T14_SCR.wav,anger,male,M1,english
MESS/AF2M28_SCR.wav,anger,female,F2,english
MESS/HF3T08_SCR.wav,happiness,female,F3,english
MESS/SF1M25_SCR.wav,sadness,female,F1,english
MESS/AM1M16_SCR.wav,anger,male,M1,english
MESS/AF1M02_SCR.wav,anger,female,F1,english
MESS/AF2T13_SCR.wav,anger,female,F2,english
MESS/CM1V08_SCR.wav,calm,male,M1,english
MESS/CM3T20_SCR.wav,calm,male,M3,english
MESS/CF1V01_SCR.wav,calm,female,F1,english
MESS/SF1T26_SCR.wav,sadness,female,F1,english
MESS/SM2V12_SCR.wav,sadness,male,M2,english
MESS/AF1M08_SCR.wav,anger,female,F1,english
MESS/CF3V27_SCR.wav,calm,female,F3,english
MESS/AF2T04_SCR.wav,anger,female,F2,english
MESS/SF1V10_SCR.wav,sadness,female,F1,english
MESS/AF2M09_SCR.wav,anger,female,F2,english
MESS/CF2M06_SCR.wav,calm,female,F2,english
MESS/AM2M07_SCR.wav,anger,male,M2,english
MESS/SF2M05_SCR.wav,sadness,female,F2,english
MESS/CM1V19_SCR.wav,calm,male,M1,english
MESS/AM1V18_SCR.wav,anger,male,M1,english
MESS/AF3M14_SCR.wav,anger,female,F3,english
MESS/CF2T08_SCR.wav,calm,female,F2,english
MESS/AM1M08_SCR.wav,anger,male,M1,english
MESS/AF3T03_SCR.wav,anger,female,F3,english
MESS/AF3V12_SCR.wav,anger,female,F3,english
MESS/AF3T04_SCR.wav,anger,female,F3,english
MESS/CF2T25_SCR.wav,calm,female,F2,english
MESS/SM1M04_SCR.wav,sadness,male,M1,english
MESS/CF1V23_SCR.wav,calm,female,F1,english
MESS/CM2T23_SCR.wav,calm,male,M2,english
MESS/HM2T26_SCR.wav,happiness,male,M2,english
MESS/HF1V27_SCR.wav,happiness,female,F1,english
MESS/AF3T02_SCR.wav,anger,female,F3,english
MESS/HM3V19_SCR.wav,happiness,male,M3,english
MESS/SF2V29_SCR.wav,sadness,female,F2,english
MESS/SM3V27_SCR.wav,sadness,male,M3,english
MESS/CM3M08_SCR.wav,calm,male,M3,english
MESS/HM2T27_SCR.wav,happiness,male,M2,english
MESS/SF3M21_SCR.wav,sadness,female,F3,english
MESS/HM1V07_SCR.wav,happiness,male,M1,english
MESS/HF3M20_SCR.wav,happiness,female,F3,english
MESS/HF2T27_SCR.wav,happiness,female,F2,english
MESS/SF1M11_SCR.wav,sadness,female,F1,english
MESS/SM2T11_SCR.wav,sadness,male,M2,english
MESS/SM2M19_SCR.wav,sadness,male,M2,english
MESS/HM1V01_SCR.wav,happiness,male,M1,english
MESS/AF1T26_SCR.wav,anger,female,F1,english
MESS/SM3V17_SCR.wav,sadness,male,M3,english
MESS/CM1M15_SCR.wav,calm,male,M1,english
MESS/CF1M02_SCR.wav,calm,female,F1,english
MESS/CF3V26_SCR.wav,calm,female,F3,english
MESS/CF1V20_SCR.wav,calm,female,F1,english
MESS/SM3V16_SCR.wav,sadness,male,M3,english
MESS/CM1T26_SCR.wav,calm,male,M1,english
MESS/AF2M06_SCR.wav,anger,female,F2,english
MESS/HM1M22_SCR.wav,happiness,male,M1,english
MESS/AM1M11_SCR.wav,anger,male,M1,english
MESS/SF2M27_SCR.wav,sadness,female,F2,english
MESS/SF2V17_SCR.wav,sadness,female,F2,english
MESS/CM3T03_SCR.wav,calm,male,M3,english
MESS/HF2M23_SCR.wav,happiness,female,F2,english
MESS/HM2V25_SCR.wav,happiness,male,M2,english
MESS/SM1T03_SCR.wav,sadness,male,M1,english
MESS/AF3T18_SCR.wav,anger,female,F3,english
MESS/HF3V29_SCR.wav,happiness,female,F3,english
MESS/SM3V10_SCR.wav,sadness,male,M3,english
MESS/AF3V20_SCR.wav,anger,female,F3,english
MESS/CM2V29_SCR.wav,calm,male,M2,english
MESS/SM3V19_SCR.wav,sadness,male,M3,english
MESS/AM1V30_SCR.wav,anger,male,M1,english
MESS/CM3T12_SCR.wav,calm,male,M3,english
MESS/HM1T14_SCR.wav,happiness,male,M1,english
MESS/SM2M20_SCR.wav,sadness,male,M2,english
MESS/CF3T05_SCR.wav,calm,female,F3,english
MESS/CF3T23_SCR.wav,calm,female,F3,english
MESS/SM2T25_SCR.wav,sadness,male,M2,english
MESS/CF2T24_SCR.wav,calm,female,F2,english
MESS/CF3T29_SCR.wav,calm,female,F3,english
MESS/SM2V25_SCR.wav,sadness,male,M2,english
MESS/HM3M15_SCR.wav,happiness,male,M3,english
MESS/SF3T19_SCR.wav,sadness,female,F3,english
MESS/HF2M19_SCR.wav,happiness,female,F2,english
MESS/SM3V01_SCR.wav,sadness,male,M3,english
MESS/AF1T13_SCR.wav,anger,female,F1,english
MESS/AM3T11_SCR.wav,anger,male,M3,english
MESS/AM3M22_SCR.wav,anger,male,M3,english
MESS/AF2M19_SCR.wav,anger,female,F2,english
MESS/CM2V05_SCR.wav,calm,male,M2,english
MESS/CM1M22_SCR.wav,calm,male,M1,english
MESS/AF3M07_SCR.wav,anger,female,F3,english
MESS/SM3T10_SCR.wav,sadness,male,M3,english
MESS/CF1V10_SCR.wav,calm,female,F1,english
MESS/AF2V12_SCR.wav,anger,female,F2,english
MESS/HF1T07_SCR.wav,happiness,female,F1,english
MESS/HM3T26_SCR.wav,happiness,male,M3,english
MESS/AF3M01_SCR.wav,anger,female,F3,english
MESS/SF1M01_SCR.wav,sadness,female,F1,english
MESS/SM1V23_SCR.wav,sadness,male,M1,english
MESS/CM3M02_SCR.wav,calm,male,M3,english
MESS/AF2M25_SCR.wav,anger,female,F2,english
MESS/AM2V09_SCR.wav,anger,male,M2,english
MESS/HF1M19_SCR.wav,happiness,female,F1,english
MESS/SM1T28_SCR.wav,sadness,male,M1,english
MESS/CM1T12_SCR.wav,calm,male,M1,english
MESS/SF1M27_SCR.wav,sadness,female,F1,english
MESS/CF2V06_SCR.wav,calm,female,F2,english
MESS/CM1V24_SCR.wav,calm,male,M1,english
MESS/CF3M13_SCR.wav,calm,female,F3,english
MESS/CM1V26_SCR.wav,calm,male,M1,english
MESS/SF1T05_SCR.wav,sadness,female,F1,english
MESS/AF1T02_SCR.wav,anger,female,F1,english
MESS/SM1M18_SCR.wav,sadness,male,M1,english
MESS/CM3T15_SCR.wav,calm,male,M3,english
MESS/HM2M15_SCR.wav,happiness,male,M2,english
MESS/HF3T22_SCR.wav,happiness,female,F3,english
MESS/AM2T03_SCR.wav,anger,male,M2,english
MESS/SM2M30_SCR.wav,sadness,male,M2,english
MESS/SF1V04_SCR.wav,sadness,female,F1,english
MESS/CM3T02_SCR.wav,calm,male,M3,english
MESS/HF2M22_SCR.wav,happiness,female,F2,english
MESS/CM1M10_SCR.wav,calm,male,M1,english
MESS/CF3V24_SCR.wav,calm,female,F3,english
MESS/AF3T06_SCR.wav,anger,female,F3,english
MESS/CF2T05_SCR.wav,calm,female,F2,english
MESS/AF3V04_SCR.wav,anger,female,F3,english
MESS/CM1V20_SCR.wav,calm,male,M1,english
MESS/SM2V10_SCR.wav,sadness,male,M2,english
MESS/CM3M19_SCR.wav,calm,male,M3,english
MESS/CM1T21_SCR.wav,calm,male,M1,english
MESS/HF1T06_SCR.wav,happiness,female,F1,english
MESS/CF2M20_SCR.wav,calm,female,F2,english
MESS/SF3T02_SCR.wav,sadness,female,F3,english
MESS/CF2V29_SCR.wav,calm,female,F2,english
MESS/HM1T30_SCR.wav,happiness,male,M1,english
MESS/HF3V28_SCR.wav,happiness,female,F3,english
MESS/AM3T27_SCR.wav,anger,male,M3,english
MESS/HM2M14_SCR.wav,happiness,male,M2,english
MESS/HM2M09_SCR.wav,happiness,male,M2,english
MESS/CM3V04_SCR.wav,calm,male,M3,english
MESS/SF1V14_SCR.wav,sadness,female,F1,english
MESS/AF3T17_SCR.wav,anger,female,F3,english
MESS/AF3V17_SCR.wav,anger,female,F3,english
MESS/SF2V10_SCR.wav,sadness,female,F2,english
MESS/CM3T05_SCR.wav,calm,male,M3,english
MESS/CM3V10_SCR.wav,calm,male,M3,english
MESS/HM3V02_SCR.wav,happiness,male,M3,english
MESS/AM1V29_SCR.wav,anger,male,M1,english
MESS/AF3M13_SCR.wav,anger,female,F3,english
MESS/SF2T24_SCR.wav,sadness,female,F2,english
MESS/AM2V27_SCR.wav,anger,male,M2,english
MESS/CM2M01_SCR.wav,calm,male,M2,english
MESS/SM3V21_SCR.wav,sadness,male,M3,english
MESS/AF1T23_SCR.wav,anger,female,F1,english
MESS/SM1T29_SCR.wav,sadness,male,M1,english
MESS/SM2T13_SCR.wav,sadness,male,M2,english
MESS/HM2V21_SCR.wav,happiness,male,M2,english
MESS/AF2T25_SCR.wav,anger,female,F2,english
MESS/CF3M03_SCR.wav,calm,female,F3,english
MESS/HF1M02_SCR.wav,happiness,female,F1,english
MESS/AM3V23_SCR.wav,anger,male,M3,english
MESS/AF3T26_SCR.wav,anger,female,F3,english
MESS/SF3V26_SCR.wav,sadness,female,F3,english
MESS/HM1T20_SCR.wav,happiness,male,M1,english
MESS/CF3T30_SCR.wav,calm,female,F3,english
MESS/HM1V12_SCR.wav,happiness,male,M1,english
MESS/HF2V05_SCR.wav,happiness,female,F2,english
MESS/AM2M26_SCR.wav,anger,male,M2,english
MESS/CF1T16_SCR.wav,calm,female,F1,english
MESS/HM2M24_SCR.wav,happiness,male,M2,english
MESS/CF3V10_SCR.wav,calm,female,F3,english
MESS/HM2M03_SCR.wav,happiness,male,M2,english
MESS/HM1V27_SCR.wav,happiness,male,M1,english
MESS/CM3V06_SCR.wav,calm,male,M3,english
MESS/CF3V09_SCR.wav,calm,female,F3,english
MESS/AM1V13_SCR.wav,anger,male,M1,english
MESS/HM1T17_SCR.wav,happiness,male,M1,english
MESS/SM3V03_SCR.wav,sadness,male,M3,english
MESS/SF3M16_SCR.wav,sadness,female,F3,english
MESS/CM2M19_SCR.wav,calm,male,M2,english
MESS/AF1M15_SCR.wav,anger,female,F1,english
MESS/CM3M27_SCR.wav,calm,male,M3,english
MESS/AF1V01_SCR.wav,anger,female,F1,english
MESS/CF3V07_SCR.wav,calm,female,F3,english
MESS/HM1T11_SCR.wav,happiness,male,M1,english
MESS/HM2T18_SCR.wav,happiness,male,M2,english
MESS/HM2V26_SCR.wav,happiness,male,M2,english
MESS/HF1M05_SCR.wav,happiness,female,F1,english
MESS/AM2M17_SCR.wav,anger,male,M2,english
MESS/SF3M08_SCR.wav,sadness,female,F3,english
MESS/CF3M07_SCR.wav,calm,female,F3,english
MESS/SM1T13_SCR.wav,sadness,male,M1,english
MESS/AM3T20_SCR.wav,anger,male,M3,english
MESS/HM3M12_SCR.wav,happiness,male,M3,english
MESS/AF1V07_SCR.wav,anger,female,F1,english
MESS/SM2T21_SCR.wav,sadness,male,M2,english
MESS/AF3T19_SCR.wav,anger,female,F3,english
MESS/SF2M26_SCR.wav,sadness,female,F2,english
MESS/AM2M24_SCR.wav,anger,male,M2,english
MESS/SM1T06_SCR.wav,sadness,male,M1,english
MESS/CF3M01_SCR.wav,calm,female,F3,english
MESS/SM2V04_SCR.wav,sadness,male,M2,english
MESS/HF2T02_SCR.wav,happiness,female,F2,english
MESS/CM1V11_SCR.wav,calm,male,M1,english
MESS/CM1V16_SCR.wav,calm,male,M1,english
MESS/HF2M11_SCR.wav,happiness,female,F2,english
MESS/HF3V17_SCR.wav,happiness,female,F3,english
MESS/HF2M27_SCR.wav,happiness,female,F2,english
MESS/HM1V03_SCR.wav,happiness,male,M1,english
MESS/HM1V06_SCR.wav,happiness,male,M1,english
MESS/HF2T15_SCR.wav,happiness,female,F2,english
MESS/HM3V27_SCR.wav,happiness,male,M3,english
MESS/SM2M06_SCR.wav,sadness,male,M2,english
MESS/CF2T03_SCR.wav,calm,female,F2,english
MESS/AM3M24_SCR.wav,anger,male,M3,english
MESS/CF1T29_SCR.wav,calm,female,F1,english
MESS/HM1V18_SCR.wav,happiness,male,M1,english
MESS/SM2M18_SCR.wav,sadness,male,M2,english
MESS/CF1M26_SCR.wav,calm,female,F1,english
MESS/AF1M05_SCR.wav,anger,female,F1,english
MESS/HM3M09_SCR.wav,happiness,male,M3,english
MESS/HF2T18_SCR.wav,happiness,female,F2,english
MESS/HF1V17_SCR.wav,happiness,female,F1,english
MESS/SM3M25_SCR.wav,sadness,male,M3,english
MESS/SF2V04_SCR.wav,sadness,female,F2,english
MESS/CM1V17_SCR.wav,calm,male,M1,english
MESS/SF2V28_SCR.wav,sadness,female,F2,english
MESS/SM2V16_SCR.wav,sadness,male,M2,english
MESS/AM1M03_SCR.wav,anger,male,M1,english
MESS/HM3M26_SCR.wav,happiness,male,M3,english
MESS/CM3V22_SCR.wav,calm,male,M3,english
MESS/HM3T12_SCR.wav,happiness,male,M3,english
MESS/CF3V16_SCR.wav,calm,female,F3,english
MESS/CF1T20_SCR.wav,calm,female,F1,english
MESS/AF3M27_SCR.wav,anger,female,F3,english
MESS/AF3M08_SCR.wav,anger,female,F3,english
MESS/HM3V30_SCR.wav,happiness,male,M3,english
MESS/SF1T30_SCR.wav,sadness,female,F1,english
MESS/CM2T15_SCR.wav,calm,male,M2,english
MESS/AF2T14_SCR.wav,anger,female,F2,english
MESS/CF3V04_SCR.wav,calm,female,F3,english
MESS/SM2T07_SCR.wav,sadness,male,M2,english
MESS/SF3V03_SCR.wav,sadness,female,F3,english
MESS/CF2T28_SCR.wav,calm,female,F2,english
MESS/CF1T22_SCR.wav,calm,female,F1,english
MESS/AM1T25_SCR.wav,anger,male,M1,english
MESS/AM2M20_SCR.wav,anger,male,M2,english
MESS/AM2M01_SCR.wav,anger,male,M2,english
MESS/AF3M22_SCR.wav,anger,female,F3,english
MESS/AM2T13_SCR.wav,anger,male,M2,english
MESS/SM3M30_SCR.wav,sadness,male,M3,english
MESS/AF1T25_SCR.wav,anger,female,F1,english
MESS/CM1T14_SCR.wav,calm,male,M1,english
MESS/SM1M17_SCR.wav,sadness,male,M1,english
MESS/HM2V19_SCR.wav,happiness,male,M2,english
MESS/SM3V07_SCR.wav,sadness,male,M3,english
MESS/CF3M09_SCR.wav,calm,female,F3,english
MESS/SF1M03_SCR.wav,sadness,female,F1,english
MESS/CF2V26_SCR.wav,calm,female,F2,english
MESS/AF1V02_SCR.wav,anger,female,F1,english
MESS/AM1V25_SCR.wav,anger,male,M1,english
MESS/CF1T18_SCR.wav,calm,female,F1,english
MESS/AF2T30_SCR.wav,anger,female,F2,english
MESS/AF2V06_SCR.wav,anger,female,F2,english
MESS/SM2T24_SCR.wav,sadness,male,M2,english
MESS/HM3T17_SCR.wav,happiness,male,M3,english
MESS/AF2V05_SCR.wav,anger,female,F2,english
MESS/HF1V04_SCR.wav,happiness,female,F1,english
MESS/AM3T05_SCR.wav,anger,male,M3,english
MESS/HF3M22_SCR.wav,happiness,female,F3,english
MESS/SM1T19_SCR.wav,sadness,male,M1,english
MESS/HM1T25_SCR.wav,happiness,male,M1,english
MESS/SF3M19_SCR.wav,sadness,female,F3,english
MESS/SF1T23_SCR.wav,sadness,female,F1,english
MESS/AF1V04_SCR.wav,anger,female,F1,english
MESS/AM3T04_SCR.wav,anger,male,M3,english
MESS/SF1T19_SCR.wav,sadness,female,F1,english
MESS/HF3M18_SCR.wav,happiness,female,F3,english
MESS/SM2M01_SCR.wav,sadness,male,M2,english
MESS/CF1V02_SCR.wav,calm,female,F1,english
MESS/HF1T14_SCR.wav,happiness,female,F1,english
MESS/AM1T16_SCR.wav,anger,male,M1,english
MESS/HF3M16_SCR.wav,happiness,female,F3,english
MESS/AF3V01_SCR.wav,anger,female,F3,english
MESS/CF3T24_SCR.wav,calm,female,F3,english
MESS/SM3M17_SCR.wav,sadness,male,M3,english
MESS/AF1V28_SCR.wav,anger,female,F1,english
MESS/CM2T14_SCR.wav,calm,male,M2,english
MESS/CM1M05_SCR.wav,calm,male,M1,english
MESS/HF1T21_SCR.wav,happiness,female,F1,english
MESS/HF3V12_SCR.wav,happiness,female,F3,english
MESS/CM1V30_SCR.wav,calm,male,M1,english
MESS/HF3T21_SCR.wav,happiness,female,F3,english
MESS/HM2M28_SCR.wav,happiness,male,M2,english
MESS/SF2M16_SCR.wav,sadness,female,F2,english
MESS/SF3V09_SCR.wav,sadness,female,F3,english
MESS/CF2M05_SCR.wav,calm,female,F2,english
MESS/CM2V18_SCR.wav,calm,male,M2,english
MESS/HM3V09_SCR.wav,happiness,male,M3,english
MESS/CF3M25_SCR.wav,calm,female,F3,english
MESS/SF3T20_SCR.wav,sadness,female,F3,english
MESS/SF3V24_SCR.wav,sadness,female,F3,english
MESS/HM1T01_SCR.wav,happiness,male,M1,english
MESS/HF1T27_SCR.wav,happiness,female,F1,english
MESS/AM3V30_SCR.wav,anger,male,M3,english
MESS/CM2M05_SCR.wav,calm,male,M2,english
MESS/AF3V14_SCR.wav,anger,female,F3,english
MESS/CM2M11_SCR.wav,calm,male,M2,english
MESS/AM1M23_SCR.wav,anger,male,M1,english
MESS/CF3T26_SCR.wav,calm,female,F3,english
MESS/AM1V27_SCR.wav,anger,male,M1,english
MESS/CF3M19_SCR.wav,calm,female,F3,english
MESS/AM3V27_SCR.wav,anger,male,M3,english
MESS/CM2M22_SCR.wav,calm,male,M2,english
MESS/SF3M11_SCR.wav,sadness,female,F3,english
MESS/AM2V07_SCR.wav,anger,male,M2,english
MESS/AM1T12_SCR.wav,anger,male,M1,english
MESS/SF1M02_SCR.wav,sadness,female,F1,english
MESS/HM3T06_SCR.wav,happiness,male,M3,english
MESS/AM1V16_SCR.wav,anger,male,M1,english
MESS/CM3M06_SCR.wav,calm,male,M3,english
MESS/AF3V02_SCR.wav,anger,female,F3,english
MESS/CF1V08_SCR.wav,calm,female,F1,english
MESS/SF2V15_SCR.wav,sadness,female,F2,english
MESS/SF2V21_SCR.wav,sadness,female,F2,english
MESS/SM3T15_SCR.wav,sadness,male,M3,english
MESS/CF3T18_SCR.wav,calm,female,F3,english
MESS/HM3T21_SCR.wav,happiness,male,M3,english
MESS/HM1V16_SCR.wav,happiness,male,M1,english
MESS/SM1V28_SCR.wav,sadness,male,M1,english
MESS/HF3V15_SCR.wav,happiness,female,F3,english
MESS/AF3T01_SCR.wav,anger,female,F3,english
MESS/SM1V02_SCR.wav,sadness,male,M1,english
MESS/CF2V10_SCR.wav,calm,female,F2,english
MESS/HF2T08_SCR.wav,happiness,female,F2,english
MESS/HF1V01_SCR.wav,happiness,female,F1,english
MESS/CM1T08_SCR.wav,calm,male,M1,english
MESS/AM1T13_SCR.wav,anger,male,M1,english
MESS/SM1V10_SCR.wav,sadness,male,M1,english
MESS/CF2M22_SCR.wav,calm,female,F2,english
MESS/CF1M12_SCR.wav,calm,female,F1,english
MESS/HF2M20_SCR.wav,happiness,female,F2,english
MESS/AM1T27_SCR.wav,anger,male,M1,english
MESS/CM2T19_SCR.wav,calm,male,M2,english
MESS/CF1M07_SCR.wav,calm,female,F1,english
MESS/CM3M23_SCR.wav,calm,male,M3,english
MESS/AM3T18_SCR.wav,anger,male,M3,english
MESS/SF1M26_SCR.wav,sadness,female,F1,english
MESS/SM1V12_SCR.wav,sadness,male,M1,english
MESS/SM1M23_SCR.wav,sadness,male,M1,english
MESS/SF1M22_SCR.wav,sadness,female,F1,english
MESS/SM1V25_SCR.wav,sadness,male,M1,english
MESS/CM2M23_SCR.wav,calm,male,M2,english
MESS/HM2M04_SCR.wav,happiness,male,M2,english
MESS/HM3V18_SCR.wav,happiness,male,M3,english
MESS/HF1M06_SCR.wav,happiness,female,F1,english
MESS/AF3M20_SCR.wav,anger,female,F3,english
MESS/AF2T22_SCR.wav,anger,female,F2,english
MESS/SF2M25_SCR.wav,sadness,female,F2,english
MESS/HF2T29_SCR.wav,happiness,female,F2,english
MESS/SM3V25_SCR.wav,sadness,male,M3,english
MESS/HM3V17_SCR.wav,happiness,male,M3,english
MESS/SM3T02_SCR.wav,sadness,male,M3,english
MESS/SM1M08_SCR.wav,sadness,male,M1,english
MESS/AM3V20_SCR.wav,anger,male,M3,english
MESS/AF2V29_SCR.wav,anger,female,F2,english
MESS/SM1M13_SCR.wav,sadness,male,M1,english
MESS/HM1M29_SCR.wav,happiness,male,M1,english
MESS/CM1M06_SCR.wav,calm,male,M1,english
MESS/HF1V30_SCR.wav,happiness,female,F1,english
MESS/AF2V23_SCR.wav,anger,female,F2,english
MESS/HM1T04_SCR.wav,happiness,male,M1,english
MESS/CF2V30_SCR.wav,calm,female,F2,english
MESS/CF1V18_SCR.wav,calm,female,F1,english
MESS/AF2V13_SCR.wav,anger,female,F2,english
MESS/HM1T22_SCR.wav,happiness,male,M1,english
MESS/CM3M18_SCR.wav,calm,male,M3,english
MESS/AM2M13_SCR.wav,anger,male,M2,english
MESS/CM1T20_SCR.wav,calm,male,M1,english
MESS/AM2T07_SCR.wav,anger,male,M2,english
MESS/CM2M08_SCR.wav,calm,male,M2,english
MESS/SF1T14_SCR.wav,sadness,female,F1,english
MESS/CM2T01_SCR.wav,calm,male,M2,english
MESS/AF3V13_SCR.wav,anger,female,F3,english
MESS/CF2V13_SCR.wav,calm,female,F2,english
MESS/CM3T17_SCR.wav,calm,male,M3,english
MESS/CM1V09_SCR.wav,calm,male,M1,english
MESS/SF1V20_SCR.wav,sadness,female,F1,english
MESS/HM3T18_SCR.wav,happiness,male,M3,english
MESS/CM1V06_SCR.wav,calm,male,M1,english
MESS/CF1M21_SCR.wav,calm,female,F1,english
MESS/HM3M03_SCR.wav,happiness,male,M3,english
MESS/CM2M30_SCR.wav,calm,male,M2,english
MESS/CF2M11_SCR.wav,calm,female,F2,english
MESS/CF2M03_SCR.wav,calm,female,F2,english
MESS/HM1M14_SCR.wav,happiness,male,M1,english
MESS/AM2M04_SCR.wav,anger,male,M2,english
MESS/CF2M16_SCR.wav,calm,female,F2,english
MESS/AM3V08_SCR.wav,anger,male,M3,english
MESS/HM1M21_SCR.wav,happiness,male,M1,english
MESS/HF3M06_SCR.wav,happiness,female,F3,english
MESS/HM2T22_SCR.wav,happiness,male,M2,english
MESS/CF1V17_SCR.wav,calm,female,F1,english
MESS/HM1T08_SCR.wav,happiness,male,M1,english
MESS/AF3V19_SCR.wav,anger,female,F3,english
MESS/HM2T16_SCR.wav,happiness,male,M2,english
MESS/AF2V26_SCR.wav,anger,female,F2,english
MESS/HF1M22_SCR.wav,happiness,female,F1,english
MESS/CF1M27_SCR.wav,calm,female,F1,english
MESS/CM2T07_SCR.wav,calm,male,M2,english
MESS/AM3T06_SCR.wav,anger,male,M3,english
MESS/HM2V10_SCR.wav,happiness,male,M2,english
MESS/SF1T22_SCR.wav,sadness,female,F1,english
MESS/HF3M15_SCR.wav,happiness,female,F3,english
MESS/AF3V18_SCR.wav,anger,female,F3,english
MESS/AF2V10_SCR.wav,anger,female,F2,english
MESS/SF3T24_SCR.wav,sadness,female,F3,english
MESS/AF1M19_SCR.wav,anger,female,F1,english
MESS/AF3M29_SCR.wav,anger,female,F3,english
MESS/HF2T30_SCR.wav,happiness,female,F2,english
MESS/CM2V17_SCR.wav,calm,male,M2,english
MESS/AF1T10_SCR.wav,anger,female,F1,english
MESS/HM2M08_SCR.wav,happiness,male,M2,english
MESS/AM2T29_SCR.wav,anger,male,M2,english
MESS/CM3M30_SCR.wav,calm,male,M3,english
MESS/SM3M03_SCR.wav,sadness,male,M3,english
MESS/CM2T03_SCR.wav,calm,male,M2,english
MESS/SM1T11_SCR.wav,sadness,male,M1,english
MESS/HF1V14_SCR.wav,happiness,female,F1,english
MESS/CM1M24_SCR.wav,calm,male,M1,english
MESS/HM2T24_SCR.wav,happiness,male,M2,english
MESS/SF2T11_SCR.wav,sadness,female,F2,english
MESS/SF3T22_SCR.wav,sadness,female,F3,english
MESS/CM1V10_SCR.wav,calm,male,M1,english
MESS/CM1V14_SCR.wav,calm,male,M1,english
MESS/AF1T16_SCR.wav,anger,female,F1,english
MESS/CF1V22_SCR.wav,calm,female,F1,english
MESS/AF2V30_SCR.wav,anger,female,F2,english
MESS/HF1M27_SCR.wav,happiness,female,F1,english
MESS/AM1V23_SCR.wav,anger,male,M1,english
MESS/SF2V08_SCR.wav,sadness,female,F2,english
MESS/SM1M22_SCR.wav,sadness,male,M1,english
MESS/AM1V17_SCR.wav,anger,male,M1,english
MESS/CF2M26_SCR.wav,calm,female,F2,english
MESS/CM1T22_SCR.wav,calm,male,M1,english
MESS/CM3M21_SCR.wav,calm,male,M3,english
MESS/HM1M04_SCR.wav,happiness,male,M1,english
MESS/AM1T04_SCR.wav,anger,male,M1,english
MESS/HF2T23_SCR.wav,happiness,female,F2,english
MESS/HM3V20_SCR.wav,happiness,male,M3,english
MESS/AF3M06_SCR.wav,anger,female,F3,english
MESS/AF1T11_SCR.wav,anger,female,F1,english
MESS/SM1V16_SCR.wav,sadness,male,M1,english
MESS/HM1T16_SCR.wav,happiness,male,M1,english
MESS/HF2V22_SCR.wav,happiness,female,F2,english
MESS/CM1T04_SCR.wav,calm,male,M1,english
MESS/SM3M16_SCR.wav,sadness,male,M3,english
MESS/HF2M30_SCR.wav,happiness,female,F2,english
MESS/HF3V25_SCR.wav,happiness,female,F3,english
MESS/AM2T05_SCR.wav,anger,male,M2,english
MESS/SF1T08_SCR.wav,sadness,female,F1,english
MESS/SF2M14_SCR.wav,sadness,female,F2,english
MESS/CF3M06_SCR.wav,calm,female,F3,english
MESS/SF2V27_SCR.wav,sadness,female,F2,english
MESS/SF3M09_SCR.wav,sadness,female,F3,english
MESS/CM3M26_SCR.wav,calm,male,M3,english
MESS/CF2V22_SCR.wav,calm,female,F2,english
MESS/AF2M30_SCR.wav,anger,female,F2,english
MESS/HM1T24_SCR.wav,happiness,male,M1,english
MESS/SM1M11_SCR.wav,sadness,male,M1,english
MESS/SF3V12_SCR.wav,sadness,female,F3,english
MESS/HF3M28_SCR.wav,happiness,female,F3,english
MESS/SF1T20_SCR.wav,sadness,female,F1,english
MESS/AF2T18_SCR.wav,anger,female,F2,english
MESS/HM2V23_SCR.wav,happiness,male,M2,english
MESS/AM3T29_SCR.wav,anger,male,M3,english
MESS/CM2V28_SCR.wav,calm,male,M2,english
MESS/CM2M20_SCR.wav,calm,male,M2,english
MESS/SF3M22_SCR.wav,sadness,female,F3,english
MESS/SF2T23_SCR.wav,sadness,female,F2,english
MESS/AF1M10_SCR.wav,anger,female,F1,english
MESS/CF1T15_SCR.wav,calm,female,F1,english
MESS/SF1V15_SCR.wav,sadness,female,F1,english
MESS/AM2T02_SCR.wav,anger,male,M2,english
MESS/AF1M11_SCR.wav,anger,female,F1,english
MESS/SF1M19_SCR.wav,sadness,female,F1,english
MESS/AF2M04_SCR.wav,anger,female,F2,english
MESS/AF1M03_SCR.wav,anger,female,F1,english
MESS/AM2M18_SCR.wav,anger,male,M2,english
MESS/SF1T11_SCR.wav,sadness,female,F1,english
MESS/HF1M09_SCR.wav,happiness,female,F1,english
MESS/AM2M12_SCR.wav,anger,male,M2,english
MESS/HF1V18_SCR.wav,happiness,female,F1,english
MESS/HM3M08_SCR.wav,happiness,male,M3,english
MESS/AF2V14_SCR.wav,anger,female,F2,english
MESS/AF2T02_SCR.wav,anger,female,F2,english
MESS/SM1T17_SCR.wav,sadness,male,M1,english
MESS/HM2V07_SCR.wav,happiness,male,M2,english
MESS/SF2T16_SCR.wav,sadness,female,F2,english
MESS/SM2M12_SCR.wav,sadness,male,M2,english
MESS/HM3V08_SCR.wav,happiness,male,M3,english
MESS/SM3V04_SCR.wav,sadness,male,M3,english
MESS/SF2V24_SCR.wav,sadness,female,F2,english
MESS/CF2T13_SCR.wav,calm,female,F2,english
MESS/HM3M30_SCR.wav,happiness,male,M3,english
MESS/SM3V13_SCR.wav,sadness,male,M3,english
MESS/SF2T06_SCR.wav,sadness,female,F2,english
MESS/HM2M01_SCR.wav,happiness,male,M2,english
MESS/CF1M17_SCR.wav,calm,female,F1,english
MESS/HF3V01_SCR.wav,happiness,female,F3,english
MESS/SF1T06_SCR.wav,sadness,female,F1,english
MESS/CM2M28_SCR.wav,calm,male,M2,english
MESS/AF1M04_SCR.wav,anger,female,F1,english
MESS/HF2V04_SCR.wav,happiness,female,F2,english
MESS/CF2T17_SCR.wav,calm,female,F2,english
MESS/HM3T19_SCR.wav,happiness,male,M3,english
MESS/CM3V15_SCR.wav,calm,male,M3,english
MESS/HF1V09_SCR.wav,happiness,female,F1,english
MESS/SM2M02_SCR.wav,sadness,male,M2,english
MESS/SM3T22_SCR.wav,sadness,male,M3,english
MESS/CM1M01_SCR.wav,calm,male,M1,english
MESS/AM3T30_SCR.wav,anger,male,M3,english
MESS/SM3V08_SCR.wav,sadness,male,M3,english
MESS/SF2M17_SCR.wav,sadness,female,F2,english
MESS/SM1M25_SCR.wav,sadness,male,M1,english
MESS/CF3V11_SCR.wav,calm,female,F3,english
MESS/CM1T01_SCR.wav,calm,male,M1,english
MESS/SM1V03_SCR.wav,sadness,male,M1,english
MESS/AM3V02_SCR.wav,anger,male,M3,english
MESS/AF2V27_SCR.wav,anger,female,F2,english
MESS/SM3T06_SCR.wav,sadness,male,M3,english
MESS/CM3V21_SCR.wav,calm,male,M3,english
MESS/HM2T11_SCR.wav,happiness,male,M2,english
MESS/HF3M17_SCR.wav,happiness,female,F3,english
MESS/AM1V02_SCR.wav,anger,male,M1,english
MESS/SF2V11_SCR.wav,sadness,female,F2,english
MESS/AF3V28_SCR.wav,anger,female,F3,english
MESS/AM3M07_SCR.wav,anger,male,M3,english
MESS/CM2T30_SCR.wav,calm,male,M2,english
MESS/HM3T05_SCR.wav,happiness,male,M3,english
MESS/SM1T15_SCR.wav,sadness,male,M1,english
MESS/AM1M04_SCR.wav,anger,male,M1,english
MESS/HM2V11_SCR.wav,happiness,male,M2,english
MESS/CF2T04_SCR.wav,calm,female,F2,english
MESS/HM2V12_SCR.wav,happiness,male,M2,english
MESS/SF1V27_SCR.wav,sadness,female,F1,english
MESS/HF2V01_SCR.wav,happiness,female,F2,english
MESS/SM2T08_SCR.wav,sadness,male,M2,english
MESS/SM1T25_SCR.wav,sadness,male,M1,english
MESS/AM3M05_SCR.wav,anger,male,M3,english
MESS/HF3M08_SCR.wav,happiness,female,F3,english
MESS/AM3M17_SCR.wav,anger,male,M3,english
MESS/AM1V08_SCR.wav,anger,male,M1,english
MESS/SM3M06_SCR.wav,sadness,male,M3,english
MESS/AM3V09_SCR.wav,anger,male,M3,english
MESS/SM3V09_SCR.wav,sadness,male,M3,english
MESS/HM3M24_SCR.wav,happiness,male,M3,english
MESS/AF3V26_SCR.wav,anger,female,F3,english
MESS/SF3V16_SCR.wav,sadness,female,F3,english
MESS/CM3T07_SCR.wav,calm,male,M3,english
MESS/AM3M20_SCR.wav,anger,male,M3,english
MESS/HF3V19_SCR.wav,happiness,female,F3,english
MESS/CM1T18_SCR.wav,calm,male,M1,english
MESS/AM1T30_SCR.wav,anger,male,M1,english
MESS/AM1M09_SCR.wav,anger,male,M1,english
MESS/AM2V24_SCR.wav,anger,male,M2,english
MESS/AM3T14_SCR.wav,anger,male,M3,english
MESS/HM3V01_SCR.wav,happiness,male,M3,english
MESS/SM2M29_SCR.wav,sadness,male,M2,english
MESS/HF1T15_SCR.wav,happiness,female,F1,english
MESS/AF1V06_SCR.wav,anger,female,F1,english
MESS/CM3T08_SCR.wav,calm,male,M3,english
MESS/HM3V14_SCR.wav,happiness,male,M3,english
MESS/AF2T19_SCR.wav,anger,female,F2,english
MESS/HF1M10_SCR.wav,happiness,female,F1,english
MESS/AM3M29_SCR.wav,anger,male,M3,english
MESS/HF3V09_SCR.wav,happiness,female,F3,english
MESS/SM2T29_SCR.wav,sadness,male,M2,english
MESS/AF3M25_SCR.wav,anger,female,F3,english
MESS/AM2M15_SCR.wav,anger,male,M2,english
MESS/CM1T17_SCR.wav,calm,male,M1,english
MESS/HM1M25_SCR.wav,happiness,male,M1,english
MESS/SF1M07_SCR.wav,sadness,female,F1,english
MESS/CF2V21_SCR.wav,calm,female,F2,english
MESS/HM2V28_SCR.wav,happiness,male,M2,english
MESS/HF1V23_SCR.wav,happiness,female,F1,english
MESS/CF2V20_SCR.wav,calm,female,F2,english
MESS/SM3T07_SCR.wav,sadness,male,M3,english
MESS/HM2M05_SCR.wav,happiness,male,M2,english
MESS/SF2M08_SCR.wav,sadness,female,F2,english
MESS/CF3V19_SCR.wav,calm,female,F3,english
MESS/HM2T23_SCR.wav,happiness,male,M2,english
MESS/SM1T02_SCR.wav,sadness,male,M1,english
MESS/HF1V20_SCR.wav,happiness,female,F1,english
MESS/SM3T18_SCR.wav,sadness,male,M3,english
MESS/CM3T27_SCR.wav,calm,male,M3,english
MESS/HM2T09_SCR.wav,happiness,male,M2,english
MESS/SF1V21_SCR.wav,sadness,female,F1,english
MESS/CM1V03_SCR.wav,calm,male,M1,english
MESS/SF1V16_SCR.wav,sadness,female,F1,english
MESS/AF2M07_SCR.wav,anger,female,F2,english
MESS/CF1V07_SCR.wav,calm,female,F1,english
MESS/AF2M26_SCR.wav,anger,female,F2,english
MESS/CM2M17_SCR.wav,calm,male,M2,english
MESS/HM3T04_SCR.wav,happiness,male,M3,english
MESS/HM2T25_SCR.wav,happiness,male,M2,english
MESS/AM3V11_SCR.wav,anger,male,M3,english
MESS/SM2M27_SCR.wav,sadness,male,M2,english
MESS/HF1T18_SCR.wav,happiness,female,F1,english
MESS/CF1T17_SCR.wav,calm,female,F1,english
MESS/CF2V07_SCR.wav,calm,female,F2,english
MESS/AF1T07_SCR.wav,anger,female,F1,english
MESS/HM2M18_SCR.wav,happiness,male,M2,english
MESS/HM1M20_SCR.wav,happiness,male,M1,english
MESS/AM3T01_SCR.wav,anger,male,M3,english
MESS/SM1T01_SCR.wav,sadness,male,M1,english
MESS/HM3M21_SCR.wav,happiness,male,M3,english
MESS/AF3V06_SCR.wav,anger,female,F3,english
MESS/AM3V18_SCR.wav,anger,male,M3,english
MESS/CM2V20_SCR.wav,calm,male,M2,english
MESS/SM3M28_SCR.wav,sadness,male,M3,english
MESS/HM3V24_SCR.wav,happiness,male,M3,english
MESS/CF1V19_SCR.wav,calm,female,F1,english
MESS/AM3V22_SCR.wav,anger,male,M3,english
MESS/CF1M09_SCR.wav,calm,female,F1,english
MESS/AF2M10_SCR.wav,anger,female,F2,english
MESS/HF3T28_SCR.wav,happiness,female,F3,english
MESS/SM3T20_SCR.wav,sadness,male,M3,english
MESS/CF1V27_SCR.wav,calm,female,F1,english
MESS/AM2M25_SCR.wav,anger,male,M2,english
MESS/CF2M28_SCR.wav,calm,female,F2,english
MESS/AF3T14_SCR.wav,anger,female,F3,english
MESS/CM3V11_SCR.wav,calm,male,M3,english
MESS/CM3V23_SCR.wav,calm,male,M3,english
MESS/CF1V16_SCR.wav,calm,female,F1,english
MESS/CM1M23_SCR.wav,calm,male,M1,english
MESS/CF3V12_SCR.wav,calm,female,F3,english
MESS/CF2T14_SCR.wav,calm,female,F2,english
MESS/HF1V06_SCR.wav,happiness,female,F1,english
MESS/HM1T06_SCR.wav,happiness,male,M1,english
MESS/CF3M11_SCR.wav,calm,female,F3,english
MESS/HM1M03_SCR.wav,happiness,male,M1,english
MESS/CF3M16_SCR.wav,calm,female,F3,english
MESS/SF3V29_SCR.wav,sadness,female,F3,english
MESS/AM2M06_SCR.wav,anger,male,M2,english
MESS/SF3V15_SCR.wav,sadness,female,F3,english
MESS/SF1V18_SCR.wav,sadness,female,F1,english
MESS/AM1M30_SCR.wav,anger,male,M1,english
MESS/HF2T22_SCR.wav,happiness,female,F2,english
MESS/HF1V26_SCR.wav,happiness,female,F1,english
MESS/AF1V27_SCR.wav,anger,female,F1,english
MESS/CF3M23_SCR.wav,calm,female,F3,english
MESS/AM2V28_SCR.wav,anger,male,M2,english
MESS/CF2T30_SCR.wav,calm,female,F2,english
MESS/HM2T12_SCR.wav,happiness,male,M2,english
MESS/AF1M20_SCR.wav,anger,female,F1,english
MESS/AM1M13_SCR.wav,anger,male,M1,english
MESS/HF3M12_SCR.wav,happiness,female,F3,english
MESS/CF2M07_SCR.wav,calm,female,F2,english
MESS/CM3T18_SCR.wav,calm,male,M3,english
MESS/HF2M03_SCR.wav,happiness,female,F2,english
MESS/CF2V19_SCR.wav,calm,female,F2,english
MESS/CF3T04_SCR.wav,calm,female,F3,english
MESS/SF2T19_SCR.wav,sadness,female,F2,english
MESS/HF3T17_SCR.wav,happiness,female,F3,english
MESS/SM1V15_SCR.wav,sadness,male,M1,english
MESS/CF3V15_SCR.wav,calm,female,F3,english
MESS/SF3V25_SCR.wav,sadness,female,F3,english
MESS/AF2M20_SCR.wav,anger,female,F2,english
MESS/CM1V05_SCR.wav,calm,male,M1,english
MESS/SF2T26_SCR.wav,sadness,female,F2,english
MESS/CM3V26_SCR.wav,calm,male,M3,english
MESS/AM2T14_SCR.wav,anger,male,M2,english
MESS/SM2V17_SCR.wav,sadness,male,M2,english
MESS/HF3M21_SCR.wav,happiness,female,F3,english
MESS/CF3M18_SCR.wav,calm,female,F3,english
MESS/HF2V29_SCR.wav,happiness,female,F2,english
MESS/AM3V15_SCR.wav,anger,male,M3,english
MESS/AF3M24_SCR.wav,anger,female,F3,english
MESS/CM1M04_SCR.wav,calm,male,M1,english
MESS/AF3M30_SCR.wav,anger,female,F3,english
MESS/CF1M11_SCR.wav,calm,female,F1,english
MESS/AM1V20_SCR.wav,anger,male,M1,english
MESS/SF2V12_SCR.wav,sadness,female,F2,english
MESS/AF3V24_SCR.wav,anger,female,F3,english
MESS/CM2M09_SCR.wav,calm,male,M2,english
MESS/SF1M08_SCR.wav,sadness,female,F1,english
MESS/HF3M01_SCR.wav,happiness,female,F3,english
MESS/HF3V08_SCR.wav,happiness,female,F3,english
MESS/SF1T02_SCR.wav,sadness,female,F1,english
MESS/SF3V17_SCR.wav,sadness,female,F3,english
MESS/AF3M12_SCR.wav,anger,female,F3,english
MESS/SM1M12_SCR.wav,sadness,male,M1,english
MESS/AM2T26_SCR.wav,anger,male,M2,english
MESS/CF2V15_SCR.wav,calm,female,F2,english
MESS/SM2M14_SCR.wav,sadness,male,M2,english
MESS/HM2V30_SCR.wav,happiness,male,M2,english
MESS/HM2V17_SCR.wav,happiness,male,M2,english
MESS/CF1T14_SCR.wav,calm,female,F1,english
MESS/SF3T16_SCR.wav,sadness,female,F3,english
MESS/CF1M06_SCR.wav,calm,female,F1,english
MESS/SM1M21_SCR.wav,sadness,male,M1,english
MESS/AM3M13_SCR.wav,anger,male,M3,english
MESS/SF2T25_SCR.wav,sadness,female,F2,english
MESS/AF2M12_SCR.wav,anger,female,F2,english
MESS/SM3T17_SCR.wav,sadness,male,M3,english
MESS/CF1T04_SCR.wav,calm,female,F1,english
MESS/HM3M28_SCR.wav,happiness,male,M3,english
MESS/SF2M24_SCR.wav,sadness,female,F2,english
MESS/SF3T10_SCR.wav,sadness,female,F3,english
MESS/CF3T09_SCR.wav,calm,female,F3,english
MESS/CF3M20_SCR.wav,calm,female,F3,english
MESS/HF2V18_SCR.wav,happiness,female,F2,english
MESS/AM2M05_SCR.wav,anger,male,M2,english
MESS/SF1M06_SCR.wav,sadness,female,F1,english
MESS/SM3V20_SCR.wav,sadness,male,M3,english
MESS/CM2T28_SCR.wav,calm,male,M2,english
MESS/HF2M28_SCR.wav,happiness,female,F2,english
MESS/AF3T11_SCR.wav,anger,female,F3,english
MESS/SF1M10_SCR.wav,sadness,female,F1,english
MESS/HF2M25_SCR.wav,happiness,female,F2,english
MESS/CM2T06_SCR.wav,calm,male,M2,english
MESS/HM1M13_SCR.wav,happiness,male,M1,english
MESS/AF3T21_SCR.wav,anger,female,F3,english
MESS/HM2T13_SCR.wav,happiness,male,M2,english
MESS/HF3T15_SCR.wav,happiness,female,F3,english
MESS/HF3T07_SCR.wav,happiness,female,F3,english
MESS/SF2V26_SCR.wav,sadness,female,F2,english
MESS/AF2V08_SCR.wav,anger,female,F2,english
MESS/CM1M02_SCR.wav,calm,male,M1,english
MESS/AM2V30_SCR.wav,anger,male,M2,english
MESS/SM3M02_SCR.wav,sadness,male,M3,english
MESS/AF3T13_SCR.wav,anger,female,F3,english
MESS/SF2T15_SCR.wav,sadness,female,F2,english
MESS/SF2M10_SCR.wav,sadness,female,F2,english
MESS/SF3T29_SCR.wav,sadness,female,F3,english
MESS/HF3T04_SCR.wav,happiness,female,F3,english
MESS/HF1T28_SCR.wav,happiness,female,F1,english
MESS/CM3T09_SCR.wav,calm,male,M3,english
MESS/AF1T28_SCR.wav,anger,female,F1,english
MESS/SM3T19_SCR.wav,sadness,male,M3,english
MESS/HM1M24_SCR.wav,happiness,male,M1,english
MESS/CF3T17_SCR.wav,calm,female,F3,english
MESS/HM1M26_SCR.wav,happiness,male,M1,english
MESS/SF3M25_SCR.wav,sadness,female,F3,english
MESS/SM3T13_SCR.wav,sadness,male,M3,english
MESS/AF3T07_SCR.wav,anger,female,F3,english
MESS/SM3T27_SCR.wav,sadness,male,M3,english
MESS/AF1T12_SCR.wav,anger,female,F1,english
MESS/CF2T01_SCR.wav,calm,female,F2,english
MESS/HF1T23_SCR.wav,happiness,female,F1,english
MESS/SF2T09_SCR.wav,sadness,female,F2,english
MESS/SM2V22_SCR.wav,sadness,male,M2,english
MESS/HM2M27_SCR.wav,happiness,male,M2,english
MESS/AF1M18_SCR.wav,anger,female,F1,english
MESS/CF1T06_SCR.wav,calm,female,F1,english
MESS/HM2V06_SCR.wav,happiness,male,M2,english
MESS/HF2T04_SCR.wav,happiness,female,F2,english
MESS/CF3T06_SCR.wav,calm,female,F3,english
MESS/SF3M01_SCR.wav,sadness,female,F3,english
MESS/CF3T25_SCR.wav,calm,female,F3,english
MESS/HF1M26_SCR.wav,happiness,female,F1,english
MESS/AM2V13_SCR.wav,anger,male,M2,english
MESS/AF1M25_SCR.wav,anger,female,F1,english
MESS/AM1M25_SCR.wav,anger,male,M1,english
MESS/CF2V27_SCR.wav,calm,female,F2,english
MESS/HM3T08_SCR.wav,happiness,male,M3,english
MESS/HM2M16_SCR.wav,happiness,male,M2,english
MESS/AF3T09_SCR.wav,anger,female,F3,english
MESS/AM3T13_SCR.wav,anger,male,M3,english
MESS/CM1V12_SCR.wav,calm,male,M1,english
MESS/AM2M10_SCR.wav,anger,male,M2,english
MESS/AM1T24_SCR.wav,anger,male,M1,english
MESS/HM2T21_SCR.wav,happiness,male,M2,english
MESS/AM1M27_SCR.wav,anger,male,M1,english
MESS/AF1V30_SCR.wav,anger,female,F1,english
MESS/SM3T25_SCR.wav,sadness,male,M3,english
MESS/AF1M14_SCR.wav,anger,female,F1,english
MESS/AM2V21_SCR.wav,anger,male,M2,english
MESS/CF1M08_SCR.wav,calm,female,F1,english
MESS/AF2V02_SCR.wav,anger,female,F2,english
MESS/SF2T30_SCR.wav,sadness,female,F2,english
MESS/CF3V14_SCR.wav,calm,female,F3,english
MESS/CM2V25_SCR.wav,calm,male,M2,english
MESS/CF1M14_SCR.wav,calm,female,F1,english
MESS/SM2T30_SCR.wav,sadness,male,M2,english
MESS/CM2T12_SCR.wav,calm,male,M2,english
MESS/CM1V18_SCR.wav,calm,male,M1,english
MESS/HF1T29_SCR.wav,happiness,female,F1,english
MESS/SM2M03_SCR.wav,sadness,male,M2,english
MESS/AM2V19_SCR.wav,anger,male,M2,english
MESS/HF3M26_SCR.wav,happiness,female,F3,english
MESS/CF1V26_SCR.wav,calm,female,F1,english
MESS/CM2T18_SCR.wav,calm,male,M2,english
MESS/SM2M05_SCR.wav,sadness,male,M2,english
MESS/CM3M05_SCR.wav,calm,male,M3,english
MESS/SF2V06_SCR.wav,sadness,female,F2,english
MESS/CF2V01_SCR.wav,calm,female,F2,english
MESS/CM1T05_SCR.wav,calm,male,M1,english
MESS/AF1V12_SCR.wav,anger,female,F1,english
MESS/CM3T29_SCR.wav,calm,male,M3,english
MESS/HM3T27_SCR.wav,happiness,male,M3,english
MESS/HF3M07_SCR.wav,happiness,female,F3,english
MESS/CM3V20_SCR.wav,calm,male,M3,english
MESS/SF3T12_SCR.wav,sadness,female,F3,english
MESS/SF2V30_SCR.wav,sadness,female,F2,english
MESS/AF1M27_SCR.wav,anger,female,F1,english
MESS/SM3M21_SCR.wav,sadness,male,M3,english
MESS/CF3M10_SCR.wav,calm,female,F3,english
MESS/SM2V27_SCR.wav,sadness,male,M2,english
MESS/CM1M03_SCR.wav,calm,male,M1,english
MESS/HM2M29_SCR.wav,happiness,male,M2,english
MESS/SF3T15_SCR.wav,sadness,female,F3,english
MESS/AF1M16_SCR.wav,anger,female,F1,english
MESS/CF3T14_SCR.wav,calm,female,F3,english
MESS/SM1M14_SCR.wav,sadness,male,M1,english
MESS/AF2T26_SCR.wav,anger,female,F2,english
MESS/CF2T12_SCR.wav,calm,female,F2,english
MESS/SF3M14_SCR.wav,sadness,female,F3,english
MESS/HF3V24_SCR.wav,happiness,female,F3,english
MESS/AF3T05_SCR.wav,anger,female,F3,english
MESS/AF3M02_SCR.wav,anger,female,F3,english
MESS/AF3M17_SCR.wav,anger,female,F3,english
MESS/AM1M19_SCR.wav,anger,male,M1,english
MESS/HM3V03_SCR.wav,happiness,male,M3,english
MESS/HF2M16_SCR.wav,happiness,female,F2,english
MESS/CF2T19_SCR.wav,calm,female,F2,english
MESS/CF2V17_SCR.wav,calm,female,F2,english
MESS/CF1T03_SCR.wav,calm,female,F1,english
MESS/SM2T05_SCR.wav,sadness,male,M2,english
MESS/SF1V13_SCR.wav,sadness,female,F1,english
MESS/SM3V12_SCR.wav,sadness,male,M3,english
MESS/SM1T16_SCR.wav,sadness,male,M1,english
MESS/HF1V25_SCR.wav,happiness,female,F1,english
MESS/CM3M01_SCR.wav,calm,male,M3,english
MESS/AF2V18_SCR.wav,anger,female,F2,english
MESS/AF3V08_SCR.wav,anger,female,F3,english
MESS/AF1V08_SCR.wav,anger,female,F1,english
MESS/AF1M23_SCR.wav,anger,female,F1,english
MESS/CF2M18_SCR.wav,calm,female,F2,english
MESS/CF2V24_SCR.wav,calm,female,F2,english
MESS/CM3M20_SCR.wav,calm,male,M3,english
MESS/SF3V14_SCR.wav,sadness,female,F3,english
MESS/HF2T03_SCR.wav,happiness,female,F2,english
MESS/CF3T11_SCR.wav,calm,female,F3,english
MESS/SM2T10_SCR.wav,sadness,male,M2,english
MESS/CM2M04_SCR.wav,calm,male,M2,english
MESS/AF3V29_SCR.wav,anger,female,F3,english
MESS/AM3T28_SCR.wav,anger,male,M3,english
MESS/HM3M10_SCR.wav,happiness,male,M3,english
MESS/CM2V27_SCR.wav,calm,male,M2,english
MESS/HM3M06_SCR.wav,happiness,male,M3,english
MESS/SF1M29_SCR.wav,sadness,female,F1,english
MESS/HM1V29_SCR.wav,happiness,male,M1,english
MESS/CM3T10_SCR.wav,calm,male,M3,english
MESS/CF2T16_SCR.wav,calm,female,F2,english
MESS/AM3M27_SCR.wav,anger,male,M3,english
MESS/HF2T20_SCR.wav,happiness,female,F2,english
MESS/CF2M04_SCR.wav,calm,female,F2,english
MESS/AM3V16_SCR.wav,anger,male,M3,english
MESS/AF3M21_SCR.wav,anger,female,F3,english
MESS/SM3M04_SCR.wav,sadness,male,M3,english
MESS/HM1T03_SCR.wav,happiness,male,M1,english
MESS/SM2V06_SCR.wav,sadness,male,M2,english
MESS/HM2M21_SCR.wav,happiness,male,M2,english
MESS/SF3V20_SCR.wav,sadness,female,F3,english
MESS/AF1M01_SCR.wav,anger,female,F1,english
MESS/SM2T19_SCR.wav,sadness,male,M2,english
MESS/HM3T30_SCR.wav,happiness,male,M3,english
MESS/CM2T22_SCR.wav,calm,male,M2,english
MESS/AM3M18_SCR.wav,anger,male,M3,english
MESS/AF1V15_SCR.wav,anger,female,F1,english
MESS/CM2V23_SCR.wav,calm,male,M2,english
MESS/CM1T19_SCR.wav,calm,male,M1,english
MESS/AF2T16_SCR.wav,anger,female,F2,english
MESS/AM1T07_SCR.wav,anger,male,M1,english
MESS/CF3V02_SCR.wav,calm,female,F3,english
MESS/HF1T05_SCR.wav,happiness,female,F1,english
MESS/CF1T12_SCR.wav,calm,female,F1,english
MESS/HM3T20_SCR.wav,happiness,male,M3,english
MESS/SF3M23_SCR.wav,sadness,female,F3,english
MESS/HF2T12_SCR.wav,happiness,female,F2,english
MESS/SF2M12_SCR.wav,sadness,female,F2,english
MESS/HF3T13_SCR.wav,happiness,female,F3,english
MESS/CM3V02_SCR.wav,calm,male,M3,english
MESS/AF1T17_SCR.wav,anger,female,F1,english
MESS/HM3T14_SCR.wav,happiness,male,M3,english
MESS/CM2V22_SCR.wav,calm,male,M2,english
MESS/SF3V10_SCR.wav,sadness,female,F3,english
MESS/HF2V16_SCR.wav,happiness,female,F2,english
MESS/AF2V21_SCR.wav,anger,female,F2,english
MESS/SM2M15_SCR.wav,sadness,male,M2,english
MESS/HM1M27_SCR.wav,happiness,male,M1,english
MESS/HM3M18_SCR.wav,happiness,male,M3,english
MESS/CM2V13_SCR.wav,calm,male,M2,english
MESS/HM1M07_SCR.wav,happiness,male,M1,english
MESS/SM3V28_SCR.wav,sadness,male,M3,english
MESS/SM3M13_SCR.wav,sadness,male,M3,english
MESS/CF3V30_SCR.wav,calm,female,F3,english
MESS/CM3T04_SCR.wav,calm,male,M3,english
MESS/AM3M12_SCR.wav,anger,male,M3,english
MESS/SF2V09_SCR.wav,sadness,female,F2,english
MESS/AM1M26_SCR.wav,anger,male,M1,english
MESS/AM1T21_SCR.wav,anger,male,M1,english
MESS/HF3T30_SCR.wav,happiness,female,F3,english
MESS/HM2M13_SCR.wav,happiness,male,M2,english
MESS/HM2T14_SCR.wav,happiness,male,M2,english
MESS/SF1T04_SCR.wav,sadness,female,F1,english
MESS/HM1T09_SCR.wav,happiness,male,M1,english
MESS/SF2M30_SCR.wav,sadness,female,F2,english
MESS/CM3T06_SCR.wav,calm,male,M3,english
MESS/CM1M09_SCR.wav,calm,male,M1,english
MESS/AM2T01_SCR.wav,anger,male,M2,english
MESS/HF3T14_SCR.wav,happiness,female,F3,english
MESS/SF3M29_SCR.wav,sadness,female,F3,english
MESS/CM2V12_SCR.wav,calm,male,M2,english
MESS/CF1M19_SCR.wav,calm,female,F1,english
MESS/SF2V23_SCR.wav,sadness,female,F2,english
MESS/CM3M09_SCR.wav,calm,male,M3,english
MESS/SM1T22_SCR.wav,sadness,male,M1,english
MESS/CF3M26_SCR.wav,calm,female,F3,english
MESS/CM2V24_SCR.wav,calm,male,M2,english
MESS/AF2V01_SCR.wav,anger,female,F2,english
MESS/CM3V27_SCR.wav,calm,male,M3,english
MESS/HM3M01_SCR.wav,happiness,male,M3,english
MESS/SF1V07_SCR.wav,sadness,female,F1,english
MESS/AM2T08_SCR.wav,anger,male,M2,english
MESS/AF1M24_SCR.wav,anger,female,F1,english
MESS/CM3M15_SCR.wav,calm,male,M3,english
MESS/AF1T06_SCR.wav,anger,female,F1,english
MESS/HF2T17_SCR.wav,happiness,female,F2,english
MESS/SM2V07_SCR.wav,sadness,male,M2,english
MESS/AF3V10_SCR.wav,anger,female,F3,english
MESS/AM3T25_SCR.wav,anger,male,M3,english
MESS/AM3V10_SCR.wav,anger,male,M3,english
MESS/CF3T28_SCR.wav,calm,female,F3,english
MESS/CM1V27_SCR.wav,calm,male,M1,english
MESS/HM1V25_SCR.wav,happiness,male,M1,english
MESS/CF2M27_SCR.wav,calm,female,F2,english
MESS/AF2T27_SCR.wav,anger,female,F2,english
MESS/HM1V17_SCR.wav,happiness,male,M1,english
MESS/AF3V15_SCR.wav,anger,female,F3,english
MESS/CF2T10_SCR.wav,calm,female,F2,english
MESS/HF1M29_SCR.wav,happiness,female,F1,english
MESS/SF2T12_SCR.wav,sadness,female,F2,english
MESS/AF1V17_SCR.wav,anger,female,F1,english
MESS/AF3V11_SCR.wav,anger,female,F3,english
MESS/AF2V11_SCR.wav,anger,female,F2,english
MESS/SF1V08_SCR.wav,sadness,female,F1,english
MESS/CF2M25_SCR.wav,calm,female,F2,english
MESS/HM1M15_SCR.wav,happiness,male,M1,english
MESS/SM1V19_SCR.wav,sadness,male,M1,english
MESS/SM1M20_SCR.wav,sadness,male,M1,english
MESS/AM1V22_SCR.wav,anger,male,M1,english
MESS/SM3V15_SCR.wav,sadness,male,M3,english
MESS/HM2V20_SCR.wav,happiness,male,M2,english
MESS/SF2T14_SCR.wav,sadness,female,F2,english
MESS/AM1V05_SCR.wav,anger,male,M1,english
MESS/AF3M04_SCR.wav,anger,female,F3,english
MESS/CF2M23_SCR.wav,calm,female,F2,english
MESS/HM1M10_SCR.wav,happiness,male,M1,english
MESS/HM1V23_SCR.wav,happiness,male,M1,english
MESS/CM1M27_SCR.wav,calm,male,M1,english
MESS/HF1T26_SCR.wav,happiness,female,F1,english
MESS/SM2V21_SCR.wav,sadness,male,M2,english
MESS/HF1V02_SCR.wav,happiness,female,F1,english
MESS/SF1T24_SCR.wav,sadness,female,F1,english
MESS/SF3V19_SCR.wav,sadness,female,F3,english
MESS/CM1T09_SCR.wav,calm,male,M1,english
MESS/HF2T13_SCR.wav,happiness,female,F2,english
MESS/HM3V05_SCR.wav,happiness,male,M3,english
MESS/HM3T29_SCR.wav,happiness,male,M3,english
MESS/SF1V03_SCR.wav,sadness,female,F1,english
MESS/SF1T03_SCR.wav,sadness,female,F1,english
MESS/AF2M24_SCR.wav,anger,female,F2,english
MESS/CM2T24_SCR.wav,calm,male,M2,english
MESS/HM2T30_SCR.wav,happiness,male,M2,english
MESS/AF1M28_SCR.wav,anger,female,F1,english
MESS/HF1V07_SCR.wav,happiness,female,F1,english
MESS/HF3V11_SCR.wav,happiness,female,F3,english
MESS/CM2T09_SCR.wav,calm,male,M2,english
MESS/HF3T01_SCR.wav,happiness,female,F3,english
MESS/AM2V03_SCR.wav,anger,male,M2,english
MESS/HF3M24_SCR.wav,happiness,female,F3,english
MESS/AF1T01_SCR.wav,anger,female,F1,english
MESS/SF3V30_SCR.wav,sadness,female,F3,english
MESS/HF1V16_SCR.wav,happiness,female,F1,english
MESS/HM1M02_SCR.wav,happiness,male,M1,english
MESS/HF3M09_SCR.wav,happiness,female,F3,english
MESS/SF1V23_SCR.wav,sadness,female,F1,english
MESS/CM2T21_SCR.wav,calm,male,M2,english
MESS/SM3V06_SCR.wav,sadness,male,M3,english
MESS/HF3T18_SCR.wav,happiness,female,F3,english
MESS/AM3M02_SCR.wav,anger,male,M3,english
MESS/HF2V12_SCR.wav,happiness,female,F2,english
MESS/HF1T11_SCR.wav,happiness,female,F1,english
MESS/SF1M21_SCR.wav,sadness,female,F1,english
MESS/HF1V19_SCR.wav,happiness,female,F1,english
MESS/AM2V02_SCR.wav,anger,male,M2,english
MESS/SF3V27_SCR.wav,sadness,female,F3,english
MESS/CF3V08_SCR.wav,calm,female,F3,english
MESS/AF2V17_SCR.wav,anger,female,F2,english
MESS/CF2M29_SCR.wav,calm,female,F2,english
MESS/SF3M30_SCR.wav,sadness,female,F3,english
MESS/AF3T20_SCR.wav,anger,female,F3,english
MESS/SF3T07_SCR.wav,sadness,female,F3,english
MESS/CF2T26_SCR.wav,calm,female,F2,english
MESS/HF3T23_SCR.wav,happiness,female,F3,english
MESS/CM2V08_SCR.wav,calm,male,M2,english
MESS/CM2V14_SCR.wav,calm,male,M2,english
MESS/AF1V13_SCR.wav,anger,female,F1,english
MESS/HM2M06_SCR.wav,happiness,male,M2,english
MESS/HF3T05_SCR.wav,happiness,female,F3,english
MESS/AF2T12_SCR.wav,anger,female,F2,english
MESS/AF1V23_SCR.wav,anger,female,F1,english
MESS/AM1T26_SCR.wav,anger,male,M1,english
MESS/SF2M03_SCR.wav,sadness,female,F2,english
MESS/CM3M13_SCR.wav,calm,male,M3,english
MESS/SF1V11_SCR.wav,sadness,female,F1,english
MESS/AF3M09_SCR.wav,anger,female,F3,english
MESS/SM1M03_SCR.wav,sadness,male,M1,english
MESS/CF1M25_SCR.wav,calm,female,F1,english
MESS/AM3M19_SCR.wav,anger,male,M3,english
MESS/SF1M04_SCR.wav,sadness,female,F1,english
MESS/CF3V06_SCR.wav,calm,female,F3,english
MESS/CF3T07_SCR.wav,calm,female,F3,english
MESS/AM1M05_SCR.wav,anger,male,M1,english
MESS/AM1M18_SCR.wav,anger,male,M1,english
MESS/AF3M03_SCR.wav,anger,female,F3,english
MESS/HF3M04_SCR.wav,happiness,female,F3,english
MESS/HF3M10_SCR.wav,happiness,female,F3,english
MESS/SF3T11_SCR.wav,sadness,female,F3,english
MESS/AM2T20_SCR.wav,anger,male,M2,english
MESS/AM1V11_SCR.wav,anger,male,M1,english
MESS/SM3V24_SCR.wav,sadness,male,M3,english
MESS/HF3V30_SCR.wav,happiness,female,F3,english
MESS/HF2V17_SCR.wav,happiness,female,F2,english
MESS/HF3V05_SCR.wav,happiness,female,F3,english
MESS/SF1M12_SCR.wav,sadness,female,F1,english
MESS/CM3T01_SCR.wav,calm,male,M3,english
MESS/HM2M17_SCR.wav,happiness,male,M2,english
MESS/SF3T26_SCR.wav,sadness,female,F3,english
MESS/AF2T06_SCR.wav,anger,female,F2,english
MESS/HM3M17_SCR.wav,happiness,male,M3,english
MESS/SF3M27_SCR.wav,sadness,female,F3,english
MESS/CM2M10_SCR.wav,calm,male,M2,english
MESS/CM3M11_SCR.wav,calm,male,M3,english
MESS/HM2V09_SCR.wav,happiness,male,M2,english
MESS/SF2M06_SCR.wav,sadness,female,F2,english
MESS/HF2T05_SCR.wav,happiness,female,F2,english
MESS/AM1V21_SCR.wav,anger,male,M1,english
MESS/HM2T15_SCR.wav,happiness,male,M2,english
MESS/SM3M08_SCR.wav,sadness,male,M3,english
MESS/HM2T04_SCR.wav,happiness,male,M2,english
MESS/SM3M27_SCR.wav,sadness,male,M3,english
MESS/HF3T19_SCR.wav,happiness,female,F3,english
MESS/HM3T23_SCR.wav,happiness,male,M3,english
MESS/SM3T04_SCR.wav,sadness,male,M3,english
MESS/AF3M28_SCR.wav,anger,female,F3,english
MESS/HM2V05_SCR.wav,happiness,male,M2,english
MESS/CM3V01_SCR.wav,calm,male,M3,english
MESS/SM1M28_SCR.wav,sadness,male,M1,english
MESS/CM1T29_SCR.wav,calm,male,M1,english
MESS/CM1M21_SCR.wav,calm,male,M1,english
MESS/HF2T21_SCR.wav,happiness,female,F2,english
MESS/CF2M24_SCR.wav,calm,female,F2,english
MESS/AF2V07_SCR.wav,anger,female,F2,english
MESS/SM3T24_SCR.wav,sadness,male,M3,english
MESS/SM2V09_SCR.wav,sadness,male,M2,english
MESS/CM1T16_SCR.wav,calm,male,M1,english
MESS/AM2T22_SCR.wav,anger,male,M2,english
MESS/HF3V14_SCR.wav,happiness,female,F3,english
MESS/CM2T08_SCR.wav,calm,male,M2,english
MESS/SF1V02_SCR.wav,sadness,female,F1,english
MESS/SM2V24_SCR.wav,sadness,male,M2,english
MESS/AF2M03_SCR.wav,anger,female,F2,english
MESS/AM1T23_SCR.wav,anger,male,M1,english
MESS/HM3V28_SCR.wav,happiness,male,M3,english
MESS/SM2M21_SCR.wav,sadness,male,M2,english
MESS/CF2T06_SCR.wav,calm,female,F2,english
MESS/SF3V01_SCR.wav,sadness,female,F3,english
MESS/SM2M09_SCR.wav,sadness,male,M2,english
MESS/HF1M30_SCR.wav,happiness,female,F1,english
MESS/CM3M07_SCR.wav,calm,male,M3,english
MESS/HF2M21_SCR.wav,happiness,female,F2,english
MESS/CM3T11_SCR.wav,calm,male,M3,english
MESS/HM2M22_SCR.wav,happiness,male,M2,english
MESS/SM1V20_SCR.wav,sadness,male,M1,english
MESS/CF3M14_SCR.wav,calm,female,F3,english
MESS/HF2V19_SCR.wav,happiness,female,F2,english
MESS/SM2T17_SCR.wav,sadness,male,M2,english
MESS/CM1M16_SCR.wav,calm,male,M1,english
MESS/CF2V18_SCR.wav,calm,female,F2,english
MESS/SM3M07_SCR.wav,sadness,male,M3,english
MESS/AF2M13_SCR.wav,anger,female,F2,english
MESS/SM2V05_SCR.wav,sadness,male,M2,english
MESS/HF1T20_SCR.wav,happiness,female,F1,english
MESS/HM2V29_SCR.wav,happiness,male,M2,english
MESS/AM3M01_SCR.wav,anger,male,M3,english
MESS/SF3T27_SCR.wav,sadness,female,F3,english
MESS/HM2V22_SCR.wav,happiness,male,M2,english
MESS/AM3T15_SCR.wav,anger,male,M3,english
MESS/AF1V20_SCR.wav,anger,female,F1,english
MESS/SF2V22_SCR.wav,sadness,female,F2,english
MESS/HM3T25_SCR.wav,happiness,male,M3,english
MESS/AM3M30_SCR.wav,anger,male,M3,english
MESS/HM3T09_SCR.wav,happiness,male,M3,english
MESS/HM1V04_SCR.wav,happiness,male,M1,english
MESS/SF1V22_SCR.wav,sadness,female,F1,english
MESS/HF2M26_SCR.wav,happiness,female,F2,english
MESS/SF2M19_SCR.wav,sadness,female,F2,english
MESS/CM3V03_SCR.wav,calm,male,M3,english
MESS/SM1V07_SCR.wav,sadness,male,M1,english
MESS/AM2T17_SCR.wav,anger,male,M2,english
MESS/AM3V25_SCR.wav,anger,male,M3,english
MESS/SF2T08_SCR.wav,sadness,female,F2,english
MESS/CF3V05_SCR.wav,calm,female,F3,english
MESS/SM2T15_SCR.wav,sadness,male,M2,english
MESS/CM3M25_SCR.wav,calm,male,M3,english
MESS/AM2M30_SCR.wav,anger,male,M2,english
MESS/AF3T12_SCR.wav,anger,female,F3,english
MESS/HM1M12_SCR.wav,happiness,male,M1,english
MESS/SF2V03_SCR.wav,sadness,female,F2,english
MESS/CF1M15_SCR.wav,calm,female,F1,english
MESS/AM2T04_SCR.wav,anger,male,M2,english
MESS/AF3V27_SCR.wav,anger,female,F3,english
MESS/CM2M24_SCR.wav,calm,male,M2,english
MESS/AM3V29_SCR.wav,anger,male,M3,english
MESS/AM1M15_SCR.wav,anger,male,M1,english
MESS/CF1T11_SCR.wav,calm,female,F1,english
MESS/HF2M15_SCR.wav,happiness,female,F2,english
MESS/HF3V20_SCR.wav,happiness,female,F3,english
MESS/HM3V11_SCR.wav,happiness,male,M3,english
MESS/AF2T08_SCR.wav,anger,female,F2,english
MESS/SM2V20_SCR.wav,sadness,male,M2,english
MESS/SM2T22_SCR.wav,sadness,male,M2,english
MESS/SM2V18_SCR.wav,sadness,male,M2,english
MESS/HF1M15_SCR.wav,happiness,female,F1,english
MESS/AM2T19_SCR.wav,anger,male,M2,english
MESS/AF2V22_SCR.wav,anger,female,F2,english
MESS/CF3T12_SCR.wav,calm,female,F3,english
MESS/CF2M21_SCR.wav,calm,female,F2,english
MESS/HF3T29_SCR.wav,happiness,female,F3,english
MESS/SM2T20_SCR.wav,sadness,male,M2,english
MESS/HM3M20_SCR.wav,happiness,male,M3,english
MESS/HM2V01_SCR.wav,happiness,male,M2,english
MESS/SF1T25_SCR.wav,sadness,female,F1,english
MESS/AF2T01_SCR.wav,anger,female,F2,english
