file,emotion,speaker,gender
./Actor_20/03-01-08-02-01-01-20.wav,surprise,20,female
./Actor_20/03-01-06-01-02-02-20.wav,fear,20,female
./Actor_20/03-01-04-01-02-02-20.wav,sad,20,female
./Actor_20/03-01-06-02-01-02-20.wav,fear,20,female
./Actor_20/03-01-07-01-01-01-20.wav,disgust,20,female
./Actor_20/03-01-04-01-01-02-20.wav,sad,20,female
./Actor_20/03-01-04-01-01-01-20.wav,sad,20,female
./Actor_20/03-01-06-01-02-01-20.wav,fear,20,female
./Actor_20/03-01-07-01-02-01-20.wav,disgust,20,female
./Actor_20/03-01-04-02-01-01-20.wav,sad,20,female
./Actor_20/03-01-07-02-02-02-20.wav,disgust,20,female
./Actor_20/03-01-03-02-02-02-20.wav,happy,20,female
./Actor_20/03-01-02-01-02-02-20.wav,calm,20,female
./Actor_20/03-01-04-02-01-02-20.wav,sad,20,female
./Actor_20/03-01-08-01-01-01-20.wav,surprise,20,female
./Actor_20/03-01-02-02-01-01-20.wav,calm,20,female
./Actor_20/03-01-08-02-01-02-20.wav,surprise,20,female
./Actor_20/03-01-07-02-01-01-20.wav,disgust,20,female
./Actor_20/03-01-08-02-02-02-20.wav,surprise,20,female
./Actor_20/03-01-02-02-02-01-20.wav,calm,20,female
./Actor_20/03-01-07-01-02-02-20.wav,disgust,20,female
./Actor_20/03-01-01-01-01-01-20.wav,neutral,20,female
./Actor_20/03-01-02-02-01-02-20.wav,calm,20,female
./Actor_20/03-01-06-01-01-01-20.wav,fear,20,female
./Actor_20/03-01-01-01-01-02-20.wav,neutral,20,female
./Actor_20/03-01-06-02-01-01-20.wav,fear,20,female
./Actor_20/03-01-03-02-01-02-20.wav,happy,20,female
./Actor_20/03-01-05-01-01-02-20.wav,angry,20,female
./Actor_20/03-01-03-01-02-02-20.wav,happy,20,female
./Actor_20/03-01-05-02-02-01-20.wav,angry,20,female
./Actor_20/03-01-08-01-02-01-20.wav,surprise,20,female
./Actor_20/03-01-07-02-02-01-20.wav,disgust,20,female
./Actor_20/03-01-02-01-02-01-20.wav,calm,20,female
./Actor_20/03-01-02-02-02-02-20.wav,calm,20,female
./Actor_20/03-01-05-02-02-02-20.wav,angry,20,female
./Actor_20/03-01-06-02-02-02-20.wav,fear,20,female
./Actor_20/03-01-07-02-01-02-20.wav,disgust,20,female
./Actor_20/03-01-03-01-01-02-20.wav,happy,20,female
./Actor_20/03-01-05-01-02-02-20.wav,angry,20,female
./Actor_20/03-01-04-01-02-01-20.wav,sad,20,female
./Actor_20/03-01-01-01-02-01-20.wav,neutral,20,female
./Actor_20/03-01-02-01-01-01-20.wav,calm,20,female
./Actor_20/03-01-04-02-02-01-20.wav,sad,20,female
./Actor_20/03-01-08-02-02-01-20.wav,surprise,20,female
./Actor_20/03-01-03-01-02-01-20.wav,happy,20,female
./Actor_20/03-01-02-01-01-02-20.wav,calm,20,female
./Actor_20/03-01-07-01-01-02-20.wav,disgust,20,female
./Actor_20/03-01-05-02-01-01-20.wav,angry,20,female
./Actor_20/03-01-08-01-02-02-20.wav,surprise,20,female
./Actor_20/03-01-03-02-01-01-20.wav,happy,20,female
./Actor_20/03-01-06-01-01-02-20.wav,fear,20,female
./Actor_20/03-01-06-02-02-01-20.wav,fear,20,female
./Actor_20/03-01-08-01-01-02-20.wav,surprise,20,female
./Actor_20/03-01-05-01-02-01-20.wav,angry,20,female
./Actor_20/03-01-04-02-02-02-20.wav,sad,20,female
./Actor_20/03-01-05-01-01-01-20.wav,angry,20,female
./Actor_20/03-01-03-02-02-01-20.wav,happy,20,female
./Actor_20/03-01-05-02-01-02-20.wav,angry,20,female
./Actor_20/03-01-01-01-02-02-20.wav,neutral,20,female
./Actor_20/03-01-03-01-01-01-20.wav,happy,20,female
./Actor_01/03-01-07-02-02-01-01.wav,disgust,01,male
./Actor_01/03-01-08-01-02-01-01.wav,surprise,01,male
./Actor_01/03-01-05-02-01-02-01.wav,angry,01,male
./Actor_01/03-01-06-02-01-02-01.wav,fear,01,male
./Actor_01/03-01-05-02-02-02-01.wav,angry,01,male
./Actor_01/03-01-03-01-02-01-01.wav,happy,01,male
./Actor_01/03-01-04-02-01-02-01.wav,sad,01,male
./Actor_01/03-01-07-02-01-02-01.wav,disgust,01,male
./Actor_01/03-01-08-01-01-02-01.wav,surprise,01,male
./Actor_01/03-01-03-02-02-01-01.wav,happy,01,male
./Actor_01/03-01-02-01-02-02-01.wav,calm,01,male
./Actor_01/03-01-02-02-01-01-01.wav,calm,01,male
./Actor_01/03-01-03-01-01-02-01.wav,happy,01,male
./Actor_01/03-01-08-02-02-01-01.wav,surprise,01,male
./Actor_01/03-01-05-01-02-01-01.wav,angry,01,male
./Actor_01/03-01-06-01-01-01-01.wav,fear,01,male
./Actor_01/03-01-07-02-02-02-01.wav,disgust,01,male
./Actor_01/03-01-01-01-01-01-01.wav,neutral,01,male
./Actor_01/03-01-02-02-02-01-01.wav,calm,01,male
./Actor_01/03-01-04-01-02-02-01.wav,sad,01,male
./Actor_01/03-01-03-02-02-02-01.wav,happy,01,male
./Actor_01/03-01-03-02-01-02-01.wav,happy,01,male
./Actor_01/03-01-06-01-01-02-01.wav,fear,01,male
./Actor_01/03-01-07-01-02-02-01.wav,disgust,01,male
./Actor_01/03-01-04-02-01-01-01.wav,sad,01,male
./Actor_01/03-01-01-01-02-01-01.wav,neutral,01,male
./Actor_01/03-01-02-01-01-02-01.wav,calm,01,male
./Actor_01/03-01-04-01-02-01-01.wav,sad,01,male
./Actor_01/03-01-02-02-02-02-01.wav,calm,01,male
./Actor_01/03-01-04-01-01-01-01.wav,sad,01,male
./Actor_01/03-01-05-02-02-01-01.wav,angry,01,male
./Actor_01/03-01-01-01-02-02-01.wav,neutral,01,male
./Actor_01/03-01-08-02-01-02-01.wav,surprise,01,male
./Actor_01/03-01-08-01-01-01-01.wav,surprise,01,male
./Actor_01/03-01-07-01-01-01-01.wav,disgust,01,male
./Actor_01/03-01-05-01-01-01-01.wav,angry,01,male
./Actor_01/03-01-06-02-02-02-01.wav,fear,01,male
./Actor_01/03-01-02-02-01-02-01.wav,calm,01,male
./Actor_01/03-01-05-01-02-02-01.wav,angry,01,male
./Actor_01/03-01-06-02-02-01-01.wav,fear,01,male
./Actor_01/03-01-07-01-02-01-01.wav,disgust,01,male
./Actor_01/03-01-08-02-01-01-01.wav,surprise,01,male
./Actor_01/03-01-03-01-01-01-01.wav,happy,01,male
./Actor_01/03-01-08-02-02-02-01.wav,surprise,01,male
./Actor_01/03-01-05-02-01-01-01.wav,angry,01,male
./Actor_01/03-01-04-02-02-02-01.wav,sad,01,male
./Actor_01/03-01-07-01-01-02-01.wav,disgust,01,male
./Actor_01/03-01-03-02-01-01-01.wav,happy,01,male
./Actor_01/03-01-06-02-01-01-01.wav,fear,01,male
./Actor_01/03-01-06-01-02-02-01.wav,fear,01,male
./Actor_01/03-01-04-01-01-02-01.wav,sad,01,male
./Actor_01/03-01-06-01-02-01-01.wav,fear,01,male
./Actor_01/03-01-08-01-02-02-01.wav,surprise,01,male
./Actor_01/03-01-03-01-02-02-01.wav,happy,01,male
./Actor_01/03-01-04-02-02-01-01.wav,sad,01,male
./Actor_01/03-01-05-01-01-02-01.wav,angry,01,male
./Actor_01/03-01-01-01-01-02-01.wav,neutral,01,male
./Actor_01/03-01-02-01-01-01-01.wav,calm,01,male
./Actor_01/03-01-07-02-01-01-01.wav,disgust,01,male
./Actor_01/03-01-02-01-02-01-01.wav,calm,01,male
./Actor_21/03-01-07-01-01-01-21.wav,disgust,21,male
./Actor_21/03-01-06-01-02-02-21.wav,fear,21,male
./Actor_21/03-01-06-02-01-02-21.wav,fear,21,male
./Actor_21/03-01-04-02-01-02-21.wav,sad,21,male
./Actor_21/03-01-01-01-01-02-21.wav,neutral,21,male
./Actor_21/03-01-04-01-01-02-21.wav,sad,21,male
./Actor_21/03-01-06-02-01-01-21.wav,fear,21,male
./Actor_21/03-01-03-01-01-02-21.wav,happy,21,male
./Actor_21/03-01-01-01-02-02-21.wav,neutral,21,male
./Actor_21/03-01-03-01-01-01-21.wav,happy,21,male
./Actor_21/03-01-06-01-02-01-21.wav,fear,21,male
./Actor_21/03-01-05-01-01-02-21.wav,angry,21,male
./Actor_21/03-01-02-01-01-02-21.wav,calm,21,male
./Actor_21/03-01-05-01-01-01-21.wav,angry,21,male
./Actor_21/03-01-04-01-02-02-21.wav,sad,21,male
./Actor_21/03-01-07-01-01-02-21.wav,disgust,21,male
./Actor_21/03-01-03-02-01-01-21.wav,happy,21,male
./Actor_21/03-01-01-01-01-01-21.wav,neutral,21,male
./Actor_21/03-01-07-01-02-01-21.wav,disgust,21,male
./Actor_21/03-01-02-01-02-02-21.wav,calm,21,male
./Actor_21/03-01-07-02-02-01-21.wav,disgust,21,male
./Actor_21/03-01-05-02-01-02-21.wav,angry,21,male
./Actor_21/03-01-02-02-01-02-21.wav,calm,21,male
./Actor_21/03-01-06-02-02-02-21.wav,fear,21,male
./Actor_21/03-01-05-01-02-01-21.wav,angry,21,male
./Actor_21/03-01-04-02-02-02-21.wav,sad,21,male
./Actor_21/03-01-01-01-02-01-21.wav,neutral,21,male
./Actor_21/03-01-03-01-02-01-21.wav,happy,21,male
./Actor_21/03-01-07-02-01-02-21.wav,disgust,21,male
./Actor_21/03-01-08-01-02-02-21.wav,surprise,21,male
./Actor_21/03-01-05-02-01-01-21.wav,angry,21,male
./Actor_21/03-01-08-02-02-01-21.wav,surprise,21,male
./Actor_21/03-01-06-01-01-01-21.wav,fear,21,male
./Actor_21/03-01-05-02-02-02-21.wav,angry,21,male
./Actor_21/03-01-04-01-02-01-21.wav,sad,21,male
./Actor_21/03-01-04-02-01-01-21.wav,sad,21,male
./Actor_21/03-01-06-02-02-01-21.wav,fear,21,male
./Actor_21/03-01-02-02-02-01-21.wav,calm,21,male
./Actor_21/03-01-08-02-01-01-21.wav,surprise,21,male
./Actor_21/03-01-08-01-01-02-21.wav,surprise,21,male
./Actor_21/03-01-05-02-02-01-21.wav,angry,21,male
./Actor_21/03-01-08-01-02-01-21.wav,surprise,21,male
./Actor_21/03-01-08-02-01-02-21.wav,surprise,21,male
./Actor_21/03-01-03-01-02-02-21.wav,happy,21,male
./Actor_21/03-01-07-01-02-02-21.wav,disgust,21,male
./Actor_21/03-01-08-01-01-01-21.wav,surprise,21,male
./Actor_21/03-01-02-02-02-02-21.wav,calm,21,male
./Actor_21/03-01-02-02-01-01-21.wav,calm,21,male
./Actor_21/03-01-02-01-02-01-21.wav,calm,21,male
./Actor_21/03-01-08-02-02-02-21.wav,surprise,21,male
./Actor_21/03-01-04-02-02-01-21.wav,sad,21,male
./Actor_21/03-01-06-01-01-02-21.wav,fear,21,male
./Actor_21/03-01-07-02-02-02-21.wav,disgust,21,male
./Actor_21/03-01-03-02-02-02-21.wav,happy,21,male
./Actor_21/03-01-04-01-01-01-21.wav,sad,21,male
./Actor_21/03-01-02-01-01-01-21.wav,calm,21,male
./Actor_21/03-01-07-02-01-01-21.wav,disgust,21,male
./Actor_21/03-01-03-02-02-01-21.wav,happy,21,male
./Actor_21/03-01-03-02-01-02-21.wav,happy,21,male
./Actor_21/03-01-05-01-02-02-21.wav,angry,21,male
./Actor_02/03-01-05-01-02-01-02.wav,angry,02,female
./Actor_02/03-01-03-02-01-02-02.wav,happy,02,female
./Actor_02/03-01-02-02-01-02-02.wav,calm,02,female
./Actor_02/03-01-03-01-02-02-02.wav,happy,02,female
./Actor_02/03-01-02-01-02-01-02.wav,calm,02,female
./Actor_02/03-01-05-01-01-02-02.wav,angry,02,female
./Actor_02/03-01-05-01-01-01-02.wav,angry,02,female
./Actor_02/03-01-08-02-01-01-02.wav,surprise,02,female
./Actor_02/03-01-06-01-02-02-02.wav,fear,02,female
./Actor_02/03-01-04-02-02-01-02.wav,sad,02,female
./Actor_02/03-01-08-01-01-01-02.wav,surprise,02,female
./Actor_02/03-01-08-02-02-02-02.wav,surprise,02,female
./Actor_02/03-01-06-01-01-01-02.wav,fear,02,female
./Actor_02/03-01-07-01-01-02-02.wav,disgust,02,female
./Actor_02/03-01-05-02-02-01-02.wav,angry,02,female
./Actor_02/03-01-07-02-02-02-02.wav,disgust,02,female
./Actor_02/03-01-07-02-01-01-02.wav,disgust,02,female
./Actor_02/03-01-03-01-02-01-02.wav,happy,02,female
./Actor_02/03-01-07-01-02-01-02.wav,disgust,02,female
./Actor_02/03-01-02-01-01-02-02.wav,calm,02,female
./Actor_02/03-01-07-01-01-01-02.wav,disgust,02,female
./Actor_02/03-01-07-02-01-02-02.wav,disgust,02,female
./Actor_02/03-01-06-02-01-01-02.wav,fear,02,female
./Actor_02/03-01-04-01-01-02-02.wav,sad,02,female
./Actor_02/03-01-03-01-01-01-02.wav,happy,02,female
./Actor_02/03-01-05-02-01-01-02.wav,angry,02,female
./Actor_02/03-01-02-02-02-01-02.wav,calm,02,female
./Actor_02/03-01-01-01-01-02-02.wav,neutral,02,female
./Actor_02/03-01-03-01-01-02-02.wav,happy,02,female
./Actor_02/03-01-01-01-02-02-02.wav,neutral,02,female
./Actor_02/03-01-05-02-02-02-02.wav,angry,02,female
./Actor_02/03-01-04-02-02-02-02.wav,sad,02,female
./Actor_02/03-01-06-02-02-02-02.wav,fear,02,female
./Actor_02/03-01-04-01-01-01-02.wav,sad,02,female
./Actor_02/03-01-06-01-02-01-02.wav,fear,02,female
./Actor_02/03-01-02-01-02-02-02.wav,calm,02,female
./Actor_02/03-01-05-01-02-02-02.wav,angry,02,female
./Actor_02/03-01-06-01-01-02-02.wav,fear,02,female
./Actor_02/03-01-01-01-02-01-02.wav,neutral,02,female
./Actor_02/03-01-04-02-01-01-02.wav,sad,02,female
./Actor_02/03-01-08-01-01-02-02.wav,surprise,02,female
./Actor_02/03-01-03-02-02-01-02.wav,happy,02,female
./Actor_02/03-01-08-02-01-02-02.wav,surprise,02,female
./Actor_02/03-01-02-02-01-01-02.wav,calm,02,female
./Actor_02/03-01-02-01-01-01-02.wav,calm,02,female
./Actor_02/03-01-06-02-01-02-02.wav,fear,02,female
./Actor_02/03-01-07-01-02-02-02.wav,disgust,02,female
./Actor_02/03-01-06-02-02-01-02.wav,fear,02,female
./Actor_02/03-01-04-02-01-02-02.wav,sad,02,female
./Actor_02/03-01-01-01-01-01-02.wav,neutral,02,female
./Actor_02/03-01-08-02-02-01-02.wav,surprise,02,female
./Actor_02/03-01-08-01-02-02-02.wav,surprise,02,female
./Actor_02/03-01-02-02-02-02-02.wav,calm,02,female
./Actor_02/03-01-04-01-02-02-02.wav,sad,02,female
./Actor_02/03-01-07-02-02-01-02.wav,disgust,02,female
./Actor_02/03-01-08-01-02-01-02.wav,surprise,02,female
./Actor_02/03-01-05-02-01-02-02.wav,angry,02,female
./Actor_02/03-01-04-01-02-01-02.wav,sad,02,female
./Actor_02/03-01-03-02-01-01-02.wav,happy,02,female
./Actor_02/03-01-03-02-02-02-02.wav,happy,02,female
./Actor_16/03-01-04-01-02-01-16.wav,sad,16,female
./Actor_16/03-01-05-02-02-01-16.wav,angry,16,female
./Actor_16/03-01-04-02-02-01-16.wav,sad,16,female
./Actor_16/03-01-05-02-02-02-16.wav,angry,16,female
./Actor_16/03-01-06-01-01-01-16.wav,fear,16,female
./Actor_16/03-01-03-02-02-02-16.wav,happy,16,female
./Actor_16/03-01-06-01-02-02-16.wav,fear,16,female
./Actor_16/03-01-03-01-02-01-16.wav,happy,16,female
./Actor_16/03-01-04-02-01-02-16.wav,sad,16,female
./Actor_16/03-01-07-01-01-02-16.wav,disgust,16,female
./Actor_16/03-01-03-02-01-01-16.wav,happy,16,female
./Actor_16/03-01-08-01-01-01-16.wav,surprise,16,female
./Actor_16/03-01-04-02-02-02-16.wav,sad,16,female
./Actor_16/03-01-02-01-02-01-16.wav,calm,16,female
./Actor_16/03-01-08-02-01-02-16.wav,surprise,16,female
./Actor_16/03-01-05-01-01-02-16.wav,angry,16,female
./Actor_16/03-01-06-01-01-02-16.wav,fear,16,female
./Actor_16/03-01-02-01-02-02-16.wav,calm,16,female
./Actor_16/03-01-01-01-02-01-16.wav,neutral,16,female
./Actor_16/03-01-02-02-02-01-16.wav,calm,16,female
./Actor_16/03-01-08-02-02-02-16.wav,surprise,16,female
./Actor_16/03-01-08-01-01-02-16.wav,surprise,16,female
./Actor_16/03-01-06-02-02-02-16.wav,fear,16,female
./Actor_16/03-01-02-01-01-01-16.wav,calm,16,female
./Actor_16/03-01-08-01-02-02-16.wav,surprise,16,female
./Actor_16/03-01-05-02-01-02-16.wav,angry,16,female
./Actor_16/03-01-06-02-02-01-16.wav,fear,16,female
./Actor_16/03-01-02-02-01-02-16.wav,calm,16,female
./Actor_16/03-01-07-02-02-02-16.wav,disgust,16,female
./Actor_16/03-01-04-01-02-02-16.wav,sad,16,female
./Actor_16/03-01-02-01-01-02-16.wav,calm,16,female
./Actor_16/03-01-07-01-02-02-16.wav,disgust,16,female
./Actor_16/03-01-07-01-01-01-16.wav,disgust,16,female
./Actor_16/03-01-07-02-01-01-16.wav,disgust,16,female
./Actor_16/03-01-01-01-01-01-16.wav,neutral,16,female
./Actor_16/03-01-08-02-01-01-16.wav,surprise,16,female
./Actor_16/03-01-01-01-02-02-16.wav,neutral,16,female
./Actor_16/03-01-04-01-01-02-16.wav,sad,16,female
./Actor_16/03-01-08-02-02-01-16.wav,surprise,16,female
./Actor_16/03-01-03-01-02-02-16.wav,happy,16,female
./Actor_16/03-01-06-02-01-01-16.wav,fear,16,female
./Actor_16/03-01-06-02-01-02-16.wav,fear,16,female
./Actor_16/03-01-07-01-02-01-16.wav,disgust,16,female
./Actor_16/03-01-02-02-01-01-16.wav,calm,16,female
./Actor_16/03-01-03-02-02-01-16.wav,happy,16,female
./Actor_16/03-01-03-01-01-01-16.wav,happy,16,female
./Actor_16/03-01-01-01-01-02-16.wav,neutral,16,female
./Actor_16/03-01-03-02-01-02-16.wav,happy,16,female
./Actor_16/03-01-04-02-01-01-16.wav,sad,16,female
./Actor_16/03-01-05-01-01-01-16.wav,angry,16,female
./Actor_16/03-01-06-01-02-01-16.wav,fear,16,female
./Actor_16/03-01-05-01-02-01-16.wav,angry,16,female
./Actor_16/03-01-07-02-01-02-16.wav,disgust,16,female
./Actor_16/03-01-05-01-02-02-16.wav,angry,16,female
./Actor_16/03-01-05-02-01-01-16.wav,angry,16,female
./Actor_16/03-01-03-01-01-02-16.wav,happy,16,female
./Actor_16/03-01-07-02-02-01-16.wav,disgust,16,female
./Actor_16/03-01-04-01-01-01-16.wav,sad,16,female
./Actor_16/03-01-08-01-02-01-16.wav,surprise,16,female
./Actor_16/03-01-02-02-02-02-16.wav,calm,16,female
./Actor_10/03-01-06-02-01-02-10.wav,fear,10,female
./Actor_10/03-01-08-01-01-02-10.wav,surprise,10,female
./Actor_10/03-01-08-02-01-01-10.wav,surprise,10,female
./Actor_10/03-01-05-01-01-01-10.wav,angry,10,female
./Actor_10/03-01-03-02-01-02-10.wav,happy,10,female
./Actor_10/03-01-05-01-02-01-10.wav,angry,10,female
./Actor_10/03-01-08-01-02-01-10.wav,surprise,10,female
./Actor_10/03-01-06-01-01-01-10.wav,fear,10,female
./Actor_10/03-01-06-02-02-01-10.wav,fear,10,female
./Actor_10/03-01-05-02-02-01-10.wav,angry,10,female
./Actor_10/03-01-02-02-02-01-10.wav,calm,10,female
./Actor_10/03-01-07-01-01-02-10.wav,disgust,10,female
./Actor_10/03-01-07-02-01-02-10.wav,disgust,10,female
./Actor_10/03-01-01-01-01-01-10.wav,neutral,10,female
./Actor_10/03-01-07-02-02-02-10.wav,disgust,10,female
./Actor_10/03-01-03-01-01-01-10.wav,happy,10,female
./Actor_10/03-01-02-01-02-02-10.wav,calm,10,female
./Actor_10/03-01-05-02-02-02-10.wav,angry,10,female
./Actor_10/03-01-04-01-01-01-10.wav,sad,10,female
./Actor_10/03-01-05-01-02-02-10.wav,angry,10,female
./Actor_10/03-01-04-01-01-02-10.wav,sad,10,female
./Actor_10/03-01-04-02-01-02-10.wav,sad,10,female
./Actor_10/03-01-02-02-01-02-10.wav,calm,10,female
./Actor_10/03-01-07-02-01-01-10.wav,disgust,10,female
./Actor_10/03-01-02-02-01-01-10.wav,calm,10,female
./Actor_10/03-01-07-01-02-02-10.wav,disgust,10,female
./Actor_10/03-01-02-01-01-01-10.wav,calm,10,female
./Actor_10/03-01-07-01-02-01-10.wav,disgust,10,female
./Actor_10/03-01-08-01-02-02-10.wav,surprise,10,female
./Actor_10/03-01-04-01-02-01-10.wav,sad,10,female
./Actor_10/03-01-01-01-02-02-10.wav,neutral,10,female
./Actor_10/03-01-08-02-02-01-10.wav,surprise,10,female
./Actor_10/03-01-03-01-02-01-10.wav,happy,10,female
./Actor_10/03-01-03-01-01-02-10.wav,happy,10,female
./Actor_10/03-01-06-01-02-01-10.wav,fear,10,female
./Actor_10/03-01-03-01-02-02-10.wav,happy,10,female
./Actor_10/03-01-03-02-01-01-10.wav,happy,10,female
./Actor_10/03-01-01-01-01-02-10.wav,neutral,10,female
./Actor_10/03-01-05-01-01-02-10.wav,angry,10,female
./Actor_10/03-01-06-02-01-01-10.wav,fear,10,female
./Actor_10/03-01-02-01-02-01-10.wav,calm,10,female
./Actor_10/03-01-06-02-02-02-10.wav,fear,10,female
./Actor_10/03-01-04-02-01-01-10.wav,sad,10,female
./Actor_10/03-01-04-02-02-01-10.wav,sad,10,female
./Actor_10/03-01-05-02-01-02-10.wav,angry,10,female
./Actor_10/03-01-08-02-01-02-10.wav,surprise,10,female
./Actor_10/03-01-04-01-02-02-10.wav,sad,10,female
./Actor_10/03-01-06-01-02-02-10.wav,fear,10,female
./Actor_10/03-01-07-02-02-01-10.wav,disgust,10,female
./Actor_10/03-01-03-02-02-01-10.wav,happy,10,female
./Actor_10/03-01-06-01-01-02-10.wav,fear,10,female
./Actor_10/03-01-01-01-02-01-10.wav,neutral,10,female
./Actor_10/03-01-07-01-01-01-10.wav,disgust,10,female
./Actor_10/03-01-03-02-02-02-10.wav,happy,10,female
./Actor_10/03-01-04-02-02-02-10.wav,sad,10,female
./Actor_10/03-01-02-02-02-02-10.wav,calm,10,female
./Actor_10/03-01-08-01-01-01-10.wav,surprise,10,female
./Actor_10/03-01-02-01-01-02-10.wav,calm,10,female
./Actor_10/03-01-08-02-02-02-10.wav,surprise,10,female
./Actor_10/03-01-05-02-01-01-10.wav,angry,10,female
./Actor_12/03-01-08-02-01-01-12.wav,surprise,12,female
./Actor_12/03-01-07-01-01-02-12.wav,disgust,12,female
./Actor_12/03-01-07-01-02-02-12.wav,disgust,12,female
./Actor_12/03-01-01-01-02-01-12.wav,neutral,12,female
./Actor_12/03-01-01-01-02-02-12.wav,neutral,12,female
./Actor_12/03-01-07-02-02-02-12.wav,disgust,12,female
./Actor_12/03-01-06-02-02-01-12.wav,fear,12,female
./Actor_12/03-01-07-01-02-01-12.wav,disgust,12,female
./Actor_12/03-01-08-02-02-02-12.wav,surprise,12,female
./Actor_12/03-01-08-02-02-01-12.wav,surprise,12,female
./Actor_12/03-01-07-02-02-01-12.wav,disgust,12,female
./Actor_12/03-01-02-02-01-02-12.wav,calm,12,female
./Actor_12/03-01-01-01-01-02-12.wav,neutral,12,female
./Actor_12/03-01-06-02-02-02-12.wav,fear,12,female
./Actor_12/03-01-05-02-01-02-12.wav,angry,12,female
./Actor_12/03-01-05-02-02-02-12.wav,angry,12,female
./Actor_12/03-01-08-01-02-01-12.wav,surprise,12,female
./Actor_12/03-01-05-02-02-01-12.wav,angry,12,female
./Actor_12/03-01-08-02-01-02-12.wav,surprise,12,female
./Actor_12/03-01-03-02-01-02-12.wav,happy,12,female
./Actor_12/03-01-05-02-01-01-12.wav,angry,12,female
./Actor_12/03-01-04-02-01-01-12.wav,sad,12,female
./Actor_12/03-01-07-01-01-01-12.wav,disgust,12,female
./Actor_12/03-01-06-01-02-02-12.wav,fear,12,female
./Actor_12/03-01-04-02-02-01-12.wav,sad,12,female
./Actor_12/03-01-06-01-02-01-12.wav,fear,12,female
./Actor_12/03-01-04-01-02-02-12.wav,sad,12,female
./Actor_12/03-01-03-02-02-02-12.wav,happy,12,female
./Actor_12/03-01-02-01-01-01-12.wav,calm,12,female
./Actor_12/03-01-04-01-01-01-12.wav,sad,12,female
./Actor_12/03-01-02-01-02-01-12.wav,calm,12,female
./Actor_12/03-01-06-02-01-02-12.wav,fear,12,female
./Actor_12/03-01-03-01-02-01-12.wav,happy,12,female
./Actor_12/03-01-08-01-02-02-12.wav,surprise,12,female
./Actor_12/03-01-03-01-01-02-12.wav,happy,12,female
./Actor_12/03-01-08-01-01-02-12.wav,surprise,12,female
./Actor_12/03-01-04-02-01-02-12.wav,sad,12,female
./Actor_12/03-01-02-02-02-01-12.wav,calm,12,female
./Actor_12/03-01-02-01-02-02-12.wav,calm,12,female
./Actor_12/03-01-06-01-01-02-12.wav,fear,12,female
./Actor_12/03-01-01-01-01-01-12.wav,neutral,12,female
./Actor_12/03-01-04-01-02-01-12.wav,sad,12,female
./Actor_12/03-01-06-02-01-01-12.wav,fear,12,female
./Actor_12/03-01-03-01-02-02-12.wav,happy,12,female
./Actor_12/03-01-02-02-01-01-12.wav,calm,12,female
./Actor_12/03-01-02-01-01-02-12.wav,calm,12,female
./Actor_12/03-01-07-02-01-02-12.wav,disgust,12,female
./Actor_12/03-01-05-01-01-02-12.wav,angry,12,female
./Actor_12/03-01-05-01-02-01-12.wav,angry,12,female
./Actor_12/03-01-03-02-01-01-12.wav,happy,12,female
./Actor_12/03-01-04-01-01-02-12.wav,sad,12,female
./Actor_12/03-01-03-02-02-01-12.wav,happy,12,female
./Actor_12/03-01-04-02-02-02-12.wav,sad,12,female
./Actor_12/03-01-03-01-01-01-12.wav,happy,12,female
./Actor_12/03-01-05-01-01-01-12.wav,angry,12,female
./Actor_12/03-01-02-02-02-02-12.wav,calm,12,female
./Actor_12/03-01-07-02-01-01-12.wav,disgust,12,female
./Actor_12/03-01-06-01-01-01-12.wav,fear,12,female
./Actor_12/03-01-05-01-02-02-12.wav,angry,12,female
./Actor_12/03-01-08-01-01-01-12.wav,surprise,12,female
./Actor_09/03-01-02-02-02-01-09.wav,calm,09,male
./Actor_09/03-01-07-01-01-01-09.wav,disgust,09,male
./Actor_09/03-01-08-02-01-01-09.wav,surprise,09,male
./Actor_09/03-01-05-02-02-01-09.wav,angry,09,male
./Actor_09/03-01-06-01-01-02-09.wav,fear,09,male
./Actor_09/03-01-05-02-01-01-09.wav,angry,09,male
./Actor_09/03-01-01-01-02-01-09.wav,neutral,09,male
./Actor_09/03-01-07-02-02-01-09.wav,disgust,09,male
./Actor_09/03-01-03-02-02-02-09.wav,happy,09,male
./Actor_09/03-01-05-01-02-01-09.wav,angry,09,male
./Actor_09/03-01-02-01-02-01-09.wav,calm,09,male
./Actor_09/03-01-03-01-01-01-09.wav,happy,09,male
./Actor_09/03-01-02-01-01-01-09.wav,calm,09,male
./Actor_09/03-01-05-01-01-02-09.wav,angry,09,male
./Actor_09/03-01-08-02-01-02-09.wav,surprise,09,male
./Actor_09/03-01-01-01-02-02-09.wav,neutral,09,male
./Actor_09/03-01-08-01-02-02-09.wav,surprise,09,male
./Actor_09/03-01-03-02-01-01-09.wav,happy,09,male
./Actor_09/03-01-04-01-01-01-09.wav,sad,09,male
./Actor_09/03-01-07-02-02-02-09.wav,disgust,09,male
./Actor_09/03-01-06-02-01-01-09.wav,fear,09,male
./Actor_09/03-01-04-01-02-01-09.wav,sad,09,male
./Actor_09/03-01-02-02-01-02-09.wav,calm,09,male
./Actor_09/03-01-05-02-02-02-09.wav,angry,09,male
./Actor_09/03-01-02-02-02-02-09.wav,calm,09,male
./Actor_09/03-01-06-01-02-01-09.wav,fear,09,male
./Actor_09/03-01-08-01-01-02-09.wav,surprise,09,male
./Actor_09/03-01-07-01-02-01-09.wav,disgust,09,male
./Actor_09/03-01-08-02-02-02-09.wav,surprise,09,male
./Actor_09/03-01-06-02-02-01-09.wav,fear,09,male
./Actor_09/03-01-07-02-01-02-09.wav,disgust,09,male
./Actor_09/03-01-04-01-01-02-09.wav,sad,09,male
./Actor_09/03-01-06-02-01-02-09.wav,fear,09,male
./Actor_09/03-01-08-01-01-01-09.wav,surprise,09,male
./Actor_09/03-01-02-01-01-02-09.wav,calm,09,male
./Actor_09/03-01-04-02-01-01-09.wav,sad,09,male
./Actor_09/03-01-01-01-01-01-09.wav,neutral,09,male
./Actor_09/03-01-05-01-02-02-09.wav,angry,09,male
./Actor_09/03-01-06-01-01-01-09.wav,fear,09,male
./Actor_09/03-01-08-02-02-01-09.wav,surprise,09,male
./Actor_09/03-01-07-02-01-01-09.wav,disgust,09,male
./Actor_09/03-01-05-02-01-02-09.wav,angry,09,male
./Actor_09/03-01-05-01-01-01-09.wav,angry,09,male
./Actor_09/03-01-07-01-02-02-09.wav,disgust,09,male
./Actor_09/03-01-03-02-02-01-09.wav,happy,09,male
./Actor_09/03-01-03-02-01-02-09.wav,happy,09,male
./Actor_09/03-01-03-01-02-01-09.wav,happy,09,male
./Actor_09/03-01-06-02-02-02-09.wav,fear,09,male
./Actor_09/03-01-04-02-02-01-09.wav,sad,09,male
./Actor_09/03-01-04-02-01-02-09.wav,sad,09,male
./Actor_09/03-01-04-01-02-02-09.wav,sad,09,male
./Actor_09/03-01-02-01-02-02-09.wav,calm,09,male
./Actor_09/03-01-04-02-02-02-09.wav,sad,09,male
./Actor_09/03-01-03-01-01-02-09.wav,happy,09,male
./Actor_09/03-01-07-01-01-02-09.wav,disgust,09,male
./Actor_09/03-01-08-01-02-01-09.wav,surprise,09,male
./Actor_09/03-01-06-01-02-02-09.wav,fear,09,male
./Actor_09/03-01-02-02-01-01-09.wav,calm,09,male
./Actor_09/03-01-03-01-02-02-09.wav,happy,09,male
./Actor_09/03-01-01-01-01-02-09.wav,neutral,09,male
./Actor_08/03-01-07-01-01-01-08.wav,disgust,08,female
./Actor_08/03-01-01-01-02-02-08.wav,neutral,08,female
./Actor_08/03-01-03-02-01-01-08.wav,happy,08,female
./Actor_08/03-01-05-01-02-01-08.wav,angry,08,female
./Actor_08/03-01-04-01-01-02-08.wav,sad,08,female
./Actor_08/03-01-05-02-01-01-08.wav,angry,08,female
./Actor_08/03-01-05-02-02-02-08.wav,angry,08,female
./Actor_08/03-01-04-01-02-02-08.wav,sad,08,female
./Actor_08/03-01-06-02-01-02-08.wav,fear,08,female
./Actor_08/03-01-08-02-02-01-08.wav,surprise,08,female
./Actor_08/03-01-02-02-02-02-08.wav,calm,08,female
./Actor_08/03-01-03-02-02-01-08.wav,happy,08,female
./Actor_08/03-01-01-01-01-01-08.wav,neutral,08,female
./Actor_08/03-01-07-01-02-01-08.wav,disgust,08,female
./Actor_08/03-01-07-02-02-02-08.wav,disgust,08,female
./Actor_08/03-01-03-02-01-02-08.wav,happy,08,female
./Actor_08/03-01-05-02-01-02-08.wav,angry,08,female
./Actor_08/03-01-06-02-02-01-08.wav,fear,08,female
./Actor_08/03-01-08-02-01-02-08.wav,surprise,08,female
./Actor_08/03-01-07-02-02-01-08.wav,disgust,08,female
./Actor_08/03-01-06-02-02-02-08.wav,fear,08,female
./Actor_08/03-01-03-02-02-02-08.wav,happy,08,female
./Actor_08/03-01-02-01-02-02-08.wav,calm,08,female
./Actor_08/03-01-08-01-02-01-08.wav,surprise,08,female
./Actor_08/03-01-04-01-02-01-08.wav,sad,08,female
./Actor_08/03-01-05-02-02-01-08.wav,angry,08,female
./Actor_08/03-01-07-02-01-01-08.wav,disgust,08,female
./Actor_08/03-01-06-01-02-02-08.wav,fear,08,female
./Actor_08/03-01-04-02-01-01-08.wav,sad,08,female
./Actor_08/03-01-02-02-01-01-08.wav,calm,08,female
./Actor_08/03-01-04-01-01-01-08.wav,sad,08,female
./Actor_08/03-01-02-02-02-01-08.wav,calm,08,female
./Actor_08/03-01-07-02-01-02-08.wav,disgust,08,female
./Actor_08/03-01-03-01-02-02-08.wav,happy,08,female
./Actor_08/03-01-03-01-01-02-08.wav,happy,08,female
./Actor_08/03-01-01-01-02-01-08.wav,neutral,08,female
./Actor_08/03-01-06-01-02-01-08.wav,fear,08,female
./Actor_08/03-01-08-02-01-01-08.wav,surprise,08,female
./Actor_08/03-01-08-01-02-02-08.wav,surprise,08,female
./Actor_08/03-01-03-01-02-01-08.wav,happy,08,female
./Actor_08/03-01-02-01-02-01-08.wav,calm,08,female
./Actor_08/03-01-02-01-01-01-08.wav,calm,08,female
./Actor_08/03-01-03-01-01-01-08.wav,happy,08,female
./Actor_08/03-01-05-01-01-02-08.wav,angry,08,female
./Actor_08/03-01-06-01-01-02-08.wav,fear,08,female
./Actor_08/03-01-01-01-01-02-08.wav,neutral,08,female
./Actor_08/03-01-06-02-01-01-08.wav,fear,08,female
./Actor_08/03-01-02-01-01-02-08.wav,calm,08,female
./Actor_08/03-01-04-02-01-02-08.wav,sad,08,female
./Actor_08/03-01-07-01-02-02-08.wav,disgust,08,female
./Actor_08/03-01-04-02-02-02-08.wav,sad,08,female
./Actor_08/03-01-08-01-01-01-08.wav,surprise,08,female
./Actor_08/03-01-02-02-01-02-08.wav,calm,08,female
./Actor_08/03-01-08-01-01-02-08.wav,surprise,08,female
./Actor_08/03-01-08-02-02-02-08.wav,surprise,08,female
./Actor_08/03-01-05-01-01-01-08.wav,angry,08,female
./Actor_08/03-01-05-01-02-02-08.wav,angry,08,female
./Actor_08/03-01-06-01-01-01-08.wav,fear,08,female
./Actor_08/03-01-07-01-01-02-08.wav,disgust,08,female
./Actor_08/03-01-04-02-02-01-08.wav,sad,08,female
./Actor_07/03-01-06-01-02-01-07.wav,fear,07,male
./Actor_07/03-01-04-02-02-02-07.wav,sad,07,male
./Actor_07/03-01-04-01-01-02-07.wav,sad,07,male
./Actor_07/03-01-06-02-01-01-07.wav,fear,07,male
./Actor_07/03-01-08-01-01-01-07.wav,surprise,07,male
./Actor_07/03-01-07-01-01-01-07.wav,disgust,07,male
./Actor_07/03-01-05-02-02-01-07.wav,angry,07,male
./Actor_07/03-01-02-02-01-01-07.wav,calm,07,male
./Actor_07/03-01-06-02-02-02-07.wav,fear,07,male
./Actor_07/03-01-08-02-01-01-07.wav,surprise,07,male
./Actor_07/03-01-05-02-01-01-07.wav,angry,07,male
./Actor_07/03-01-03-02-02-02-07.wav,happy,07,male
./Actor_07/03-01-03-02-01-01-07.wav,happy,07,male
./Actor_07/03-01-07-01-01-02-07.wav,disgust,07,male
./Actor_07/03-01-06-02-02-01-07.wav,fear,07,male
./Actor_07/03-01-08-02-01-02-07.wav,surprise,07,male
./Actor_07/03-01-04-01-02-01-07.wav,sad,07,male
./Actor_07/03-01-06-02-01-02-07.wav,fear,07,male
./Actor_07/03-01-06-01-02-02-07.wav,fear,07,male
./Actor_07/03-01-01-01-02-01-07.wav,neutral,07,male
./Actor_07/03-01-03-01-02-02-07.wav,happy,07,male
./Actor_07/03-01-04-01-01-01-07.wav,sad,07,male
./Actor_07/03-01-04-02-02-01-07.wav,sad,07,male
./Actor_07/03-01-08-02-02-01-07.wav,surprise,07,male
./Actor_07/03-01-07-02-01-01-07.wav,disgust,07,male
./Actor_07/03-01-02-01-01-02-07.wav,calm,07,male
./Actor_07/03-01-08-01-01-02-07.wav,surprise,07,male
./Actor_07/03-01-07-01-02-02-07.wav,disgust,07,male
./Actor_07/03-01-02-02-02-01-07.wav,calm,07,male
./Actor_07/03-01-05-01-01-01-07.wav,angry,07,male
./Actor_07/03-01-02-02-02-02-07.wav,calm,07,male
./Actor_07/03-01-05-01-01-02-07.wav,angry,07,male
./Actor_07/03-01-03-01-01-01-07.wav,happy,07,male
./Actor_07/03-01-05-02-02-02-07.wav,angry,07,male
./Actor_07/03-01-03-02-01-02-07.wav,happy,07,male
./Actor_07/03-01-06-01-01-02-07.wav,fear,07,male
./Actor_07/03-01-02-01-01-01-07.wav,calm,07,male
./Actor_07/03-01-07-01-02-01-07.wav,disgust,07,male
./Actor_07/03-01-03-01-02-01-07.wav,happy,07,male
./Actor_07/03-01-01-01-01-02-07.wav,neutral,07,male
./Actor_07/03-01-08-01-02-02-07.wav,surprise,07,male
./Actor_07/03-01-06-01-01-01-07.wav,fear,07,male
./Actor_07/03-01-05-01-02-01-07.wav,angry,07,male
./Actor_07/03-01-03-01-01-02-07.wav,happy,07,male
./Actor_07/03-01-07-02-02-02-07.wav,disgust,07,male
./Actor_07/03-01-05-02-01-02-07.wav,angry,07,male
./Actor_07/03-01-01-01-02-02-07.wav,neutral,07,male
./Actor_07/03-01-04-02-01-01-07.wav,sad,07,male
./Actor_07/03-01-04-02-01-02-07.wav,sad,07,male
./Actor_07/03-01-02-02-01-02-07.wav,calm,07,male
./Actor_07/03-01-02-01-02-01-07.wav,calm,07,male
./Actor_07/03-01-04-01-02-02-07.wav,sad,07,male
./Actor_07/03-01-07-02-01-02-07.wav,disgust,07,male
./Actor_07/03-01-02-01-02-02-07.wav,calm,07,male
./Actor_07/03-01-08-01-02-01-07.wav,surprise,07,male
./Actor_07/03-01-08-02-02-02-07.wav,surprise,07,male
./Actor_07/03-01-01-01-01-01-07.wav,neutral,07,male
./Actor_07/03-01-07-02-02-01-07.wav,disgust,07,male
./Actor_07/03-01-03-02-02-01-07.wav,happy,07,male
./Actor_07/03-01-05-01-02-02-07.wav,angry,07,male
./Actor_04/03-01-01-01-02-02-04.wav,neutral,04,female
./Actor_04/03-01-05-02-01-01-04.wav,angry,04,female
./Actor_04/03-01-04-01-02-01-04.wav,sad,04,female
./Actor_04/03-01-01-01-01-02-04.wav,neutral,04,female
./Actor_04/03-01-03-01-02-01-04.wav,happy,04,female
./Actor_04/03-01-01-01-02-01-04.wav,neutral,04,female
./Actor_04/03-01-03-01-01-01-04.wav,happy,04,female
./Actor_04/03-01-06-01-01-02-04.wav,fear,04,female
./Actor_04/03-01-07-01-01-02-04.wav,disgust,04,female
./Actor_04/03-01-04-02-02-01-04.wav,sad,04,female
./Actor_04/03-01-07-02-02-02-04.wav,disgust,04,female
./Actor_04/03-01-08-02-01-01-04.wav,surprise,04,female
./Actor_04/03-01-01-01-01-01-04.wav,neutral,04,female
./Actor_04/03-01-02-02-01-02-04.wav,calm,04,female
./Actor_04/03-01-07-01-02-01-04.wav,disgust,04,female
./Actor_04/03-01-02-02-01-01-04.wav,calm,04,female
./Actor_04/03-01-08-01-01-01-04.wav,surprise,04,female
./Actor_04/03-01-06-02-02-02-04.wav,fear,04,female
./Actor_04/03-01-03-02-02-01-04.wav,happy,04,female
./Actor_04/03-01-06-01-02-01-04.wav,fear,04,female
./Actor_04/03-01-06-02-01-02-04.wav,fear,04,female
./Actor_04/03-01-06-01-02-02-04.wav,fear,04,female
./Actor_04/03-01-07-01-01-01-04.wav,disgust,04,female
./Actor_04/03-01-02-01-01-01-04.wav,calm,04,female
./Actor_04/03-01-04-02-02-02-04.wav,sad,04,female
./Actor_04/03-01-02-02-02-01-04.wav,calm,04,female
./Actor_04/03-01-03-02-01-02-04.wav,happy,04,female
./Actor_04/03-01-05-02-02-02-04.wav,angry,04,female
./Actor_04/03-01-08-01-02-01-04.wav,surprise,04,female
./Actor_04/03-01-05-01-01-01-04.wav,angry,04,female
./Actor_04/03-01-02-01-02-02-04.wav,calm,04,female
./Actor_04/03-01-04-02-01-02-04.wav,sad,04,female
./Actor_04/03-01-08-01-01-02-04.wav,surprise,04,female
./Actor_04/03-01-05-01-01-02-04.wav,angry,04,female
./Actor_04/03-01-05-02-01-02-04.wav,angry,04,female
./Actor_04/03-01-05-01-02-01-04.wav,angry,04,female
./Actor_04/03-01-08-02-01-02-04.wav,surprise,04,female
./Actor_04/03-01-07-02-02-01-04.wav,disgust,04,female
./Actor_04/03-01-03-01-01-02-04.wav,happy,04,female
./Actor_04/03-01-06-01-01-01-04.wav,fear,04,female
./Actor_04/03-01-04-01-02-02-04.wav,sad,04,female
./Actor_04/03-01-07-01-02-02-04.wav,disgust,04,female
./Actor_04/03-01-07-02-01-02-04.wav,disgust,04,female
./Actor_04/03-01-05-01-02-02-04.wav,angry,04,female
./Actor_04/03-01-03-02-01-01-04.wav,happy,04,female
./Actor_04/03-01-03-01-02-02-04.wav,happy,04,female
./Actor_04/03-01-04-02-01-01-04.wav,sad,04,female
./Actor_04/03-01-06-02-02-01-04.wav,fear,04,female
./Actor_04/03-01-02-01-01-02-04.wav,calm,04,female
./Actor_04/03-01-06-02-01-01-04.wav,fear,04,female
./Actor_04/03-01-08-02-02-01-04.wav,surprise,04,female
./Actor_04/03-01-07-02-01-01-04.wav,disgust,04,female
./Actor_04/03-01-08-02-02-02-04.wav,surprise,04,female
./Actor_04/03-01-03-02-02-02-04.wav,happy,04,female
./Actor_04/03-01-02-01-02-01-04.wav,calm,04,female
./Actor_04/03-01-08-01-02-02-04.wav,surprise,04,female
./Actor_04/03-01-05-02-02-01-04.wav,angry,04,female
./Actor_04/03-01-04-01-01-01-04.wav,sad,04,female
./Actor_04/03-01-02-02-02-02-04.wav,calm,04,female
./Actor_04/03-01-04-01-01-02-04.wav,sad,04,female
./Actor_17/03-01-02-02-01-01-17.wav,calm,17,male
./Actor_17/03-01-01-01-02-01-17.wav,neutral,17,male
./Actor_17/03-01-02-02-02-02-17.wav,calm,17,male
./Actor_17/03-01-03-01-02-01-17.wav,happy,17,male
./Actor_17/03-01-03-02-02-01-17.wav,happy,17,male
./Actor_17/03-01-06-01-02-01-17.wav,fear,17,male
./Actor_17/03-01-02-01-01-02-17.wav,calm,17,male
./Actor_17/03-01-02-02-02-01-17.wav,calm,17,male
./Actor_17/03-01-07-01-02-02-17.wav,disgust,17,male
./Actor_17/03-01-05-01-02-01-17.wav,angry,17,male
./Actor_17/03-01-08-01-01-01-17.wav,surprise,17,male
./Actor_17/03-01-05-01-01-02-17.wav,angry,17,male
./Actor_17/03-01-06-02-02-01-17.wav,fear,17,male
./Actor_17/03-01-07-02-01-01-17.wav,disgust,17,male
./Actor_17/03-01-03-02-01-02-17.wav,happy,17,male
./Actor_17/03-01-01-01-01-02-17.wav,neutral,17,male
./Actor_17/03-01-06-01-01-01-17.wav,fear,17,male
./Actor_17/03-01-05-02-02-01-17.wav,angry,17,male
./Actor_17/03-01-04-02-02-02-17.wav,sad,17,male
./Actor_17/03-01-02-01-01-01-17.wav,calm,17,male
./Actor_17/03-01-08-02-01-02-17.wav,surprise,17,male
./Actor_17/03-01-03-01-02-02-17.wav,happy,17,male
./Actor_17/03-01-02-01-02-02-17.wav,calm,17,male
./Actor_17/03-01-07-01-02-01-17.wav,disgust,17,male
./Actor_17/03-01-04-02-01-01-17.wav,sad,17,male
./Actor_17/03-01-05-01-01-01-17.wav,angry,17,male
./Actor_17/03-01-08-02-02-01-17.wav,surprise,17,male
./Actor_17/03-01-05-02-01-02-17.wav,angry,17,male
./Actor_17/03-01-03-01-01-01-17.wav,happy,17,male
./Actor_17/03-01-04-01-02-01-17.wav,sad,17,male
./Actor_17/03-01-08-01-01-02-17.wav,surprise,17,male
./Actor_17/03-01-06-02-02-02-17.wav,fear,17,male
./Actor_17/03-01-01-01-02-02-17.wav,neutral,17,male
./Actor_17/03-01-02-01-02-01-17.wav,calm,17,male
./Actor_17/03-01-05-01-02-02-17.wav,angry,17,male
./Actor_17/03-01-04-01-02-02-17.wav,sad,17,male
./Actor_17/03-01-07-01-01-02-17.wav,disgust,17,male
./Actor_17/03-01-02-02-01-02-17.wav,calm,17,male
./Actor_17/03-01-08-02-02-02-17.wav,surprise,17,male
./Actor_17/03-01-06-01-01-02-17.wav,fear,17,male
./Actor_17/03-01-08-01-02-02-17.wav,surprise,17,male
./Actor_17/03-01-06-02-01-02-17.wav,fear,17,male
./Actor_17/03-01-05-02-02-02-17.wav,angry,17,male
./Actor_17/03-01-04-01-01-02-17.wav,sad,17,male
./Actor_17/03-01-07-01-01-01-17.wav,disgust,17,male
./Actor_17/03-01-06-01-02-02-17.wav,fear,17,male
./Actor_17/03-01-03-02-02-02-17.wav,happy,17,male
./Actor_17/03-01-05-02-01-01-17.wav,angry,17,male
./Actor_17/03-01-04-02-02-01-17.wav,sad,17,male
./Actor_17/03-01-08-02-01-01-17.wav,surprise,17,male
./Actor_17/03-01-01-01-01-01-17.wav,neutral,17,male
./Actor_17/03-01-03-01-01-02-17.wav,happy,17,male
./Actor_17/03-01-04-02-01-02-17.wav,sad,17,male
./Actor_17/03-01-08-01-02-01-17.wav,surprise,17,male
./Actor_17/03-01-04-01-01-01-17.wav,sad,17,male
./Actor_17/03-01-03-02-01-01-17.wav,happy,17,male
./Actor_17/03-01-07-02-01-02-17.wav,disgust,17,male
./Actor_17/03-01-06-02-01-01-17.wav,fear,17,male
./Actor_17/03-01-07-02-02-01-17.wav,disgust,17,male
./Actor_17/03-01-07-02-02-02-17.wav,disgust,17,male
./Actor_13/03-01-02-01-01-02-13.wav,calm,13,male
./Actor_13/03-01-05-01-02-02-13.wav,angry,13,male
./Actor_13/03-01-08-01-02-02-13.wav,surprise,13,male
./Actor_13/03-01-01-01-02-01-13.wav,neutral,13,male
./Actor_13/03-01-04-01-01-01-13.wav,sad,13,male
./Actor_13/03-01-03-01-01-02-13.wav,happy,13,male
./Actor_13/03-01-07-01-01-02-13.wav,disgust,13,male
./Actor_13/03-01-05-02-02-01-13.wav,angry,13,male
./Actor_13/03-01-04-02-01-01-13.wav,sad,13,male
./Actor_13/03-01-05-01-02-01-13.wav,angry,13,male
./Actor_13/03-01-06-01-01-01-13.wav,fear,13,male
./Actor_13/03-01-07-01-02-01-13.wav,disgust,13,male
./Actor_13/03-01-04-01-02-02-13.wav,sad,13,male
./Actor_13/03-01-05-01-01-01-13.wav,angry,13,male
./Actor_13/03-01-08-02-02-02-13.wav,surprise,13,male
./Actor_13/03-01-06-02-02-02-13.wav,fear,13,male
./Actor_13/03-01-07-02-01-02-13.wav,disgust,13,male
./Actor_13/03-01-01-01-01-01-13.wav,neutral,13,male
./Actor_13/03-01-08-01-01-01-13.wav,surprise,13,male
./Actor_13/03-01-03-01-02-01-13.wav,happy,13,male
./Actor_13/03-01-05-02-01-01-13.wav,angry,13,male
./Actor_13/03-01-02-01-02-01-13.wav,calm,13,male
./Actor_13/03-01-03-02-01-02-13.wav,happy,13,male
./Actor_13/03-01-07-02-02-01-13.wav,disgust,13,male
./Actor_13/03-01-04-02-02-02-13.wav,sad,13,male
./Actor_13/03-01-04-01-02-01-13.wav,sad,13,male
./Actor_13/03-01-04-02-02-01-13.wav,sad,13,male
./Actor_13/03-01-03-01-01-01-13.wav,happy,13,male
./Actor_13/03-01-02-02-01-02-13.wav,calm,13,male
./Actor_13/03-01-01-01-02-02-13.wav,neutral,13,male
./Actor_13/03-01-06-02-01-01-13.wav,fear,13,male
./Actor_13/03-01-04-01-01-02-13.wav,sad,13,male
./Actor_13/03-01-01-01-01-02-13.wav,neutral,13,male
./Actor_13/03-01-06-01-02-01-13.wav,fear,13,male
./Actor_13/03-01-07-01-02-02-13.wav,disgust,13,male
./Actor_13/03-01-07-02-02-02-13.wav,disgust,13,male
./Actor_13/03-01-06-02-01-02-13.wav,fear,13,male
./Actor_13/03-01-02-01-02-02-13.wav,calm,13,male
./Actor_13/03-01-03-02-02-01-13.wav,happy,13,male
./Actor_13/03-01-06-02-02-01-13.wav,fear,13,male
./Actor_13/03-01-02-02-01-01-13.wav,calm,13,male
./Actor_13/03-01-05-02-02-02-13.wav,angry,13,male
./Actor_13/03-01-05-01-01-02-13.wav,angry,13,male
./Actor_13/03-01-06-01-01-02-13.wav,fear,13,male
./Actor_13/03-01-08-02-01-01-13.wav,surprise,13,male
./Actor_13/03-01-06-01-02-02-13.wav,fear,13,male
./Actor_13/03-01-08-01-01-02-13.wav,surprise,13,male
./Actor_13/03-01-08-02-01-02-13.wav,surprise,13,male
./Actor_13/03-01-07-02-01-01-13.wav,disgust,13,male
./Actor_13/03-01-02-02-02-01-13.wav,calm,13,male
./Actor_13/03-01-02-02-02-02-13.wav,calm,13,male
./Actor_13/03-01-05-02-01-02-13.wav,angry,13,male
./Actor_13/03-01-03-02-02-02-13.wav,happy,13,male
./Actor_13/03-01-08-01-02-01-13.wav,surprise,13,male
./Actor_13/03-01-07-01-01-01-13.wav,disgust,13,male
./Actor_13/03-01-08-02-02-01-13.wav,surprise,13,male
./Actor_13/03-01-04-02-01-02-13.wav,sad,13,male
./Actor_13/03-01-02-01-01-01-13.wav,calm,13,male
./Actor_13/03-01-03-01-02-02-13.wav,happy,13,male
./Actor_13/03-01-03-02-01-01-13.wav,happy,13,male
./Actor_11/03-01-02-01-02-02-11.wav,calm,11,male
./Actor_11/03-01-05-01-02-02-11.wav,angry,11,male
./Actor_11/03-01-08-02-02-01-11.wav,surprise,11,male
./Actor_11/03-01-05-01-01-02-11.wav,angry,11,male
./Actor_11/03-01-08-02-01-01-11.wav,surprise,11,male
./Actor_11/03-01-03-01-01-02-11.wav,happy,11,male
./Actor_11/03-01-07-02-01-01-11.wav,disgust,11,male
./Actor_11/03-01-02-02-01-01-11.wav,calm,11,male
./Actor_11/03-01-05-01-01-01-11.wav,angry,11,male
./Actor_11/03-01-07-01-01-01-11.wav,disgust,11,male
./Actor_11/03-01-02-02-01-02-11.wav,calm,11,male
./Actor_11/03-01-06-02-02-02-11.wav,fear,11,male
./Actor_11/03-01-03-02-02-01-11.wav,happy,11,male
./Actor_11/03-01-07-02-02-01-11.wav,disgust,11,male
./Actor_11/03-01-04-02-02-02-11.wav,sad,11,male
./Actor_11/03-01-03-02-02-02-11.wav,happy,11,male
./Actor_11/03-01-02-02-02-02-11.wav,calm,11,male
./Actor_11/03-01-07-01-02-02-11.wav,disgust,11,male
./Actor_11/03-01-05-02-02-01-11.wav,angry,11,male
./Actor_11/03-01-05-02-01-01-11.wav,angry,11,male
./Actor_11/03-01-06-02-01-01-11.wav,fear,11,male
./Actor_11/03-01-05-01-02-01-11.wav,angry,11,male
./Actor_11/03-01-06-01-02-01-11.wav,fear,11,male
./Actor_11/03-01-08-02-02-02-11.wav,surprise,11,male
./Actor_11/03-01-08-01-01-02-11.wav,surprise,11,male
./Actor_11/03-01-04-02-01-01-11.wav,sad,11,male
./Actor_11/03-01-08-01-02-01-11.wav,surprise,11,male
./Actor_11/03-01-06-01-01-02-11.wav,fear,11,male
./Actor_11/03-01-08-02-01-02-11.wav,surprise,11,male
./Actor_11/03-01-02-01-02-01-11.wav,calm,11,male
./Actor_11/03-01-03-01-01-01-11.wav,happy,11,male
./Actor_11/03-01-07-01-01-02-11.wav,disgust,11,male
./Actor_11/03-01-04-02-02-01-11.wav,sad,11,male
./Actor_11/03-01-02-01-01-02-11.wav,calm,11,male
./Actor_11/03-01-01-01-02-01-11.wav,neutral,11,male
./Actor_11/03-01-08-01-02-02-11.wav,surprise,11,male
./Actor_11/03-01-01-01-01-01-11.wav,neutral,11,male
./Actor_11/03-01-04-01-02-02-11.wav,sad,11,male
./Actor_11/03-01-01-01-01-02-11.wav,neutral,11,male
./Actor_11/03-01-03-02-01-02-11.wav,happy,11,male
./Actor_11/03-01-03-02-01-01-11.wav,happy,11,male
./Actor_11/03-01-01-01-02-02-11.wav,neutral,11,male
./Actor_11/03-01-04-01-01-01-11.wav,sad,11,male
./Actor_11/03-01-04-02-01-02-11.wav,sad,11,male
./Actor_11/03-01-06-01-02-02-11.wav,fear,11,male
./Actor_11/03-01-08-01-01-01-11.wav,surprise,11,male
./Actor_11/03-01-07-01-02-01-11.wav,disgust,11,male
./Actor_11/03-01-02-02-02-01-11.wav,calm,11,male
./Actor_11/03-01-06-02-01-02-11.wav,fear,11,male
./Actor_11/03-01-06-01-01-01-11.wav,fear,11,male
./Actor_11/03-01-05-02-02-02-11.wav,angry,11,male
./Actor_11/03-01-04-01-01-02-11.wav,sad,11,male
./Actor_11/03-01-03-01-02-02-11.wav,happy,11,male
./Actor_11/03-01-07-02-02-02-11.wav,disgust,11,male
./Actor_11/03-01-05-02-01-02-11.wav,angry,11,male
./Actor_11/03-01-04-01-02-01-11.wav,sad,11,male
./Actor_11/03-01-07-02-01-02-11.wav,disgust,11,male
./Actor_11/03-01-02-01-01-01-11.wav,calm,11,male
./Actor_11/03-01-06-02-02-01-11.wav,fear,11,male
./Actor_11/03-01-03-01-02-01-11.wav,happy,11,male
./Actor_05/03-01-06-02-02-01-05.wav,fear,05,male
./Actor_05/03-01-08-01-02-02-05.wav,surprise,05,male
./Actor_05/03-01-02-01-01-02-05.wav,calm,05,male
./Actor_05/03-01-07-01-02-02-05.wav,disgust,05,male
./Actor_05/03-01-01-01-01-01-05.wav,neutral,05,male
./Actor_05/03-01-01-01-01-02-05.wav,neutral,05,male
./Actor_05/03-01-06-01-01-02-05.wav,fear,05,male
./Actor_05/03-01-03-02-02-01-05.wav,happy,05,male
./Actor_05/03-01-02-02-01-01-05.wav,calm,05,male
./Actor_05/03-01-08-01-01-01-05.wav,surprise,05,male
./Actor_05/03-01-07-02-02-01-05.wav,disgust,05,male
./Actor_05/03-01-04-02-01-02-05.wav,sad,05,male
./Actor_05/03-01-03-02-01-02-05.wav,happy,05,male
./Actor_05/03-01-02-02-02-02-05.wav,calm,05,male
./Actor_05/03-01-05-01-02-02-05.wav,angry,05,male
./Actor_05/03-01-04-02-02-01-05.wav,sad,05,male
./Actor_05/03-01-06-01-02-01-05.wav,fear,05,male
./Actor_05/03-01-08-02-01-02-05.wav,surprise,05,male
./Actor_05/03-01-04-02-01-01-05.wav,sad,05,male
./Actor_05/03-01-08-02-01-01-05.wav,surprise,05,male
./Actor_05/03-01-08-02-02-02-05.wav,surprise,05,male
./Actor_05/03-01-05-01-01-02-05.wav,angry,05,male
./Actor_05/03-01-08-02-02-01-05.wav,surprise,05,male
./Actor_05/03-01-06-02-01-02-05.wav,fear,05,male
./Actor_05/03-01-03-02-02-02-05.wav,happy,05,male
./Actor_05/03-01-02-01-02-02-05.wav,calm,05,male
./Actor_05/03-01-05-02-01-02-05.wav,angry,05,male
./Actor_05/03-01-05-02-02-02-05.wav,angry,05,male
./Actor_05/03-01-06-02-01-01-05.wav,fear,05,male
./Actor_05/03-01-04-01-02-01-05.wav,sad,05,male
./Actor_05/03-01-07-02-01-01-05.wav,disgust,05,male
./Actor_05/03-01-07-01-02-01-05.wav,disgust,05,male
./Actor_05/03-01-02-01-01-01-05.wav,calm,05,male
./Actor_05/03-01-05-02-02-01-05.wav,angry,05,male
./Actor_05/03-01-08-01-02-01-05.wav,surprise,05,male
./Actor_05/03-01-05-01-01-01-05.wav,angry,05,male
./Actor_05/03-01-04-02-02-02-05.wav,sad,05,male
./Actor_05/03-01-05-02-01-01-05.wav,angry,05,male
./Actor_05/03-01-07-01-01-02-05.wav,disgust,05,male
./Actor_05/03-01-06-02-02-02-05.wav,fear,05,male
./Actor_05/03-01-03-01-01-02-05.wav,happy,05,male
./Actor_05/03-01-08-01-01-02-05.wav,surprise,05,male
./Actor_05/03-01-05-01-02-01-05.wav,angry,05,male
./Actor_05/03-01-02-02-02-01-05.wav,calm,05,male
./Actor_05/03-01-03-01-02-01-05.wav,happy,05,male
./Actor_05/03-01-07-02-01-02-05.wav,disgust,05,male
./Actor_05/03-01-04-01-01-02-05.wav,sad,05,male
./Actor_05/03-01-02-02-01-02-05.wav,calm,05,male
./Actor_05/03-01-07-01-01-01-05.wav,disgust,05,male
./Actor_05/03-01-03-02-01-01-05.wav,happy,05,male
./Actor_05/03-01-06-01-02-02-05.wav,fear,05,male
./Actor_05/03-01-04-01-02-02-05.wav,sad,05,male
./Actor_05/03-01-01-01-02-01-05.wav,neutral,05,male
./Actor_05/03-01-07-02-02-02-05.wav,disgust,05,male
./Actor_05/03-01-03-01-01-01-05.wav,happy,05,male
./Actor_05/03-01-06-01-01-01-05.wav,fear,05,male
./Actor_05/03-01-01-01-02-02-05.wav,neutral,05,male
./Actor_05/03-01-02-01-02-01-05.wav,calm,05,male
./Actor_05/03-01-03-01-02-02-05.wav,happy,05,male
./Actor_05/03-01-04-01-01-01-05.wav,sad,05,male
./Actor_14/03-01-03-02-01-01-14.wav,happy,14,female
./Actor_14/03-01-08-01-02-01-14.wav,surprise,14,female
./Actor_14/03-01-04-01-01-01-14.wav,sad,14,female
./Actor_14/03-01-02-02-01-01-14.wav,calm,14,female
./Actor_14/03-01-02-01-02-01-14.wav,calm,14,female
./Actor_14/03-01-07-02-01-01-14.wav,disgust,14,female
./Actor_14/03-01-02-01-01-02-14.wav,calm,14,female
./Actor_14/03-01-05-01-02-02-14.wav,angry,14,female
./Actor_14/03-01-08-02-01-02-14.wav,surprise,14,female
./Actor_14/03-01-08-01-01-01-14.wav,surprise,14,female
./Actor_14/03-01-08-02-01-01-14.wav,surprise,14,female
./Actor_14/03-01-05-01-01-01-14.wav,angry,14,female
./Actor_14/03-01-02-02-02-01-14.wav,calm,14,female
./Actor_14/03-01-03-01-01-01-14.wav,happy,14,female
./Actor_14/03-01-07-02-02-02-14.wav,disgust,14,female
./Actor_14/03-01-06-02-02-01-14.wav,fear,14,female
./Actor_14/03-01-02-02-02-02-14.wav,calm,14,female
./Actor_14/03-01-05-01-02-01-14.wav,angry,14,female
./Actor_14/03-01-03-01-01-02-14.wav,happy,14,female
./Actor_14/03-01-05-02-02-01-14.wav,angry,14,female
./Actor_14/03-01-07-02-01-02-14.wav,disgust,14,female
./Actor_14/03-01-01-01-02-02-14.wav,neutral,14,female
./Actor_14/03-01-04-01-02-01-14.wav,sad,14,female
./Actor_14/03-01-03-01-02-01-14.wav,happy,14,female
./Actor_14/03-01-06-01-01-02-14.wav,fear,14,female
./Actor_14/03-01-03-01-02-02-14.wav,happy,14,female
./Actor_14/03-01-01-01-01-02-14.wav,neutral,14,female
./Actor_14/03-01-07-01-02-02-14.wav,disgust,14,female
./Actor_14/03-01-04-01-02-02-14.wav,sad,14,female
./Actor_14/03-01-08-01-01-02-14.wav,surprise,14,female
./Actor_14/03-01-05-02-02-02-14.wav,angry,14,female
./Actor_14/03-01-05-02-01-02-14.wav,angry,14,female
./Actor_14/03-01-03-02-02-01-14.wav,happy,14,female
./Actor_14/03-01-03-02-02-02-14.wav,happy,14,female
./Actor_14/03-01-06-01-01-01-14.wav,fear,14,female
./Actor_14/03-01-02-02-01-02-14.wav,calm,14,female
./Actor_14/03-01-07-01-02-01-14.wav,disgust,14,female
./Actor_14/03-01-08-01-02-02-14.wav,surprise,14,female
./Actor_14/03-01-01-01-01-01-14.wav,neutral,14,female
./Actor_14/03-01-06-02-02-02-14.wav,fear,14,female
./Actor_14/03-01-07-02-02-01-14.wav,disgust,14,female
./Actor_14/03-01-02-01-01-01-14.wav,calm,14,female
./Actor_14/03-01-06-01-02-02-14.wav,fear,14,female
./Actor_14/03-01-01-01-02-01-14.wav,neutral,14,female
./Actor_14/03-01-07-01-01-01-14.wav,disgust,14,female
./Actor_14/03-01-04-02-02-02-14.wav,sad,14,female
./Actor_14/03-01-04-02-02-01-14.wav,sad,14,female
./Actor_14/03-01-05-02-01-01-14.wav,angry,14,female
./Actor_14/03-01-04-01-01-02-14.wav,sad,14,female
./Actor_14/03-01-06-01-02-01-14.wav,fear,14,female
./Actor_14/03-01-04-02-01-02-14.wav,sad,14,female
./Actor_14/03-01-06-02-01-01-14.wav,fear,14,female
./Actor_14/03-01-03-02-01-02-14.wav,happy,14,female
./Actor_14/03-01-06-02-01-02-14.wav,fear,14,female
./Actor_14/03-01-08-02-02-01-14.wav,surprise,14,female
./Actor_14/03-01-07-01-01-02-14.wav,disgust,14,female
./Actor_14/03-01-05-01-01-02-14.wav,angry,14,female
./Actor_14/03-01-04-02-01-01-14.wav,sad,14,female
./Actor_14/03-01-08-02-02-02-14.wav,surprise,14,female
./Actor_14/03-01-02-01-02-02-14.wav,calm,14,female
./Actor_06/03-01-06-01-02-02-06.wav,fear,06,female
./Actor_06/03-01-02-02-02-02-06.wav,calm,06,female
./Actor_06/03-01-03-01-01-01-06.wav,happy,06,female
./Actor_06/03-01-04-02-02-02-06.wav,sad,06,female
./Actor_06/03-01-05-02-02-01-06.wav,angry,06,female
./Actor_06/03-01-03-02-01-02-06.wav,happy,06,female
./Actor_06/03-01-08-01-02-02-06.wav,surprise,06,female
./Actor_06/03-01-06-02-01-01-06.wav,fear,06,female
./Actor_06/03-01-06-01-01-02-06.wav,fear,06,female
./Actor_06/03-01-01-01-01-02-06.wav,neutral,06,female
./Actor_06/03-01-03-01-02-02-06.wav,happy,06,female
./Actor_06/03-01-05-01-02-01-06.wav,angry,06,female
./Actor_06/03-01-05-02-02-02-06.wav,angry,06,female
./Actor_06/03-01-08-02-02-01-06.wav,surprise,06,female
./Actor_06/03-01-06-02-02-01-06.wav,fear,06,female
./Actor_06/03-01-05-01-01-01-06.wav,angry,06,female
./Actor_06/03-01-04-01-01-02-06.wav,sad,06,female
./Actor_06/03-01-03-02-01-01-06.wav,happy,06,female
./Actor_06/03-01-04-01-02-01-06.wav,sad,06,female
./Actor_06/03-01-05-02-01-02-06.wav,angry,06,female
./Actor_06/03-01-08-02-01-01-06.wav,surprise,06,female
./Actor_06/03-01-05-02-01-01-06.wav,angry,06,female
./Actor_06/03-01-03-02-02-02-06.wav,happy,06,female
./Actor_06/03-01-07-01-01-01-06.wav,disgust,06,female
./Actor_06/03-01-03-01-02-01-06.wav,happy,06,female
./Actor_06/03-01-08-02-01-02-06.wav,surprise,06,female
./Actor_06/03-01-07-02-01-01-06.wav,disgust,06,female
./Actor_06/03-01-02-01-01-01-06.wav,calm,06,female
./Actor_06/03-01-03-01-01-02-06.wav,happy,06,female
./Actor_06/03-01-07-01-02-02-06.wav,disgust,06,female
./Actor_06/03-01-08-02-02-02-06.wav,surprise,06,female
./Actor_06/03-01-02-02-01-02-06.wav,calm,06,female
./Actor_06/03-01-07-01-02-01-06.wav,disgust,06,female
./Actor_06/03-01-08-01-02-01-06.wav,surprise,06,female
./Actor_06/03-01-08-01-01-02-06.wav,surprise,06,female
./Actor_06/03-01-04-01-01-01-06.wav,sad,06,female
./Actor_06/03-01-02-02-01-01-06.wav,calm,06,female
./Actor_06/03-01-06-01-02-01-06.wav,fear,06,female
./Actor_06/03-01-01-01-02-02-06.wav,neutral,06,female
./Actor_06/03-01-04-02-01-02-06.wav,sad,06,female
./Actor_06/03-01-02-02-02-01-06.wav,calm,06,female
./Actor_06/03-01-02-01-02-02-06.wav,calm,06,female
./Actor_06/03-01-04-02-02-01-06.wav,sad,06,female
./Actor_06/03-01-01-01-01-01-06.wav,neutral,06,female
./Actor_06/03-01-03-02-02-01-06.wav,happy,06,female
./Actor_06/03-01-07-02-01-02-06.wav,disgust,06,female
./Actor_06/03-01-08-01-01-01-06.wav,surprise,06,female
./Actor_06/03-01-06-02-02-02-06.wav,fear,06,female
./Actor_06/03-01-06-02-01-02-06.wav,fear,06,female
./Actor_06/03-01-07-01-01-02-06.wav,disgust,06,female
./Actor_06/03-01-02-01-02-01-06.wav,calm,06,female
./Actor_06/03-01-07-02-02-01-06.wav,disgust,06,female
./Actor_06/03-01-05-01-01-02-06.wav,angry,06,female
./Actor_06/03-01-01-01-02-01-06.wav,neutral,06,female
./Actor_06/03-01-04-01-02-02-06.wav,sad,06,female
./Actor_06/03-01-04-02-01-01-06.wav,sad,06,female
./Actor_06/03-01-05-01-02-02-06.wav,angry,06,female
./Actor_06/03-01-02-01-01-02-06.wav,calm,06,female
./Actor_06/03-01-06-01-01-01-06.wav,fear,06,female
./Actor_06/03-01-07-02-02-02-06.wav,disgust,06,female
./Actor_03/03-01-03-02-01-02-03.wav,happy,03,male
./Actor_03/03-01-03-01-02-02-03.wav,happy,03,male
./Actor_03/03-01-06-02-02-02-03.wav,fear,03,male
./Actor_03/03-01-07-01-02-02-03.wav,disgust,03,male
./Actor_03/03-01-06-01-01-02-03.wav,fear,03,male
./Actor_03/03-01-08-02-01-02-03.wav,surprise,03,male
./Actor_03/03-01-03-02-01-01-03.wav,happy,03,male
./Actor_03/03-01-06-02-01-02-03.wav,fear,03,male
./Actor_03/03-01-08-02-02-01-03.wav,surprise,03,male
./Actor_03/03-01-05-01-02-01-03.wav,angry,03,male
./Actor_03/03-01-04-01-02-02-03.wav,sad,03,male
./Actor_03/03-01-08-01-02-02-03.wav,surprise,03,male
./Actor_03/03-01-07-02-01-01-03.wav,disgust,03,male
./Actor_03/03-01-06-01-01-01-03.wav,fear,03,male
./Actor_03/03-01-04-01-01-02-03.wav,sad,03,male
./Actor_03/03-01-02-02-02-02-03.wav,calm,03,male
./Actor_03/03-01-02-02-01-02-03.wav,calm,03,male
./Actor_03/03-01-07-02-02-01-03.wav,disgust,03,male
./Actor_03/03-01-03-02-02-01-03.wav,happy,03,male
./Actor_03/03-01-02-02-02-01-03.wav,calm,03,male
./Actor_03/03-01-02-01-01-01-03.wav,calm,03,male
./Actor_03/03-01-04-02-02-02-03.wav,sad,03,male
./Actor_03/03-01-06-02-01-01-03.wav,fear,03,male
./Actor_03/03-01-01-01-02-02-03.wav,neutral,03,male
./Actor_03/03-01-07-02-02-02-03.wav,disgust,03,male
./Actor_03/03-01-02-02-01-01-03.wav,calm,03,male
./Actor_03/03-01-02-01-01-02-03.wav,calm,03,male
./Actor_03/03-01-05-02-02-02-03.wav,angry,03,male
./Actor_03/03-01-07-02-01-02-03.wav,disgust,03,male
./Actor_03/03-01-03-01-01-01-03.wav,happy,03,male
./Actor_03/03-01-04-01-01-01-03.wav,sad,03,male
./Actor_03/03-01-01-01-01-01-03.wav,neutral,03,male
./Actor_03/03-01-08-01-01-02-03.wav,surprise,03,male
./Actor_03/03-01-05-02-01-01-03.wav,angry,03,male
./Actor_03/03-01-08-01-02-01-03.wav,surprise,03,male
./Actor_03/03-01-02-01-02-01-03.wav,calm,03,male
./Actor_03/03-01-01-01-01-02-03.wav,neutral,03,male
./Actor_03/03-01-06-02-02-01-03.wav,fear,03,male
./Actor_03/03-01-02-01-02-02-03.wav,calm,03,male
./Actor_03/03-01-07-01-01-01-03.wav,disgust,03,male
./Actor_03/03-01-05-01-02-02-03.wav,angry,03,male
./Actor_03/03-01-06-01-02-02-03.wav,fear,03,male
./Actor_03/03-01-01-01-02-01-03.wav,neutral,03,male
./Actor_03/03-01-05-01-01-01-03.wav,angry,03,male
./Actor_03/03-01-03-01-01-02-03.wav,happy,03,male
./Actor_03/03-01-08-01-01-01-03.wav,surprise,03,male
./Actor_03/03-01-07-01-01-02-03.wav,disgust,03,male
./Actor_03/03-01-05-02-02-01-03.wav,angry,03,male
./Actor_03/03-01-03-01-02-01-03.wav,happy,03,male
./Actor_03/03-01-04-02-02-01-03.wav,sad,03,male
./Actor_03/03-01-07-01-02-01-03.wav,disgust,03,male
./Actor_03/03-01-08-02-01-01-03.wav,surprise,03,male
./Actor_03/03-01-06-01-02-01-03.wav,fear,03,male
./Actor_03/03-01-03-02-02-02-03.wav,happy,03,male
./Actor_03/03-01-04-02-01-02-03.wav,sad,03,male
./Actor_03/03-01-04-02-01-01-03.wav,sad,03,male
./Actor_03/03-01-04-01-02-01-03.wav,sad,03,male
./Actor_03/03-01-05-01-01-02-03.wav,angry,03,male
./Actor_03/03-01-08-02-02-02-03.wav,surprise,03,male
./Actor_03/03-01-05-02-01-02-03.wav,angry,03,male
./Actor_19/03-01-02-02-02-02-19.wav,calm,19,male
./Actor_19/03-01-03-01-02-01-19.wav,happy,19,male
./Actor_19/03-01-07-02-01-02-19.wav,disgust,19,male
./Actor_19/03-01-05-02-02-02-19.wav,angry,19,male
./Actor_19/03-01-07-01-02-02-19.wav,disgust,19,male
./Actor_19/03-01-01-01-01-02-19.wav,neutral,19,male
./Actor_19/03-01-06-02-02-02-19.wav,fear,19,male
./Actor_19/03-01-05-01-01-01-19.wav,angry,19,male
./Actor_19/03-01-02-02-02-01-19.wav,calm,19,male
./Actor_19/03-01-07-01-01-02-19.wav,disgust,19,male
./Actor_19/03-01-04-02-02-01-19.wav,sad,19,male
./Actor_19/03-01-05-01-02-02-19.wav,angry,19,male
./Actor_19/03-01-02-01-01-01-19.wav,calm,19,male
./Actor_19/03-01-08-01-02-01-19.wav,surprise,19,male
./Actor_19/03-01-02-02-01-02-19.wav,calm,19,male
./Actor_19/03-01-03-01-01-02-19.wav,happy,19,male
./Actor_19/03-01-07-02-02-02-19.wav,disgust,19,male
./Actor_19/03-01-06-01-01-02-19.wav,fear,19,male
./Actor_19/03-01-02-02-01-01-19.wav,calm,19,male
./Actor_19/03-01-04-01-02-01-19.wav,sad,19,male
./Actor_19/03-01-07-02-02-01-19.wav,disgust,19,male
./Actor_19/03-01-08-02-02-01-19.wav,surprise,19,male
./Actor_19/03-01-03-01-02-02-19.wav,happy,19,male
./Actor_19/03-01-01-01-02-02-19.wav,neutral,19,male
./Actor_19/03-01-02-01-02-01-19.wav,calm,19,male
./Actor_19/03-01-04-02-01-02-19.wav,sad,19,male
./Actor_19/03-01-04-01-02-02-19.wav,sad,19,male
./Actor_19/03-01-05-01-01-02-19.wav,angry,19,male
./Actor_19/03-01-08-02-02-02-19.wav,surprise,19,male
./Actor_19/03-01-02-01-01-02-19.wav,calm,19,male
./Actor_19/03-01-06-01-02-01-19.wav,fear,19,male
./Actor_19/03-01-08-02-01-01-19.wav,surprise,19,male
./Actor_19/03-01-05-02-01-02-19.wav,angry,19,male
./Actor_19/03-01-03-02-02-02-19.wav,happy,19,male
./Actor_19/03-01-03-02-01-01-19.wav,happy,19,male
./Actor_19/03-01-03-02-01-02-19.wav,happy,19,male
./Actor_19/03-01-01-01-02-01-19.wav,neutral,19,male
./Actor_19/03-01-05-01-02-01-19.wav,angry,19,male
./Actor_19/03-01-08-01-01-01-19.wav,surprise,19,male
./Actor_19/03-01-04-01-01-02-19.wav,sad,19,male
./Actor_19/03-01-06-01-01-01-19.wav,fear,19,male
./Actor_19/03-01-06-02-01-02-19.wav,fear,19,male
./Actor_19/03-01-04-01-01-01-19.wav,sad,19,male
./Actor_19/03-01-06-02-01-01-19.wav,fear,19,male
./Actor_19/03-01-07-02-01-01-19.wav,disgust,19,male
./Actor_19/03-01-01-01-01-01-19.wav,neutral,19,male
./Actor_19/03-01-03-01-01-01-19.wav,happy,19,male
./Actor_19/03-01-02-01-02-02-19.wav,calm,19,male
./Actor_19/03-01-03-02-02-01-19.wav,happy,19,male
./Actor_19/03-01-05-02-01-01-19.wav,angry,19,male
./Actor_19/03-01-07-01-01-01-19.wav,disgust,19,male
./Actor_19/03-01-04-02-01-01-19.wav,sad,19,male
./Actor_19/03-01-06-01-02-02-19.wav,fear,19,male
./Actor_19/03-01-08-01-02-02-19.wav,surprise,19,male
./Actor_19/03-01-06-02-02-01-19.wav,fear,19,male
./Actor_19/03-01-08-01-01-02-19.wav,surprise,19,male
./Actor_19/03-01-08-02-01-02-19.wav,surprise,19,male
./Actor_19/03-01-05-02-02-01-19.wav,angry,19,male
./Actor_19/03-01-07-01-02-01-19.wav,disgust,19,male
./Actor_19/03-01-04-02-02-02-19.wav,sad,19,male
./Actor_18/03-01-02-01-02-02-18.wav,calm,18,female
./Actor_18/03-01-05-01-01-01-18.wav,angry,18,female
./Actor_18/03-01-04-01-02-01-18.wav,sad,18,female
./Actor_18/03-01-02-02-01-01-18.wav,calm,18,female
./Actor_18/03-01-05-02-01-02-18.wav,angry,18,female
./Actor_18/03-01-02-02-01-02-18.wav,calm,18,female
./Actor_18/03-01-08-02-01-02-18.wav,surprise,18,female
./Actor_18/03-01-03-02-01-02-18.wav,happy,18,female
./Actor_18/03-01-08-02-02-01-18.wav,surprise,18,female
./Actor_18/03-01-05-01-02-02-18.wav,angry,18,female
./Actor_18/03-01-07-02-01-01-18.wav,disgust,18,female
./Actor_18/03-01-06-02-01-02-18.wav,fear,18,female
./Actor_18/03-01-04-02-02-02-18.wav,sad,18,female
./Actor_18/03-01-03-02-01-01-18.wav,happy,18,female
./Actor_18/03-01-04-01-01-01-18.wav,sad,18,female
./Actor_18/03-01-02-02-02-01-18.wav,calm,18,female
./Actor_18/03-01-03-01-01-02-18.wav,happy,18,female
./Actor_18/03-01-06-01-01-02-18.wav,fear,18,female
./Actor_18/03-01-01-01-01-02-18.wav,neutral,18,female
./Actor_18/03-01-07-01-02-02-18.wav,disgust,18,female
./Actor_18/03-01-08-01-01-01-18.wav,surprise,18,female
./Actor_18/03-01-07-02-01-02-18.wav,disgust,18,female
./Actor_18/03-01-05-02-02-01-18.wav,angry,18,female
./Actor_18/03-01-08-01-02-01-18.wav,surprise,18,female
./Actor_18/03-01-03-01-01-01-18.wav,happy,18,female
./Actor_18/03-01-03-01-02-02-18.wav,happy,18,female
./Actor_18/03-01-05-01-01-02-18.wav,angry,18,female
./Actor_18/03-01-08-02-01-01-18.wav,surprise,18,female
./Actor_18/03-01-02-01-01-02-18.wav,calm,18,female
./Actor_18/03-01-07-01-01-02-18.wav,disgust,18,female
./Actor_18/03-01-02-01-01-01-18.wav,calm,18,female
./Actor_18/03-01-03-01-02-01-18.wav,happy,18,female
./Actor_18/03-01-07-01-01-01-18.wav,disgust,18,female
./Actor_18/03-01-05-02-01-01-18.wav,angry,18,female
./Actor_18/03-01-07-02-02-02-18.wav,disgust,18,female
./Actor_18/03-01-01-01-02-02-18.wav,neutral,18,female
./Actor_18/03-01-07-01-02-01-18.wav,disgust,18,female
./Actor_18/03-01-08-02-02-02-18.wav,surprise,18,female
./Actor_18/03-01-02-01-02-01-18.wav,calm,18,female
./Actor_18/03-01-07-02-02-01-18.wav,disgust,18,female
./Actor_18/03-01-01-01-02-01-18.wav,neutral,18,female
./Actor_18/03-01-06-01-02-01-18.wav,fear,18,female
./Actor_18/03-01-04-02-01-01-18.wav,sad,18,female
./Actor_18/03-01-01-01-01-01-18.wav,neutral,18,female
./Actor_18/03-01-06-02-01-01-18.wav,fear,18,female
./Actor_18/03-01-06-01-02-02-18.wav,fear,18,female
./Actor_18/03-01-03-02-02-01-18.wav,happy,18,female
./Actor_18/03-01-04-02-02-01-18.wav,sad,18,female
./Actor_18/03-01-03-02-02-02-18.wav,happy,18,female
./Actor_18/03-01-04-02-01-02-18.wav,sad,18,female
./Actor_18/03-01-04-01-01-02-18.wav,sad,18,female
./Actor_18/03-01-06-01-01-01-18.wav,fear,18,female
./Actor_18/03-01-08-01-02-02-18.wav,surprise,18,female
./Actor_18/03-01-04-01-02-02-18.wav,sad,18,female
./Actor_18/03-01-08-01-01-02-18.wav,surprise,18,female
./Actor_18/03-01-06-02-02-02-18.wav,fear,18,female
./Actor_18/03-01-02-02-02-02-18.wav,calm,18,female
./Actor_18/03-01-06-02-02-01-18.wav,fear,18,female
./Actor_18/03-01-05-02-02-02-18.wav,angry,18,female
./Actor_18/03-01-05-01-02-01-18.wav,angry,18,female
./Actor_23/03-01-03-02-01-02-23.wav,happy,23,male
./Actor_23/03-01-02-01-01-02-23.wav,calm,23,male
./Actor_23/03-01-04-01-01-02-23.wav,sad,23,male
./Actor_23/03-01-07-02-02-02-23.wav,disgust,23,male
./Actor_23/03-01-05-02-02-01-23.wav,angry,23,male
./Actor_23/03-01-06-01-01-02-23.wav,fear,23,male
./Actor_23/03-01-08-01-01-02-23.wav,surprise,23,male
./Actor_23/03-01-06-02-01-01-23.wav,fear,23,male
./Actor_23/03-01-05-02-02-02-23.wav,angry,23,male
./Actor_23/03-01-05-01-02-02-23.wav,angry,23,male
./Actor_23/03-01-02-01-01-01-23.wav,calm,23,male
./Actor_23/03-01-07-01-02-01-23.wav,disgust,23,male
./Actor_23/03-01-01-01-02-01-23.wav,neutral,23,male
./Actor_23/03-01-03-02-02-02-23.wav,happy,23,male
./Actor_23/03-01-07-01-01-02-23.wav,disgust,23,male
./Actor_23/03-01-01-01-01-02-23.wav,neutral,23,male
./Actor_23/03-01-01-01-01-01-23.wav,neutral,23,male
./Actor_23/03-01-02-02-02-01-23.wav,calm,23,male
./Actor_23/03-01-05-02-01-02-23.wav,angry,23,male
./Actor_23/03-01-07-02-02-01-23.wav,disgust,23,male
./Actor_23/03-01-08-01-01-01-23.wav,surprise,23,male
./Actor_23/03-01-03-02-01-01-23.wav,happy,23,male
./Actor_23/03-01-08-02-01-02-23.wav,surprise,23,male
./Actor_23/03-01-03-01-02-02-23.wav,happy,23,male
./Actor_23/03-01-08-02-02-02-23.wav,surprise,23,male
./Actor_23/03-01-06-01-01-01-23.wav,fear,23,male
./Actor_23/03-01-07-01-01-01-23.wav,disgust,23,male
./Actor_23/03-01-08-02-01-01-23.wav,surprise,23,male
./Actor_23/03-01-02-02-01-01-23.wav,calm,23,male
./Actor_23/03-01-03-01-02-01-23.wav,happy,23,male
./Actor_23/03-01-05-01-02-01-23.wav,angry,23,male
./Actor_23/03-01-02-01-02-02-23.wav,calm,23,male
./Actor_23/03-01-04-02-02-02-23.wav,sad,23,male
./Actor_23/03-01-06-02-02-01-23.wav,fear,23,male
./Actor_23/03-01-06-01-02-02-23.wav,fear,23,male
./Actor_23/03-01-05-01-01-01-23.wav,angry,23,male
./Actor_23/03-01-04-01-02-01-23.wav,sad,23,male
./Actor_23/03-01-01-01-02-02-23.wav,neutral,23,male
./Actor_23/03-01-07-02-01-01-23.wav,disgust,23,male
./Actor_23/03-01-04-02-01-01-23.wav,sad,23,male
./Actor_23/03-01-08-01-02-01-23.wav,surprise,23,male
./Actor_23/03-01-03-01-01-02-23.wav,happy,23,male
./Actor_23/03-01-07-01-02-02-23.wav,disgust,23,male
./Actor_23/03-01-02-01-02-01-23.wav,calm,23,male
./Actor_23/03-01-06-01-02-01-23.wav,fear,23,male
./Actor_23/03-01-05-01-01-02-23.wav,angry,23,male
./Actor_23/03-01-06-02-01-02-23.wav,fear,23,male
./Actor_23/03-01-02-02-01-02-23.wav,calm,23,male
./Actor_23/03-01-04-02-02-01-23.wav,sad,23,male
./Actor_23/03-01-04-02-01-02-23.wav,sad,23,male
./Actor_23/03-01-05-02-01-01-23.wav,angry,23,male
./Actor_23/03-01-07-02-01-02-23.wav,disgust,23,male
./Actor_23/03-01-02-02-02-02-23.wav,calm,23,male
./Actor_23/03-01-04-01-01-01-23.wav,sad,23,male
./Actor_23/03-01-06-02-02-02-23.wav,fear,23,male
./Actor_23/03-01-03-01-01-01-23.wav,happy,23,male
./Actor_23/03-01-04-01-02-02-23.wav,sad,23,male
./Actor_23/03-01-03-02-02-01-23.wav,happy,23,male
./Actor_23/03-01-08-02-02-01-23.wav,surprise,23,male
./Actor_23/03-01-08-01-02-02-23.wav,surprise,23,male
./Actor_22/03-01-02-01-01-01-22.wav,calm,22,female
./Actor_22/03-01-05-01-02-01-22.wav,angry,22,female
./Actor_22/03-01-03-02-01-02-22.wav,happy,22,female
./Actor_22/03-01-04-01-02-01-22.wav,sad,22,female
./Actor_22/03-01-05-02-02-02-22.wav,angry,22,female
./Actor_22/03-01-08-02-02-02-22.wav,surprise,22,female
./Actor_22/03-01-04-02-02-02-22.wav,sad,22,female
./Actor_22/03-01-02-01-02-02-22.wav,calm,22,female
./Actor_22/03-01-03-02-01-01-22.wav,happy,22,female
./Actor_22/03-01-06-01-01-01-22.wav,fear,22,female
./Actor_22/03-01-07-01-01-02-22.wav,disgust,22,female
./Actor_22/03-01-04-02-01-01-22.wav,sad,22,female
./Actor_22/03-01-07-01-02-02-22.wav,disgust,22,female
./Actor_22/03-01-04-02-02-01-22.wav,sad,22,female
./Actor_22/03-01-06-01-01-02-22.wav,fear,22,female
./Actor_22/03-01-03-02-02-02-22.wav,happy,22,female
./Actor_22/03-01-07-02-01-01-22.wav,disgust,22,female
./Actor_22/03-01-08-02-01-02-22.wav,surprise,22,female
./Actor_22/03-01-01-01-02-01-22.wav,neutral,22,female
./Actor_22/03-01-03-02-02-01-22.wav,happy,22,female
./Actor_22/03-01-03-01-01-01-22.wav,happy,22,female
./Actor_22/03-01-05-02-01-01-22.wav,angry,22,female
./Actor_22/03-01-08-01-02-01-22.wav,surprise,22,female
./Actor_22/03-01-03-01-01-02-22.wav,happy,22,female
./Actor_22/03-01-02-01-02-01-22.wav,calm,22,female
./Actor_22/03-01-05-02-02-01-22.wav,angry,22,female
./Actor_22/03-01-06-02-02-02-22.wav,fear,22,female
./Actor_22/03-01-03-01-02-02-22.wav,happy,22,female
./Actor_22/03-01-05-02-01-02-22.wav,angry,22,female
./Actor_22/03-01-01-01-01-02-22.wav,neutral,22,female
./Actor_22/03-01-07-01-01-01-22.wav,disgust,22,female
./Actor_22/03-01-04-01-01-01-22.wav,sad,22,female
./Actor_22/03-01-02-02-01-01-22.wav,calm,22,female
./Actor_22/03-01-06-01-02-01-22.wav,fear,22,female
./Actor_22/03-01-02-02-02-02-22.wav,calm,22,female
./Actor_22/03-01-08-02-01-01-22.wav,surprise,22,female
./Actor_22/03-01-08-01-02-02-22.wav,surprise,22,female
./Actor_22/03-01-02-02-01-02-22.wav,calm,22,female
./Actor_22/03-01-02-01-01-02-22.wav,calm,22,female
./Actor_22/03-01-05-01-01-02-22.wav,angry,22,female
./Actor_22/03-01-04-01-01-02-22.wav,sad,22,female
./Actor_22/03-01-08-01-01-01-22.wav,surprise,22,female
./Actor_22/03-01-06-02-01-02-22.wav,fear,22,female
./Actor_22/03-01-07-02-02-01-22.wav,disgust,22,female
./Actor_22/03-01-06-02-02-01-22.wav,fear,22,female
./Actor_22/03-01-06-02-01-01-22.wav,fear,22,female
./Actor_22/03-01-07-02-01-02-22.wav,disgust,22,female
./Actor_22/03-01-08-01-01-02-22.wav,surprise,22,female
./Actor_22/03-01-01-01-02-02-22.wav,neutral,22,female
./Actor_22/03-01-06-01-02-02-22.wav,fear,22,female
./Actor_22/03-01-02-02-02-01-22.wav,calm,22,female
./Actor_22/03-01-05-01-01-01-22.wav,angry,22,female
./Actor_22/03-01-03-01-02-01-22.wav,happy,22,female
./Actor_22/03-01-01-01-01-01-22.wav,neutral,22,female
./Actor_22/03-01-04-01-02-02-22.wav,sad,22,female
./Actor_22/03-01-05-01-02-02-22.wav,angry,22,female
./Actor_22/03-01-04-02-01-02-22.wav,sad,22,female
./Actor_22/03-01-08-02-02-01-22.wav,surprise,22,female
./Actor_22/03-01-07-02-02-02-22.wav,disgust,22,female
./Actor_22/03-01-07-01-02-01-22.wav,disgust,22,female
./Actor_15/03-01-06-01-01-01-15.wav,fear,15,male
./Actor_15/03-01-05-02-01-02-15.wav,angry,15,male
./Actor_15/03-01-05-01-01-01-15.wav,angry,15,male
./Actor_15/03-01-05-02-01-01-15.wav,angry,15,male
./Actor_15/03-01-03-02-01-01-15.wav,happy,15,male
./Actor_15/03-01-06-02-01-02-15.wav,fear,15,male
./Actor_15/03-01-02-02-01-02-15.wav,calm,15,male
./Actor_15/03-01-05-02-02-01-15.wav,angry,15,male
./Actor_15/03-01-02-01-02-02-15.wav,calm,15,male
./Actor_15/03-01-07-01-01-01-15.wav,disgust,15,male
./Actor_15/03-01-06-02-02-02-15.wav,fear,15,male
./Actor_15/03-01-07-02-01-02-15.wav,disgust,15,male
./Actor_15/03-01-02-02-02-01-15.wav,calm,15,male
./Actor_15/03-01-04-02-02-01-15.wav,sad,15,male
./Actor_15/03-01-02-01-02-01-15.wav,calm,15,male
./Actor_15/03-01-01-01-01-01-15.wav,neutral,15,male
./Actor_15/03-01-08-01-02-02-15.wav,surprise,15,male
./Actor_15/03-01-03-01-02-01-15.wav,happy,15,male
./Actor_15/03-01-08-01-01-01-15.wav,surprise,15,male
./Actor_15/03-01-08-02-02-02-15.wav,surprise,15,male
./Actor_15/03-01-03-01-01-01-15.wav,happy,15,male
./Actor_15/03-01-08-01-01-02-15.wav,surprise,15,male
./Actor_15/03-01-07-01-01-02-15.wav,disgust,15,male
./Actor_15/03-01-08-02-01-02-15.wav,surprise,15,male
./Actor_15/03-01-04-01-02-02-15.wav,sad,15,male
./Actor_15/03-01-03-02-02-02-15.wav,happy,15,male
./Actor_15/03-01-05-01-01-02-15.wav,angry,15,male
./Actor_15/03-01-07-01-02-01-15.wav,disgust,15,male
./Actor_15/03-01-04-01-01-01-15.wav,sad,15,male
./Actor_15/03-01-03-01-02-02-15.wav,happy,15,male
./Actor_15/03-01-06-01-02-01-15.wav,fear,15,male
./Actor_15/03-01-01-01-02-02-15.wav,neutral,15,male
./Actor_15/03-01-06-01-02-02-15.wav,fear,15,male
./Actor_15/03-01-08-01-02-01-15.wav,surprise,15,male
./Actor_15/03-01-04-02-01-01-15.wav,sad,15,male
./Actor_15/03-01-05-01-02-01-15.wav,angry,15,male
./Actor_15/03-01-03-01-01-02-15.wav,happy,15,male
./Actor_15/03-01-01-01-02-01-15.wav,neutral,15,male
./Actor_15/03-01-08-02-01-01-15.wav,surprise,15,male
./Actor_15/03-01-06-01-01-02-15.wav,fear,15,male
./Actor_15/03-01-08-02-02-01-15.wav,surprise,15,male
./Actor_15/03-01-05-02-02-02-15.wav,angry,15,male
./Actor_15/03-01-06-02-01-01-15.wav,fear,15,male
./Actor_15/03-01-03-02-01-02-15.wav,happy,15,male
./Actor_15/03-01-04-01-01-02-15.wav,sad,15,male
./Actor_15/03-01-02-02-02-02-15.wav,calm,15,male
./Actor_15/03-01-02-01-01-01-15.wav,calm,15,male
./Actor_15/03-01-07-02-02-02-15.wav,disgust,15,male
./Actor_15/03-01-05-01-02-02-15.wav,angry,15,male
./Actor_15/03-01-07-02-01-01-15.wav,disgust,15,male
./Actor_15/03-01-07-01-02-02-15.wav,disgust,15,male
./Actor_15/03-01-04-02-02-02-15.wav,sad,15,male
./Actor_15/03-01-01-01-01-02-15.wav,neutral,15,male
./Actor_15/03-01-04-01-02-01-15.wav,sad,15,male
./Actor_15/03-01-06-02-02-01-15.wav,fear,15,male
./Actor_15/03-01-07-02-02-01-15.wav,disgust,15,male
./Actor_15/03-01-02-01-01-02-15.wav,calm,15,male
./Actor_15/03-01-03-02-02-01-15.wav,happy,15,male
./Actor_15/03-01-04-02-01-02-15.wav,sad,15,male
./Actor_15/03-01-02-02-01-01-15.wav,calm,15,male
./Actor_24/03-01-02-02-01-01-24.wav,calm,24,female
./Actor_24/03-01-05-02-01-01-24.wav,angry,24,female
./Actor_24/03-01-01-01-01-01-24.wav,neutral,24,female
./Actor_24/03-01-07-01-01-01-24.wav,disgust,24,female
./Actor_24/03-01-05-02-02-01-24.wav,angry,24,female
./Actor_24/03-01-03-01-01-01-24.wav,happy,24,female
./Actor_24/03-01-05-02-01-02-24.wav,angry,24,female
./Actor_24/03-01-02-01-01-01-24.wav,calm,24,female
./Actor_24/03-01-02-01-02-02-24.wav,calm,24,female
./Actor_24/03-01-05-02-02-02-24.wav,angry,24,female
./Actor_24/03-01-06-01-02-02-24.wav,fear,24,female
./Actor_24/03-01-03-02-02-02-24.wav,happy,24,female
./Actor_24/03-01-07-02-02-01-24.wav,disgust,24,female
./Actor_24/03-01-04-02-01-01-24.wav,sad,24,female
./Actor_24/03-01-01-01-02-02-24.wav,neutral,24,female
./Actor_24/03-01-02-01-02-01-24.wav,calm,24,female
./Actor_24/03-01-08-01-02-01-24.wav,surprise,24,female
./Actor_24/03-01-06-02-02-02-24.wav,fear,24,female
./Actor_24/03-01-07-02-02-02-24.wav,disgust,24,female
./Actor_24/03-01-04-01-01-01-24.wav,sad,24,female
./Actor_24/03-01-06-01-01-02-24.wav,fear,24,female
./Actor_24/03-01-03-02-01-02-24.wav,happy,24,female
./Actor_24/03-01-04-02-01-02-24.wav,sad,24,female
./Actor_24/03-01-05-01-02-01-24.wav,angry,24,female
./Actor_24/03-01-05-01-02-02-24.wav,angry,24,female
./Actor_24/03-01-06-02-02-01-24.wav,fear,24,female
./Actor_24/03-01-01-01-02-01-24.wav,neutral,24,female
./Actor_24/03-01-04-01-02-02-24.wav,sad,24,female
./Actor_24/03-01-02-02-01-02-24.wav,calm,24,female
./Actor_24/03-01-01-01-01-02-24.wav,neutral,24,female
./Actor_24/03-01-03-01-02-02-24.wav,happy,24,female
./Actor_24/03-01-08-01-01-01-24.wav,surprise,24,female
./Actor_24/03-01-06-01-02-01-24.wav,fear,24,female
./Actor_24/03-01-03-02-02-01-24.wav,happy,24,female
./Actor_24/03-01-06-01-01-01-24.wav,fear,24,female
./Actor_24/03-01-06-02-01-02-24.wav,fear,24,female
./Actor_24/03-01-02-01-01-02-24.wav,calm,24,female
./Actor_24/03-01-03-01-02-01-24.wav,happy,24,female
./Actor_24/03-01-07-02-01-02-24.wav,disgust,24,female
./Actor_24/03-01-06-02-01-01-24.wav,fear,24,female
./Actor_24/03-01-05-01-01-01-24.wav,angry,24,female
./Actor_24/03-01-08-02-02-02-24.wav,surprise,24,female
./Actor_24/03-01-02-02-02-01-24.wav,calm,24,female
./Actor_24/03-01-08-01-02-02-24.wav,surprise,24,female
./Actor_24/03-01-07-01-02-01-24.wav,disgust,24,female
./Actor_24/03-01-04-01-02-01-24.wav,sad,24,female
./Actor_24/03-01-07-02-01-01-24.wav,disgust,24,female
./Actor_24/03-01-08-02-01-01-24.wav,surprise,24,female
./Actor_24/03-01-04-02-02-02-24.wav,sad,24,female
./Actor_24/03-01-04-02-02-01-24.wav,sad,24,female
./Actor_24/03-01-07-01-01-02-24.wav,disgust,24,female
./Actor_24/03-01-02-02-02-02-24.wav,calm,24,female
./Actor_24/03-01-05-01-01-02-24.wav,angry,24,female
./Actor_24/03-01-04-01-01-02-24.wav,sad,24,female
./Actor_24/03-01-07-01-02-02-24.wav,disgust,24,female
./Actor_24/03-01-03-02-01-01-24.wav,happy,24,female
./Actor_24/03-01-08-02-02-01-24.wav,surprise,24,female
./Actor_24/03-01-08-01-01-02-24.wav,surprise,24,female
./Actor_24/03-01-03-01-01-02-24.wav,happy,24,female
./Actor_24/03-01-08-02-01-02-24.wav,surprise,24,female
