file,emotion,speaker
TESS/OAF_jar_neutral.wav,neutral,OAF
TESS/OAF_rain_disgust.wav,disgust,OAF
TESS/OAF_cheek_happy.wav,happiness,OAF
TESS/YAF_far_happy.wav,happiness,YAF
TESS/YAF_bought_neutral.wav,neutral,YAF
TESS/OAF_pass_happy.wav,happiness,OAF
TESS/OAF_dodge_ps.wav,surprise,OAF
TESS/YAF_void_happy.wav,happiness,YAF
TESS/OAF_rain_ps.wav,surprise,OAF
TESS/YAF_mop_fear.wav,fear,YAF
TESS/OAF_cab_sad.wav,sadness,OAF
TESS/OAF_gas_happy.wav,happiness,OAF
TESS/OAF_numb_neutral.wav,neutral,OAF
TESS/OAF_pain_disgust.wav,disgust,OAF
TESS/YAF_lore_sad.wav,sadness,YAF
TESS/YAF_mode_happy.wav,happiness,YAF
TESS/OAF_fail_fear.wav,fear,OAF
TESS/YAF_shirt_disgust.wav,disgust,YAF
TESS/YAF_pool_fear.wav,fear,YAF
TESS/YAF_home_happy.wav,happiness,YAF
TESS/YAF_fall_happy.wav,happiness,YAF
TESS/OAF_cool_sad.wav,sadness,OAF
TESS/YAF_boat_angry.wav,anger,YAF
TESS/YAF_such_ps.wav,surprise,YAF
TESS/YAF_limb_sad.wav,sadness,YAF
TESS/OAF_shack_fear.wav,fear,OAF
TESS/YAF_youth_sad.wav,sadness,YAF
TESS/OAF_jug_neutral.wav,neutral,OAF
TESS/YAF_void_fear.wav,fear,YAF
TESS/YAF_pole_neutral.wav,neutral,YAF
TESS/YAF_white_sad.wav,sadness,YAF
TESS/YAF_good_disgust.wav,disgust,YAF
TESS/OAF_raise_neutral.wav,neutral,OAF
TESS/YAF_phone_happy.wav,happiness,YAF
TESS/YAF_food_happy.wav,happiness,YAF
TESS/YAF_late_sad.wav,sadness,YAF
TESS/YAF_sell_angry.wav,anger,YAF
TESS/YAF_far_disgust.wav,disgust,YAF
TESS/YAF_kill_disgust.wav,disgust,YAF
TESS/OAF_white_happy.wav,happiness,OAF
TESS/OAF_doll_disgust.wav,disgust,OAF
TESS/YAF_gaze_happy.wav,happiness,YAF
TESS/YAF_jug_neutral.wav,neutral,YAF
TESS/OAF_goal_fear.wav,fear,OAF
TESS/YAF_deep_ps.wav,surprise,YAF
TESS/YAF_yes_ps.wav,surprise,YAF
TESS/YAF_moon_fear.wav,fear,YAF
TESS/OAF_size_angry.wav,anger,OAF
TESS/YAF_peg_happy.wav,happiness,YAF
TESS/OAF_note_sad.wav,sadness,OAF
TESS/YAF_sure_happy.wav,happiness,YAF
TESS/OAF_hush_disgust.wav,disgust,OAF
TESS/OAF_size_ps.wav,surprise,OAF
TESS/OAF_third_sad.wav,sadness,OAF
TESS/OAF_youth_happy.wav,happiness,OAF
TESS/OAF_perch_ps.wav,surprise,OAF
TESS/OAF_wash_sad.wav,sadness,OAF
TESS/YAF_rot_sad.wav,sadness,YAF
TESS/YAF_lid_ps.wav,surprise,YAF
TESS/YAF_gaze_neutral.wav,neutral,YAF
TESS/OAF_fail_neutral.wav,neutral,OAF
TESS/YAF_germ_ps.wav,surprise,YAF
TESS/YAF_death_ps.wav,surprise,YAF
TESS/OAF_good_fear.wav,fear,OAF
TESS/OAF_deep_fear.wav,fear,OAF
TESS/YAF_chalk_ps.wav,surprise,YAF
TESS/YAF_gun_ps.wav,surprise,YAF
TESS/OAF_rough_ps.wav,surprise,OAF
TESS/YAF_chat_sad.wav,sadness,YAF
TESS/OAF_which_ps.wav,surprise,OAF
TESS/OAF_bone_neutral.wav,neutral,OAF
TESS/YAF_mop_disgust.wav,disgust,YAF
TESS/YAF_lot_sad.wav,sadness,YAF
TESS/OAF_late_neutral.wav,neutral,OAF
TESS/OAF_ditch_happy.wav,happiness,OAF
TESS/YAF_cause_sad.wav,sadness,YAF
TESS/YAF_name_disgust.wav,disgust,YAF
TESS/YAF_pick_disgust.wav,disgust,YAF
TESS/OAF_rag_angry.wav,anger,OAF
TESS/YAF_have_disgust.wav,disgust,YAF
TESS/OAF_mess_fear.wav,fear,OAF
TESS/YAF_lore_neutral.wav,neutral,YAF
TESS/OAF_came_happy.wav,happiness,OAF
TESS/YAF_chat_happy.wav,happiness,YAF
TESS/YAF_tough_angry.wav,anger,YAF
TESS/YAF_judge_fear.wav,fear,YAF
TESS/OAF_pain_sad.wav,sadness,OAF
TESS/OAF_loaf_happy.wav,happiness,OAF
TESS/YAF_soap_neutral.wav,neutral,YAF
TESS/OAF_shirt_ps.wav,surprise,OAF
TESS/OAF_merge_fear.wav,fear,OAF
TESS/OAF_pad_sad.wav,sadness,OAF
TESS/YAF_vote_happy.wav,happiness,YAF
TESS/OAF_ton_ps.wav,surprise,OAF
TESS/YAF_live_angry.wav,anger,YAF
TESS/YAF_hate_angry.wav,anger,YAF
TESS/OAF_fat_angry.wav,anger,OAF
TESS/OAF_seize_angry.wav,anger,OAF
TESS/OAF_met_neutral.wav,neutral,OAF
TESS/OAF_room_happy.wav,happiness,OAF
TESS/YAF_boat_disgust.wav,disgust,YAF
TESS/YAF_pole_sad.wav,sadness,YAF
TESS/YAF_cool_ps.wav,surprise,YAF
TESS/OAF_lid_sad.wav,sadness,OAF
TESS/YAF_wire_ps.wav,surprise,YAF
TESS/YAF_knock_neutral.wav,neutral,YAF
TESS/YAF_sure_neutral.wav,neutral,YAF
TESS/OAF_hurl_happy.wav,happiness,OAF
TESS/OAF_keg_ps.wav,surprise,OAF
TESS/OAF_dip_happy.wav,happiness,OAF
TESS/YAF_jar_fear.wav,fear,YAF
TESS/OAF_lot_sad.wav,sadness,OAF
TESS/OAF_kill_sad.wav,sadness,OAF
TESS/YAF_mood_fear.wav,fear,YAF
TESS/OAF_pass_disgust.wav,disgust,OAF
TESS/YAF_cause_ps.wav,surprise,YAF
TESS/YAF_lid_disgust.wav,disgust,YAF
TESS/OAF_witch_happy.wav,happiness,OAF
TESS/OAF_shirt_fear.wav,fear,OAF
TESS/YAF_boat_happy.wav,happiness,YAF
TESS/OAF_lore_angry.wav,anger,OAF
TESS/OAF_sour_angry.wav,anger,OAF
TESS/YAF_gin_fear.wav,fear,YAF
TESS/OAF_thumb_neutral.wav,neutral,OAF
TESS/OAF_jug_sad.wav,sadness,OAF
TESS/YAF_fit_happy.wav,happiness,YAF
TESS/OAF_ring_disgust.wav,disgust,OAF
TESS/YAF_team_disgust.wav,disgust,YAF
TESS/YAF_dead_happy.wav,happiness,YAF
TESS/OAF_hurl_disgust.wav,disgust,OAF
TESS/YAF_pass_angry.wav,anger,YAF
TESS/OAF_witch_ps.wav,surprise,OAF
TESS/YAF_gin_angry.wav,anger,YAF
TESS/OAF_chief_sad.wav,sadness,OAF
TESS/OAF_bone_sad.wav,sadness,OAF
TESS/OAF_live_disgust.wav,disgust,OAF
TESS/OAF_get_happy.wav,happiness,OAF
TESS/YAF_came_angry.wav,anger,YAF
TESS/OAF_boat_happy.wav,happiness,OAF
TESS/YAF_have_sad.wav,sadness,YAF
TESS/YAF_said_sad.wav,sadness,YAF
TESS/OAF_numb_fear.wav,fear,OAF
TESS/OAF_boat_fear.wav,fear,OAF
TESS/OAF_shall_angry.wav,anger,OAF
TESS/YAF_chief_happy.wav,happiness,YAF
TESS/YAF_mill_disgust.wav,disgust,YAF
TESS/YAF_deep_disgust.wav,disgust,YAF
TESS/OAF_lore_fear.wav,fear,OAF
TESS/YAF_take_angry.wav,anger,YAF
TESS/OAF_room_neutral.wav,neutral,OAF
TESS/YAF_peg_neutral.wav,neutral,YAF
TESS/OAF_bath_ps.wav,surprise,OAF
TESS/OAF_peg_neutral.wav,neutral,OAF
TESS/YAF_loaf_angry.wav,anger,YAF
TESS/YAF_third_angry.wav,anger,YAF
TESS/OAF_near_neutral.wav,neutral,OAF
TESS/YAF_late_disgust.wav,disgust,YAF
TESS/OAF_goose_happy.wav,happiness,OAF
TESS/OAF_should_disgust.wav,disgust,OAF
TESS/OAF_yearn_angry.wav,anger,OAF
TESS/YAF_long_happy.wav,happiness,YAF
TESS/YAF_nice_sad.wav,sadness,YAF
TESS/YAF_dodge_disgust.wav,disgust,YAF
TESS/OAF_week_disgust.wav,disgust,OAF
TESS/YAF_rain_disgust.wav,disgust,YAF
TESS/YAF_limb_fear.wav,fear,YAF
TESS/OAF_sheep_disgust.wav,disgust,OAF
TESS/OAF_dog_disgust.wav,disgust,OAF
TESS/OAF_shirt_angry.wav,anger,OAF
TESS/OAF_learn_ps.wav,surprise,OAF
TESS/YAF_whip_neutral.wav,neutral,YAF
TESS/YAF_wife_happy.wav,happiness,YAF
TESS/OAF_tire_neutral.wav,neutral,OAF
TESS/YAF_book_sad.wav,sadness,YAF
TESS/OAF_goal_ps.wav,surprise,OAF
TESS/YAF_team_neutral.wav,neutral,YAF
TESS/YAF_mess_sad.wav,sadness,YAF
TESS/YAF_limb_happy.wav,happiness,YAF
TESS/YAF_live_sad.wav,sadness,YAF
TESS/OAF_sell_angry.wav,anger,OAF
TESS/OAF_match_angry.wav,anger,OAF
TESS/OAF_pearl_angry.wav,anger,OAF
TESS/YAF_time_neutral.wav,neutral,YAF
TESS/OAF_luck_disgust.wav,disgust,OAF
TESS/YAF_pole_happy.wav,happiness,YAF
TESS/YAF_vine_happy.wav,happiness,YAF
TESS/OAF_road_fear.wav,fear,OAF
TESS/YAF_rain_angry.wav,anger,YAF
TESS/OAF_pick_disgust.wav,disgust,OAF
TESS/OAF_vote_sad.wav,sadness,OAF
TESS/YAF_base_ps.wav,surprise,YAF
TESS/YAF_calm_angry.wav,anger,YAF
TESS/OAF_pole_ps.wav,surprise,OAF
TESS/OAF_jar_sad.wav,sadness,OAF
TESS/YAF_ditch_angry.wav,anger,YAF
TESS/OAF_white_neutral.wav,neutral,OAF
TESS/YAF_page_neutral.wav,neutral,YAF
TESS/OAF_reach_ps.wav,surprise,OAF
TESS/YAF_south_angry.wav,anger,YAF
TESS/YAF_hash_happy.wav,happiness,YAF
TESS/YAF_bath_neutral.wav,neutral,YAF
TESS/YAF_gun_angry.wav,anger,YAF
TESS/YAF_lean_ps.wav,surprise,YAF
TESS/YAF_mouse_disgust.wav,disgust,YAF
TESS/OAF_chain_fear.wav,fear,OAF
TESS/OAF_sub_neutral.wav,neutral,OAF
TESS/OAF_reach_sad.wav,sadness,OAF
TESS/OAF_loaf_disgust.wav,disgust,OAF
TESS/OAF_haze_fear.wav,fear,OAF
TESS/YAF_shout_disgust.wav,disgust,YAF
TESS/OAF_pike_angry.wav,anger,OAF
TESS/YAF_nice_angry.wav,anger,YAF
TESS/OAF_keep_disgust.wav,disgust,OAF
TESS/YAF_laud_ps.wav,surprise,YAF
TESS/OAF_gin_neutral.wav,neutral,OAF
TESS/YAF_mode_sad.wav,sadness,YAF
TESS/YAF_road_sad.wav,sadness,YAF
TESS/OAF_food_angry.wav,anger,OAF
TESS/YAF_vine_neutral.wav,neutral,YAF
TESS/YAF_kite_happy.wav,happiness,YAF
TESS/YAF_youth_ps.wav,surprise,YAF
TESS/OAF_should_neutral.wav,neutral,OAF
TESS/YAF_lease_happy.wav,happiness,YAF
TESS/YAF_doll_ps.wav,surprise,YAF
TESS/OAF_dip_angry.wav,anger,OAF
TESS/YAF_tip_happy.wav,happiness,YAF
TESS/YAF_chain_sad.wav,sadness,YAF
TESS/OAF_hush_sad.wav,sadness,OAF
TESS/OAF_walk_angry.wav,anger,OAF
TESS/OAF_bought_happy.wav,happiness,OAF
TESS/OAF_wheat_ps.wav,surprise,OAF
TESS/YAF_kick_happy.wav,happiness,YAF
TESS/OAF_loaf_neutral.wav,neutral,OAF
TESS/OAF_fall_angry.wav,anger,OAF
TESS/OAF_team_ps.wav,surprise,OAF
TESS/OAF_fit_ps.wav,surprise,OAF
TESS/YAF_half_fear.wav,fear,YAF
TESS/YAF_road_fear.wav,fear,YAF
TESS/OAF_sail_ps.wav,surprise,OAF
TESS/OAF_hire_sad.wav,sadness,OAF
TESS/OAF_judge_fear.wav,fear,OAF
TESS/YAF_walk_fear.wav,fear,YAF
TESS/YAF_youth_happy.wav,happiness,YAF
TESS/YAF_beg_fear.wav,fear,YAF
TESS/YAF_raise_angry.wav,anger,YAF
TESS/YAF_thought_happy.wav,happiness,YAF
TESS/OAF_love_ps.wav,surprise,OAF
TESS/YAF_keen_sad.wav,sadness,YAF
TESS/YAF_juice_happy.wav,happiness,YAF
TESS/YAF_hole_neutral.wav,neutral,YAF
TESS/OAF_gin_ps.wav,surprise,OAF
TESS/YAF_tell_neutral.wav,neutral,YAF
TESS/YAF_young_ps.wav,surprise,YAF
TESS/OAF_ton_fear.wav,fear,OAF
TESS/OAF_far_sad.wav,sadness,OAF
TESS/YAF_talk_sad.wav,sadness,YAF
TESS/YAF_sheep_angry.wav,anger,YAF
TESS/YAF_hall_angry.wav,anger,YAF
TESS/OAF_wash_angry.wav,anger,OAF
TESS/OAF_base_ps.wav,surprise,OAF
TESS/OAF_live_happy.wav,happiness,OAF
TESS/OAF_lot_angry.wav,anger,OAF
TESS/YAF_death_fear.wav,fear,YAF
TESS/YAF_hurl_happy.wav,happiness,YAF
TESS/OAF_rose_ps.wav,surprise,OAF
TESS/YAF_sub_fear.wav,fear,YAF
TESS/OAF_witch_sad.wav,sadness,OAF
TESS/YAF_kick_angry.wav,anger,YAF
TESS/YAF_goose_fear.wav,fear,YAF
TESS/OAF_page_happy.wav,happiness,OAF
TESS/YAF_keg_happy.wav,happiness,YAF
TESS/OAF_voice_sad.wav,sadness,OAF
TESS/OAF_vine_sad.wav,sadness,OAF
TESS/YAF_bath_ps.wav,surprise,YAF
TESS/YAF_juice_angry.wav,anger,YAF
TESS/OAF_merge_neutral.wav,neutral,OAF
TESS/OAF_raise_happy.wav,happiness,OAF
TESS/YAF_vine_angry.wav,anger,YAF
TESS/YAF_thin_neutral.wav,neutral,YAF
TESS/YAF_judge_sad.wav,sadness,YAF
TESS/OAF_dime_sad.wav,sadness,OAF
TESS/OAF_life_neutral.wav,neutral,OAF
TESS/YAF_fall_ps.wav,surprise,YAF
TESS/YAF_calm_happy.wav,happiness,YAF
TESS/OAF_food_ps.wav,surprise,OAF
TESS/OAF_boat_sad.wav,sadness,OAF
TESS/YAF_knock_ps.wav,surprise,YAF
TESS/YAF_pain_angry.wav,anger,YAF
TESS/YAF_dip_angry.wav,anger,YAF
TESS/YAF_perch_ps.wav,surprise,YAF
TESS/OAF_shout_fear.wav,fear,OAF
TESS/OAF_yearn_ps.wav,surprise,OAF
TESS/OAF_gin_sad.wav,sadness,OAF
TESS/OAF_peg_happy.wav,happiness,OAF
TESS/YAF_shawl_sad.wav,sadness,YAF
TESS/YAF_puff_fear.wav,fear,YAF
TESS/YAF_gin_happy.wav,happiness,YAF
TESS/OAF_lot_neutral.wav,neutral,OAF
TESS/YAF_seize_disgust.wav,disgust,YAF
TESS/OAF_walk_neutral.wav,neutral,OAF
TESS/YAF_tip_disgust.wav,disgust,YAF
TESS/YAF_rot_ps.wav,surprise,YAF
TESS/OAF_rag_fear.wav,fear,OAF
TESS/OAF_whip_fear.wav,fear,OAF
TESS/OAF_rose_disgust.wav,disgust,OAF
TESS/YAF_room_fear.wav,fear,YAF
TESS/OAF_date_sad.wav,sadness,OAF
TESS/OAF_pain_angry.wav,anger,OAF
TESS/OAF_cool_angry.wav,anger,OAF
TESS/OAF_bought_neutral.wav,neutral,OAF
TESS/OAF_wheat_disgust.wav,disgust,OAF
TESS/YAF_home_angry.wav,anger,YAF
TESS/YAF_puff_angry.wav,anger,YAF
TESS/OAF_good_angry.wav,anger,OAF
TESS/OAF_make_ps.wav,surprise,OAF
TESS/OAF_ripe_neutral.wav,neutral,OAF
TESS/OAF_chair_disgust.wav,disgust,OAF
TESS/OAF_gin_fear.wav,fear,OAF
TESS/OAF_bar_angry.wav,anger,OAF
TESS/OAF_sail_angry.wav,anger,OAF
TESS/YAF_hole_disgust.wav,disgust,YAF
TESS/YAF_cab_ps.wav,surprise,YAF
TESS/OAF_gap_fear.wav,fear,OAF
TESS/OAF_pass_neutral.wav,neutral,OAF
TESS/OAF_lose_angry.wav,anger,OAF
TESS/OAF_hall_sad.wav,sadness,OAF
TESS/YAF_dip_fear.wav,fear,YAF
TESS/YAF_shall_neutral.wav,neutral,YAF
TESS/YAF_thumb_disgust.wav,disgust,YAF
TESS/OAF_reach_happy.wav,happiness,OAF
TESS/OAF_cool_neutral.wav,neutral,OAF
TESS/OAF_hole_fear.wav,fear,OAF
TESS/OAF_keen_neutral.wav,neutral,OAF
TESS/OAF_dab_happy.wav,happiness,OAF
TESS/YAF_keep_fear.wav,fear,YAF
TESS/YAF_talk_ps.wav,surprise,YAF
TESS/OAF_dab_neutral.wav,neutral,OAF
TESS/YAF_sub_neutral.wav,neutral,YAF
TESS/OAF_thumb_disgust.wav,disgust,OAF
TESS/YAF_pole_angry.wav,anger,YAF
TESS/YAF_love_fear.wav,fear,YAF
TESS/OAF_pass_fear.wav,fear,OAF
TESS/OAF_read_disgust.wav,disgust,OAF
TESS/OAF_void_disgust.wav,disgust,OAF
TESS/YAF_juice_sad.wav,sadness,YAF
TESS/YAF_shall_sad.wav,sadness,YAF
TESS/YAF_puff_sad.wav,sadness,YAF
TESS/OAF_juice_sad.wav,sadness,OAF
TESS/YAF_bone_angry.wav,anger,YAF
TESS/YAF_death_neutral.wav,neutral,YAF
TESS/OAF_met_disgust.wav,disgust,OAF
TESS/YAF_such_disgust.wav,disgust,YAF
TESS/OAF_said_ps.wav,surprise,OAF
TESS/YAF_goal_angry.wav,anger,YAF
TESS/OAF_near_disgust.wav,disgust,OAF
TESS/YAF_luck_disgust.wav,disgust,YAF
TESS/YAF_jar_happy.wav,happiness,YAF
TESS/YAF_sub_ps.wav,surprise,YAF
TESS/OAF_cause_neutral.wav,neutral,OAF
TESS/YAF_lose_fear.wav,fear,YAF
TESS/YAF_hire_ps.wav,surprise,YAF
TESS/OAF_fat_fear.wav,fear,OAF
TESS/YAF_wash_fear.wav,fear,YAF
TESS/OAF_said_sad.wav,sadness,OAF
TESS/YAF_note_angry.wav,anger,YAF
TESS/YAF_tire_angry.wav,anger,YAF
TESS/YAF_half_ps.wav,surprise,YAF
TESS/OAF_pool_sad.wav,sadness,OAF
TESS/YAF_page_fear.wav,fear,YAF
TESS/YAF_yearn_disgust.wav,disgust,YAF
TESS/YAF_bar_neutral.wav,neutral,YAF
TESS/YAF_pad_disgust.wav,disgust,YAF
TESS/OAF_mood_happy.wav,happiness,OAF
TESS/OAF_gun_disgust.wav,disgust,OAF
TESS/YAF_such_fear.wav,fear,YAF
TESS/YAF_perch_angry.wav,anger,YAF
TESS/OAF_knock_neutral.wav,neutral,OAF
TESS/YAF_love_angry.wav,anger,YAF
TESS/YAF_loaf_neutral.wav,neutral,YAF
TESS/OAF_food_sad.wav,sadness,OAF
TESS/YAF_ditch_ps.wav,surprise,YAF
TESS/OAF_death_happy.wav,happiness,OAF
TESS/YAF_gas_ps.wav,surprise,YAF
TESS/OAF_read_neutral.wav,neutral,OAF
TESS/YAF_mess_ps.wav,surprise,YAF
TESS/OAF_cause_sad.wav,sadness,OAF
TESS/OAF_fat_neutral.wav,neutral,OAF
TESS/OAF_time_disgust.wav,disgust,OAF
TESS/OAF_lean_ps.wav,surprise,OAF
TESS/YAF_bone_ps.wav,surprise,YAF
TESS/YAF_germ_neutral.wav,neutral,YAF
TESS/YAF_hall_disgust.wav,disgust,YAF
TESS/YAF_ring_fear.wav,fear,YAF
TESS/OAF_far_happy.wav,happiness,OAF
TESS/YAF_bought_angry.wav,anger,YAF
TESS/OAF_door_neutral.wav,neutral,OAF
TESS/OAF_goose_fear.wav,fear,OAF
TESS/OAF_shawl_neutral.wav,neutral,OAF
TESS/YAF_hire_fear.wav,fear,YAF
TESS/YAF_time_disgust.wav,disgust,YAF
TESS/OAF_limb_angry.wav,anger,OAF
TESS/YAF_dime_fear.wav,fear,YAF
TESS/YAF_neat_fear.wav,fear,YAF
TESS/OAF_long_sad.wav,sadness,OAF
TESS/YAF_death_sad.wav,sadness,YAF
TESS/YAF_note_neutral.wav,neutral,YAF
TESS/YAF_lose_disgust.wav,disgust,YAF
TESS/OAF_fit_angry.wav,anger,OAF
TESS/YAF_chain_neutral.wav,neutral,YAF
TESS/YAF_should_angry.wav,anger,YAF
TESS/OAF_food_disgust.wav,disgust,OAF
TESS/YAF_soup_angry.wav,anger,YAF
TESS/YAF_cool_angry.wav,anger,YAF
TESS/OAF_thought_angry.wav,anger,OAF
TESS/OAF_hit_sad.wav,sadness,OAF
TESS/YAF_near_fear.wav,fear,YAF
TESS/YAF_death_angry.wav,anger,YAF
TESS/YAF_tool_angry.wav,anger,YAF
TESS/OAF_chief_fear.wav,fear,OAF
TESS/OAF_bean_neutral.wav,neutral,OAF
TESS/YAF_match_fear.wav,fear,YAF
TESS/OAF_pick_angry.wav,anger,OAF
TESS/OAF_rag_disgust.wav,disgust,OAF
TESS/YAF_join_neutral.wav,neutral,YAF
TESS/YAF_deep_happy.wav,happiness,YAF
TESS/OAF_nag_angry.wav,anger,OAF
TESS/YAF_red_fear.wav,fear,YAF
TESS/YAF_pain_ps.wav,surprise,YAF
TESS/YAF_luck_sad.wav,sadness,YAF
TESS/OAF_ditch_neutral.wav,neutral,OAF
TESS/YAF_learn_neutral.wav,neutral,YAF
TESS/YAF_pike_sad.wav,sadness,YAF
TESS/YAF_ton_ps.wav,surprise,YAF
TESS/YAF_puff_happy.wav,happiness,YAF
TESS/YAF_rose_happy.wav,happiness,YAF
TESS/YAF_sail_happy.wav,happiness,YAF
TESS/YAF_when_angry.wav,anger,YAF
TESS/YAF_gin_neutral.wav,neutral,YAF
TESS/YAF_fit_neutral.wav,neutral,YAF
TESS/OAF_peg_angry.wav,anger,OAF
TESS/YAF_moon_neutral.wav,neutral,YAF
TESS/OAF_half_happy.wav,happiness,OAF
TESS/YAF_dodge_angry.wav,anger,YAF
TESS/YAF_sub_disgust.wav,disgust,YAF
TESS/YAF_cool_neutral.wav,neutral,YAF
TESS/YAF_dead_angry.wav,anger,YAF
TESS/OAF_five_ps.wav,surprise,OAF
TESS/OAF_life_disgust.wav,disgust,OAF
TESS/YAF_hush_neutral.wav,neutral,YAF
TESS/OAF_name_happy.wav,happiness,OAF
TESS/OAF_cab_ps.wav,surprise,OAF
TESS/YAF_pike_ps.wav,surprise,YAF
TESS/YAF_chain_fear.wav,fear,YAF
TESS/OAF_pike_neutral.wav,neutral,OAF
TESS/OAF_mouse_disgust.wav,disgust,OAF
TESS/YAF_kick_fear.wav,fear,YAF
TESS/YAF_home_disgust.wav,disgust,YAF
TESS/YAF_cool_fear.wav,fear,YAF
TESS/OAF_gaze_angry.wav,anger,OAF
TESS/YAF_cool_disgust.wav,disgust,YAF
TESS/OAF_lose_sad.wav,sadness,OAF
TESS/YAF_live_happy.wav,happiness,YAF
TESS/OAF_lore_sad.wav,sadness,OAF
TESS/YAF_sheep_happy.wav,happiness,YAF
TESS/OAF_dab_ps.wav,surprise,OAF
TESS/OAF_white_ps.wav,surprise,OAF
TESS/YAF_burn_angry.wav,anger,YAF
TESS/OAF_read_happy.wav,happiness,OAF
TESS/YAF_bite_ps.wav,surprise,YAF
TESS/YAF_white_happy.wav,happiness,YAF
TESS/OAF_ton_sad.wav,sadness,OAF
TESS/YAF_met_fear.wav,fear,YAF
TESS/OAF_limb_neutral.wav,neutral,OAF
TESS/OAF_third_angry.wav,anger,OAF
TESS/OAF_check_neutral.wav,neutral,OAF
TESS/YAF_cool_sad.wav,sadness,YAF
TESS/YAF_late_neutral.wav,neutral,YAF
TESS/OAF_mop_fear.wav,fear,OAF
TESS/OAF_thin_fear.wav,fear,OAF
TESS/YAF_turn_disgust.wav,disgust,YAF
TESS/YAF_talk_disgust.wav,disgust,YAF
TESS/OAF_bath_happy.wav,happiness,OAF
TESS/YAF_book_neutral.wav,neutral,YAF
TESS/OAF_cheek_neutral.wav,neutral,OAF
TESS/OAF_pick_sad.wav,sadness,OAF
TESS/OAF_rain_angry.wav,anger,OAF
TESS/OAF_voice_fear.wav,fear,OAF
TESS/YAF_read_happy.wav,happiness,YAF
TESS/OAF_hush_angry.wav,anger,OAF
TESS/YAF_whip_ps.wav,surprise,YAF
TESS/YAF_haze_fear.wav,fear,YAF
TESS/OAF_reach_disgust.wav,disgust,OAF
TESS/YAF_rat_disgust.wav,disgust,YAF
TESS/OAF_gap_sad.wav,sadness,OAF
TESS/OAF_kite_neutral.wav,neutral,OAF
TESS/YAF_food_sad.wav,sadness,YAF
TESS/OAF_wag_neutral.wav,neutral,OAF
TESS/OAF_gap_disgust.wav,disgust,OAF
TESS/OAF_fit_fear.wav,fear,OAF
TESS/OAF_met_ps.wav,surprise,OAF
TESS/OAF_gap_happy.wav,happiness,OAF
TESS/YAF_near_sad.wav,sadness,YAF
TESS/OAF_name_angry.wav,anger,OAF
TESS/OAF_sail_neutral.wav,neutral,OAF
TESS/OAF_rain_sad.wav,sadness,OAF
TESS/YAF_red_happy.wav,happiness,YAF
TESS/YAF_turn_fear.wav,fear,YAF
TESS/YAF_rag_happy.wav,happiness,YAF
TESS/YAF_read_angry.wav,anger,YAF
TESS/OAF_rose_fear.wav,fear,OAF
TESS/OAF_bar_sad.wav,sadness,OAF
TESS/OAF_pole_neutral.wav,neutral,OAF
TESS/OAF_pass_angry.wav,anger,OAF
TESS/OAF_kick_ps.wav,surprise,OAF
TESS/YAF_phone_disgust.wav,disgust,YAF
TESS/OAF_haze_ps.wav,surprise,OAF
TESS/OAF_thumb_sad.wav,sadness,OAF
TESS/YAF_mode_angry.wav,anger,YAF
TESS/OAF_talk_happy.wav,happiness,OAF
TESS/YAF_keen_ps.wav,surprise,YAF
TESS/OAF_turn_ps.wav,surprise,OAF
TESS/OAF_hall_neutral.wav,neutral,OAF
TESS/OAF_yes_happy.wav,happiness,OAF
TESS/YAF_lot_angry.wav,anger,YAF
TESS/OAF_thought_neutral.wav,neutral,OAF
TESS/OAF_knock_disgust.wav,disgust,OAF
TESS/OAF_dip_fear.wav,fear,OAF
TESS/YAF_sell_sad.wav,sadness,YAF
TESS/OAF_bar_disgust.wav,disgust,OAF
TESS/YAF_date_fear.wav,fear,YAF
TESS/OAF_gas_neutral.wav,neutral,OAF
TESS/OAF_hole_happy.wav,happiness,OAF
TESS/YAF_dab_sad.wav,sadness,YAF
TESS/OAF_calm_neutral.wav,neutral,OAF
TESS/OAF_tire_happy.wav,happiness,OAF
TESS/YAF_judge_angry.wav,anger,YAF
TESS/OAF_chain_angry.wav,anger,OAF
TESS/YAF_perch_sad.wav,sadness,YAF
TESS/YAF_wag_happy.wav,happiness,YAF
TESS/YAF_kill_happy.wav,happiness,YAF
TESS/YAF_said_angry.wav,anger,YAF
TESS/OAF_cause_disgust.wav,disgust,OAF
TESS/OAF_tool_sad.wav,sadness,OAF
TESS/YAF_bar_disgust.wav,disgust,YAF
TESS/YAF_late_ps.wav,surprise,YAF
TESS/YAF_tire_disgust.wav,disgust,YAF
TESS/YAF_wife_angry.wav,anger,YAF
TESS/YAF_back_neutral.wav,neutral,YAF
TESS/YAF_kick_disgust.wav,disgust,YAF
TESS/OAF_match_happy.wav,happiness,OAF
TESS/OAF_voice_happy.wav,happiness,OAF
TESS/YAF_haze_sad.wav,sadness,YAF
TESS/OAF_lid_disgust.wav,disgust,OAF
TESS/OAF_tool_neutral.wav,neutral,OAF
TESS/OAF_puff_sad.wav,sadness,OAF
TESS/YAF_kite_ps.wav,surprise,YAF
TESS/OAF_time_fear.wav,fear,OAF
TESS/YAF_dog_angry.wav,anger,YAF
TESS/OAF_dime_angry.wav,anger,OAF
TESS/YAF_goose_angry.wav,anger,YAF
TESS/YAF_thin_happy.wav,happiness,YAF
TESS/OAF_page_sad.wav,sadness,OAF
TESS/YAF_when_happy.wav,happiness,YAF
TESS/OAF_wife_happy.wav,happiness,OAF
TESS/YAF_moon_ps.wav,surprise,YAF
TESS/YAF_shout_neutral.wav,neutral,YAF
TESS/YAF_such_neutral.wav,neutral,YAF
TESS/OAF_far_disgust.wav,disgust,OAF
TESS/OAF_chat_fear.wav,fear,OAF
TESS/YAF_dab_angry.wav,anger,YAF
TESS/OAF_pick_ps.wav,surprise,OAF
TESS/OAF_hate_happy.wav,happiness,OAF
TESS/OAF_learn_sad.wav,sadness,OAF
TESS/YAF_germ_fear.wav,fear,YAF
TESS/YAF_get_neutral.wav,neutral,YAF
TESS/OAF_keep_neutral.wav,neutral,OAF
TESS/YAF_gun_disgust.wav,disgust,YAF
TESS/YAF_pool_happy.wav,happiness,YAF
TESS/YAF_yes_fear.wav,fear,YAF
TESS/YAF_tape_sad.wav,sadness,YAF
TESS/YAF_choice_sad.wav,sadness,YAF
TESS/YAF_gap_ps.wav,surprise,YAF
TESS/OAF_death_ps.wav,surprise,OAF
TESS/OAF_mop_neutral.wav,neutral,OAF
TESS/OAF_king_happy.wav,happiness,OAF
TESS/YAF_choice_neutral.wav,neutral,YAF
TESS/YAF_life_neutral.wav,neutral,YAF
TESS/OAF_half_sad.wav,sadness,OAF
TESS/YAF_chain_ps.wav,surprise,YAF
TESS/YAF_soup_disgust.wav,disgust,YAF
TESS/YAF_keg_sad.wav,sadness,YAF
TESS/OAF_hash_fear.wav,fear,OAF
TESS/OAF_dead_ps.wav,surprise,OAF
TESS/OAF_sheep_happy.wav,happiness,OAF
TESS/OAF_lid_angry.wav,anger,OAF
TESS/OAF_kill_happy.wav,happiness,OAF
TESS/YAF_rose_neutral.wav,neutral,YAF
TESS/OAF_hole_ps.wav,surprise,OAF
TESS/OAF_soap_happy.wav,happiness,OAF
TESS/OAF_deep_disgust.wav,disgust,OAF
TESS/OAF_keen_disgust.wav,disgust,OAF
TESS/YAF_which_sad.wav,sadness,YAF
TESS/OAF_pad_neutral.wav,neutral,OAF
TESS/YAF_gun_neutral.wav,neutral,YAF
TESS/YAF_pool_neutral.wav,neutral,YAF
TESS/OAF_thin_neutral.wav,neutral,OAF
TESS/OAF_bought_fear.wav,fear,OAF
TESS/YAF_pad_ps.wav,surprise,YAF
TESS/YAF_merge_disgust.wav,disgust,YAF
TESS/OAF_bath_angry.wav,anger,OAF
TESS/OAF_tip_sad.wav,sadness,OAF
TESS/OAF_turn_neutral.wav,neutral,OAF
TESS/YAF_food_angry.wav,anger,YAF
TESS/YAF_sour_sad.wav,sadness,YAF
TESS/YAF_pass_sad.wav,sadness,YAF
TESS/OAF_rose_sad.wav,sadness,OAF
TESS/YAF_tip_angry.wav,anger,YAF
TESS/OAF_puff_disgust.wav,disgust,OAF
TESS/OAF_shall_happy.wav,happiness,OAF
TESS/YAF_hush_angry.wav,anger,YAF
TESS/YAF_moon_angry.wav,anger,YAF
TESS/OAF_puff_neutral.wav,neutral,OAF
TESS/YAF_check_disgust.wav,disgust,YAF
TESS/YAF_raise_ps.wav,surprise,YAF
TESS/OAF_which_angry.wav,anger,OAF
TESS/YAF_live_disgust.wav,disgust,YAF
TESS/OAF_wash_neutral.wav,neutral,OAF
TESS/YAF_shirt_neutral.wav,neutral,YAF
TESS/OAF_jar_disgust.wav,disgust,OAF
TESS/YAF_door_ps.wav,surprise,YAF
TESS/OAF_door_fear.wav,fear,OAF
TESS/YAF_witch_ps.wav,surprise,YAF
TESS/OAF_shirt_happy.wav,happiness,OAF
TESS/OAF_rain_neutral.wav,neutral,OAF
TESS/YAF_puff_neutral.wav,neutral,YAF
TESS/YAF_wire_disgust.wav,disgust,YAF
TESS/YAF_south_fear.wav,fear,YAF
TESS/OAF_hall_fear.wav,fear,OAF
TESS/YAF_raid_disgust.wav,disgust,YAF
TESS/YAF_hit_happy.wav,happiness,YAF
TESS/OAF_mode_sad.wav,sadness,OAF
TESS/YAF_rush_disgust.wav,disgust,YAF
TESS/OAF_mess_neutral.wav,neutral,OAF
TESS/YAF_rush_sad.wav,sadness,YAF
TESS/OAF_gap_angry.wav,anger,OAF
TESS/OAF_deep_happy.wav,happiness,OAF
TESS/YAF_luck_ps.wav,surprise,YAF
TESS/YAF_soup_ps.wav,surprise,YAF
TESS/YAF_yearn_ps.wav,surprise,YAF
TESS/OAF_witch_fear.wav,fear,OAF
TESS/OAF_puff_happy.wav,happiness,OAF
TESS/YAF_beg_disgust.wav,disgust,YAF
TESS/YAF_fat_fear.wav,fear,YAF
TESS/YAF_book_disgust.wav,disgust,YAF
TESS/YAF_bone_fear.wav,fear,YAF
TESS/OAF_date_ps.wav,surprise,OAF
TESS/YAF_date_ps.wav,surprise,YAF
TESS/OAF_juice_angry.wav,anger,OAF
TESS/OAF_rat_angry.wav,anger,OAF
TESS/YAF_shack_angry.wav,anger,YAF
TESS/OAF_far_ps.wav,surprise,OAF
TESS/OAF_rush_angry.wav,anger,OAF
TESS/OAF_wag_disgust.wav,disgust,OAF
TESS/YAF_bean_happy.wav,happiness,YAF
TESS/OAF_lean_angry.wav,anger,OAF
TESS/OAF_rush_sad.wav,sadness,OAF
TESS/OAF_lease_disgust.wav,disgust,OAF
TESS/YAF_chair_angry.wav,anger,YAF
TESS/YAF_youth_angry.wav,anger,YAF
TESS/YAF_half_happy.wav,happiness,YAF
TESS/OAF_match_ps.wav,surprise,OAF
TESS/YAF_knock_disgust.wav,disgust,YAF
TESS/OAF_phone_sad.wav,sadness,OAF
TESS/OAF_hush_neutral.wav,neutral,OAF
TESS/YAF_name_neutral.wav,neutral,YAF
TESS/YAF_book_fear.wav,fear,YAF
TESS/YAF_mob_sad.wav,sadness,YAF
TESS/YAF_soap_disgust.wav,disgust,YAF
TESS/YAF_cause_fear.wav,fear,YAF
TESS/YAF_size_neutral.wav,neutral,YAF
TESS/OAF_five_fear.wav,fear,OAF
TESS/OAF_lease_neutral.wav,neutral,OAF
TESS/YAF_tool_happy.wav,happiness,YAF
TESS/YAF_dime_angry.wav,anger,YAF
TESS/OAF_vine_ps.wav,surprise,OAF
TESS/YAF_mob_angry.wav,anger,YAF
TESS/OAF_hole_disgust.wav,disgust,OAF
TESS/OAF_have_disgust.wav,disgust,OAF
TESS/OAF_shirt_disgust.wav,disgust,OAF
TESS/YAF_rot_angry.wav,anger,YAF
TESS/YAF_red_neutral.wav,neutral,YAF
TESS/OAF_vine_neutral.wav,neutral,OAF
TESS/OAF_chair_ps.wav,surprise,OAF
TESS/YAF_dip_ps.wav,surprise,YAF
TESS/YAF_dime_disgust.wav,disgust,YAF
TESS/YAF_mood_neutral.wav,neutral,YAF
TESS/YAF_shout_angry.wav,anger,YAF
TESS/YAF_half_neutral.wav,neutral,YAF
TESS/YAF_sour_happy.wav,happiness,YAF
TESS/OAF_knock_ps.wav,surprise,OAF
TESS/YAF_hash_sad.wav,sadness,YAF
TESS/YAF_ripe_ps.wav,surprise,YAF
TESS/YAF_soap_ps.wav,surprise,YAF
TESS/OAF_laud_sad.wav,sadness,OAF
TESS/OAF_good_disgust.wav,disgust,OAF
TESS/OAF_burn_happy.wav,happiness,OAF
TESS/YAF_kill_neutral.wav,neutral,YAF
TESS/YAF_room_neutral.wav,neutral,YAF
TESS/OAF_team_angry.wav,anger,OAF
TESS/YAF_keep_angry.wav,anger,YAF
TESS/YAF_pool_sad.wav,sadness,YAF
TESS/YAF_have_fear.wav,fear,YAF
TESS/OAF_mill_disgust.wav,disgust,OAF
TESS/YAF_red_sad.wav,sadness,YAF
TESS/OAF_goal_happy.wav,happiness,OAF
TESS/OAF_wag_happy.wav,happiness,OAF
TESS/YAF_make_disgust.wav,disgust,YAF
TESS/YAF_life_angry.wav,anger,YAF
TESS/OAF_such_angry.wav,anger,OAF
TESS/YAF_name_happy.wav,happiness,YAF
TESS/YAF_tough_fear.wav,fear,YAF
TESS/YAF_vine_ps.wav,surprise,YAF
TESS/YAF_tough_neutral.wav,neutral,YAF
TESS/YAF_reach_happy.wav,happiness,YAF
TESS/OAF_jail_happy.wav,happiness,OAF
TESS/OAF_raise_ps.wav,surprise,OAF
TESS/OAF_thought_happy.wav,happiness,OAF
TESS/OAF_void_sad.wav,sadness,OAF
TESS/YAF_youth_fear.wav,fear,YAF
TESS/OAF_beg_neutral.wav,neutral,OAF
TESS/OAF_rot_angry.wav,anger,OAF
TESS/YAF_thought_disgust.wav,disgust,YAF
TESS/OAF_rough_fear.wav,fear,OAF
TESS/YAF_dead_fear.wav,fear,YAF
TESS/YAF_gaze_disgust.wav,disgust,YAF
TESS/YAF_hire_sad.wav,sadness,YAF
TESS/OAF_beg_sad.wav,sadness,OAF
TESS/YAF_cool_happy.wav,happiness,YAF
TESS/OAF_choice_fear.wav,fear,OAF
TESS/OAF_mouse_fear.wav,fear,OAF
TESS/YAF_tape_neutral.wav,neutral,YAF
TESS/YAF_south_ps.wav,surprise,YAF
TESS/YAF_tell_sad.wav,sadness,YAF
TESS/OAF_lore_neutral.wav,neutral,OAF
TESS/YAF_fat_neutral.wav,neutral,YAF
TESS/OAF_walk_fear.wav,fear,OAF
TESS/OAF_learn_fear.wav,fear,OAF
TESS/YAF_road_happy.wav,happiness,YAF
TESS/YAF_bite_happy.wav,happiness,YAF
TESS/OAF_rag_happy.wav,happiness,OAF
TESS/YAF_dodge_neutral.wav,neutral,YAF
TESS/OAF_note_ps.wav,surprise,OAF
TESS/OAF_cheek_sad.wav,sadness,OAF
TESS/YAF_vine_fear.wav,fear,YAF
TESS/YAF_boat_ps.wav,surprise,YAF
TESS/YAF_neat_happy.wav,happiness,YAF
TESS/OAF_book_disgust.wav,disgust,OAF
TESS/OAF_phone_angry.wav,anger,OAF
TESS/YAF_king_sad.wav,sadness,YAF
TESS/YAF_week_sad.wav,sadness,YAF
TESS/OAF_shawl_happy.wav,happiness,OAF
TESS/YAF_read_fear.wav,fear,YAF
TESS/YAF_five_happy.wav,happiness,YAF
TESS/YAF_bath_happy.wav,happiness,YAF
TESS/OAF_shout_neutral.wav,neutral,OAF
TESS/OAF_bone_angry.wav,anger,OAF
TESS/YAF_kite_fear.wav,fear,YAF
TESS/OAF_keg_fear.wav,fear,OAF
TESS/OAF_name_neutral.wav,neutral,OAF
TESS/YAF_get_fear.wav,fear,YAF
TESS/YAF_hash_neutral.wav,neutral,YAF
TESS/YAF_goal_neutral.wav,neutral,YAF
TESS/OAF_white_sad.wav,sadness,OAF
TESS/YAF_youth_neutral.wav,neutral,YAF
TESS/OAF_voice_neutral.wav,neutral,OAF
TESS/YAF_raid_sad.wav,sadness,YAF
TESS/YAF_came_neutral.wav,neutral,YAF
TESS/OAF_nice_happy.wav,happiness,OAF
TESS/YAF_tire_sad.wav,sadness,YAF
TESS/YAF_check_happy.wav,happiness,YAF
TESS/YAF_soup_neutral.wav,neutral,YAF
TESS/OAF_pass_sad.wav,sadness,OAF
TESS/YAF_cause_neutral.wav,neutral,YAF
TESS/OAF_which_neutral.wav,neutral,OAF
TESS/YAF_kill_angry.wav,anger,YAF
TESS/YAF_cause_angry.wav,anger,YAF
TESS/YAF_king_fear.wav,fear,YAF
TESS/YAF_burn_sad.wav,sadness,YAF
TESS/YAF_bought_sad.wav,sadness,YAF
TESS/YAF_cause_disgust.wav,disgust,YAF
TESS/OAF_tape_angry.wav,anger,OAF
TESS/OAF_room_fear.wav,fear,OAF
TESS/YAF_get_sad.wav,sadness,YAF
TESS/OAF_have_angry.wav,anger,OAF
TESS/OAF_lease_angry.wav,anger,OAF
TESS/OAF_ripe_angry.wav,anger,OAF
TESS/OAF_mob_fear.wav,fear,OAF
TESS/OAF_home_disgust.wav,disgust,OAF
TESS/OAF_five_angry.wav,anger,OAF
TESS/OAF_chat_ps.wav,surprise,OAF
TESS/YAF_hire_happy.wav,happiness,YAF
TESS/YAF_knock_angry.wav,anger,YAF
TESS/OAF_tape_fear.wav,fear,OAF
TESS/OAF_back_fear.wav,fear,OAF
TESS/OAF_lean_sad.wav,sadness,OAF
TESS/YAF_nag_angry.wav,anger,YAF
TESS/OAF_gin_disgust.wav,disgust,OAF
TESS/OAF_youth_fear.wav,fear,OAF
TESS/OAF_reach_neutral.wav,neutral,OAF
TESS/OAF_fail_sad.wav,sadness,OAF
TESS/OAF_half_ps.wav,surprise,OAF
TESS/YAF_raise_fear.wav,fear,YAF
TESS/OAF_fall_sad.wav,sadness,OAF
TESS/OAF_mill_angry.wav,anger,OAF
TESS/YAF_turn_neutral.wav,neutral,YAF
TESS/OAF_dog_ps.wav,surprise,OAF
TESS/YAF_judge_happy.wav,happiness,YAF
TESS/OAF_judge_sad.wav,sadness,OAF
TESS/YAF_loaf_ps.wav,surprise,YAF
TESS/YAF_chain_disgust.wav,disgust,YAF
TESS/YAF_dodge_happy.wav,happiness,YAF
TESS/YAF_rush_ps.wav,surprise,YAF
TESS/YAF_wife_sad.wav,sadness,YAF
TESS/YAF_fit_disgust.wav,disgust,YAF
TESS/YAF_bite_fear.wav,fear,YAF
TESS/OAF_doll_neutral.wav,neutral,OAF
TESS/OAF_hire_fear.wav,fear,OAF
TESS/OAF_kite_disgust.wav,disgust,OAF
TESS/OAF_third_neutral.wav,neutral,OAF
TESS/OAF_mouse_happy.wav,happiness,OAF
TESS/OAF_gap_ps.wav,surprise,OAF
TESS/OAF_rag_ps.wav,surprise,OAF
TESS/OAF_sub_disgust.wav,disgust,OAF
TESS/YAF_tough_ps.wav,surprise,YAF
TESS/OAF_base_fear.wav,fear,OAF
TESS/YAF_gap_neutral.wav,neutral,YAF
TESS/OAF_mood_sad.wav,sadness,OAF
TESS/YAF_room_sad.wav,sadness,YAF
TESS/OAF_rough_angry.wav,anger,OAF
TESS/YAF_chain_angry.wav,anger,YAF
TESS/YAF_room_disgust.wav,disgust,YAF
TESS/YAF_pick_neutral.wav,neutral,YAF
TESS/OAF_goose_ps.wav,surprise,OAF
TESS/YAF_wash_disgust.wav,disgust,YAF
TESS/OAF_dab_fear.wav,fear,OAF
TESS/OAF_rough_neutral.wav,neutral,OAF
TESS/YAF_gin_sad.wav,sadness,YAF
TESS/OAF_third_ps.wav,surprise,OAF
TESS/YAF_reach_fear.wav,fear,YAF
TESS/YAF_limb_ps.wav,surprise,YAF
TESS/OAF_sour_neutral.wav,neutral,OAF
TESS/OAF_date_angry.wav,anger,OAF
TESS/OAF_loaf_fear.wav,fear,OAF
TESS/YAF_base_neutral.wav,neutral,YAF
TESS/OAF_team_sad.wav,sadness,OAF
TESS/YAF_pike_neutral.wav,neutral,YAF
TESS/YAF_mess_angry.wav,anger,YAF
TESS/OAF_live_neutral.wav,neutral,OAF
TESS/YAF_sure_angry.wav,anger,YAF
TESS/OAF_said_angry.wav,anger,OAF
TESS/OAF_read_sad.wav,sadness,OAF
TESS/OAF_half_angry.wav,anger,OAF
TESS/YAF_should_neutral.wav,neutral,YAF
TESS/YAF_lid_happy.wav,happiness,YAF
TESS/OAF_lid_happy.wav,happiness,OAF
TESS/OAF_moon_neutral.wav,neutral,OAF
TESS/OAF_name_disgust.wav,disgust,OAF
TESS/OAF_mess_ps.wav,surprise,OAF
TESS/YAF_make_ps.wav,surprise,YAF
TESS/OAF_chalk_fear.wav,fear,OAF
TESS/OAF_long_ps.wav,surprise,OAF
TESS/OAF_get_fear.wav,fear,OAF
TESS/YAF_jail_sad.wav,sadness,YAF
TESS/YAF_keg_fear.wav,fear,YAF
TESS/OAF_soap_sad.wav,sadness,OAF
TESS/YAF_ton_disgust.wav,disgust,YAF
TESS/YAF_tell_fear.wav,fear,YAF
TESS/OAF_mode_disgust.wav,disgust,OAF
TESS/OAF_shall_sad.wav,sadness,OAF
TESS/YAF_time_happy.wav,happiness,YAF
TESS/YAF_dodge_ps.wav,surprise,YAF
TESS/YAF_shirt_sad.wav,sadness,YAF
TESS/YAF_thin_fear.wav,fear,YAF
TESS/YAF_ripe_sad.wav,sadness,YAF
TESS/OAF_soup_fear.wav,fear,OAF
TESS/OAF_join_fear.wav,fear,OAF
TESS/OAF_tire_disgust.wav,disgust,OAF
TESS/YAF_gap_sad.wav,sadness,YAF
TESS/YAF_witch_happy.wav,happiness,YAF
TESS/YAF_merge_neutral.wav,neutral,YAF
TESS/OAF_wire_disgust.wav,disgust,OAF
TESS/YAF_gin_ps.wav,surprise,YAF
TESS/OAF_gin_angry.wav,anger,OAF
TESS/YAF_mill_angry.wav,anger,YAF
TESS/YAF_pass_neutral.wav,neutral,YAF
TESS/YAF_ripe_angry.wav,anger,YAF
TESS/YAF_dip_neutral.wav,neutral,YAF
TESS/YAF_burn_fear.wav,fear,YAF
TESS/YAF_road_disgust.wav,disgust,YAF
TESS/OAF_lease_sad.wav,sadness,OAF
TESS/OAF_shout_angry.wav,anger,OAF
TESS/OAF_far_fear.wav,fear,OAF
TESS/YAF_met_ps.wav,surprise,YAF
TESS/OAF_pike_happy.wav,happiness,OAF
TESS/OAF_calm_angry.wav,anger,OAF
TESS/YAF_search_neutral.wav,neutral,YAF
TESS/YAF_king_disgust.wav,disgust,YAF
TESS/OAF_calm_sad.wav,sadness,OAF
TESS/YAF_team_ps.wav,surprise,YAF
TESS/YAF_young_fear.wav,fear,YAF
TESS/YAF_jar_neutral.wav,neutral,YAF
TESS/YAF_merge_fear.wav,fear,YAF
TESS/YAF_cheek_happy.wav,happiness,YAF
TESS/YAF_voice_neutral.wav,neutral,YAF
TESS/YAF_mill_ps.wav,surprise,YAF
TESS/YAF_week_angry.wav,anger,YAF
TESS/YAF_check_neutral.wav,neutral,YAF
TESS/YAF_jug_ps.wav,surprise,YAF
TESS/OAF_mode_happy.wav,happiness,OAF
TESS/OAF_cheek_ps.wav,surprise,OAF
TESS/YAF_mood_disgust.wav,disgust,YAF
TESS/YAF_yes_sad.wav,sadness,YAF
TESS/YAF_wash_sad.wav,sadness,YAF
TESS/OAF_jug_ps.wav,surprise,OAF
TESS/YAF_match_disgust.wav,disgust,YAF
TESS/YAF_team_happy.wav,happiness,YAF
TESS/YAF_wire_neutral.wav,neutral,YAF
TESS/OAF_team_disgust.wav,disgust,OAF
TESS/YAF_rag_angry.wav,anger,YAF
TESS/YAF_hush_ps.wav,surprise,YAF
TESS/YAF_rose_ps.wav,surprise,YAF
TESS/YAF_have_ps.wav,surprise,YAF
TESS/OAF_haze_disgust.wav,disgust,OAF
TESS/OAF_near_fear.wav,fear,OAF
TESS/YAF_gas_happy.wav,happiness,YAF
TESS/YAF_lose_neutral.wav,neutral,YAF
TESS/YAF_take_fear.wav,fear,YAF
TESS/OAF_cab_happy.wav,happiness,OAF
TESS/OAF_whip_sad.wav,sadness,OAF
TESS/YAF_pass_ps.wav,surprise,YAF
TESS/OAF_nag_disgust.wav,disgust,OAF
TESS/OAF_pain_ps.wav,surprise,OAF
TESS/YAF_thought_angry.wav,anger,YAF
TESS/YAF_fail_disgust.wav,disgust,YAF
TESS/YAF_read_ps.wav,surprise,YAF
TESS/YAF_keep_sad.wav,sadness,YAF
TESS/YAF_goose_neutral.wav,neutral,YAF
TESS/OAF_check_disgust.wav,disgust,OAF
TESS/YAF_chief_neutral.wav,neutral,YAF
TESS/YAF_witch_fear.wav,fear,YAF
TESS/YAF_laud_sad.wav,sadness,YAF
TESS/YAF_haze_disgust.wav,disgust,YAF
TESS/OAF_met_happy.wav,happiness,OAF
TESS/OAF_loaf_ps.wav,surprise,OAF
TESS/OAF_yes_neutral.wav,neutral,OAF
TESS/YAF_moon_happy.wav,happiness,YAF
TESS/YAF_hire_angry.wav,anger,YAF
TESS/YAF_rag_ps.wav,surprise,YAF
TESS/OAF_mill_ps.wav,surprise,OAF
TESS/YAF_choice_fear.wav,fear,YAF
TESS/YAF_should_ps.wav,surprise,YAF
TESS/OAF_rat_sad.wav,sadness,OAF
TESS/YAF_bath_fear.wav,fear,YAF
TESS/OAF_rain_happy.wav,happiness,OAF
TESS/OAF_jail_neutral.wav,neutral,OAF
TESS/YAF_join_angry.wav,anger,YAF
TESS/YAF_nag_ps.wav,surprise,YAF
TESS/YAF_jug_disgust.wav,disgust,YAF
TESS/OAF_choice_angry.wav,anger,OAF
TESS/OAF_mop_disgust.wav,disgust,OAF
TESS/YAF_lease_fear.wav,fear,YAF
TESS/OAF_wheat_fear.wav,fear,OAF
TESS/OAF_bath_sad.wav,sadness,OAF
TESS/YAF_five_angry.wav,anger,YAF
TESS/YAF_goose_happy.wav,happiness,YAF
TESS/YAF_size_fear.wav,fear,YAF
TESS/OAF_said_happy.wav,happiness,OAF
TESS/OAF_tell_angry.wav,anger,OAF
TESS/OAF_shawl_angry.wav,anger,OAF
TESS/YAF_lose_ps.wav,surprise,YAF
TESS/YAF_whip_fear.wav,fear,YAF
TESS/YAF_pad_happy.wav,happiness,YAF
TESS/OAF_whip_ps.wav,surprise,OAF
TESS/OAF_bite_disgust.wav,disgust,OAF
TESS/YAF_dab_fear.wav,fear,YAF
TESS/YAF_neat_disgust.wav,disgust,YAF
TESS/YAF_wife_ps.wav,surprise,YAF
TESS/YAF_germ_happy.wav,happiness,YAF
TESS/YAF_dead_sad.wav,sadness,YAF
TESS/OAF_limb_sad.wav,sadness,OAF
TESS/OAF_sub_fear.wav,fear,OAF
TESS/OAF_bean_disgust.wav,disgust,OAF
TESS/OAF_hurl_neutral.wav,neutral,OAF
TESS/YAF_sheep_disgust.wav,disgust,YAF
TESS/YAF_loaf_sad.wav,sadness,YAF
TESS/OAF_keen_happy.wav,happiness,OAF
TESS/OAF_vine_happy.wav,happiness,OAF
TESS/OAF_week_angry.wav,anger,OAF
TESS/YAF_size_ps.wav,surprise,YAF
TESS/OAF_yes_angry.wav,anger,OAF
TESS/OAF_week_happy.wav,happiness,OAF
TESS/OAF_dodge_happy.wav,happiness,OAF
TESS/OAF_knock_angry.wav,anger,OAF
TESS/OAF_kill_neutral.wav,neutral,OAF
TESS/YAF_match_angry.wav,anger,YAF
TESS/OAF_ton_happy.wav,happiness,OAF
TESS/OAF_such_disgust.wav,disgust,OAF
TESS/OAF_mood_ps.wav,surprise,OAF
TESS/OAF_mouse_angry.wav,anger,OAF
TESS/YAF_should_disgust.wav,disgust,YAF
TESS/OAF_bone_ps.wav,surprise,OAF
TESS/OAF_lore_disgust.wav,disgust,OAF
TESS/OAF_tell_ps.wav,surprise,OAF
TESS/YAF_luck_angry.wav,anger,YAF
TESS/OAF_lid_fear.wav,fear,OAF
TESS/OAF_week_fear.wav,fear,OAF
TESS/OAF_yes_ps.wav,surprise,OAF
TESS/YAF_shawl_fear.wav,fear,YAF
TESS/YAF_rat_neutral.wav,neutral,YAF
TESS/YAF_mode_disgust.wav,disgust,YAF
TESS/OAF_red_neutral.wav,neutral,OAF
TESS/YAF_time_ps.wav,surprise,YAF
TESS/OAF_turn_angry.wav,anger,OAF
TESS/OAF_rain_fear.wav,fear,OAF
TESS/OAF_vote_neutral.wav,neutral,OAF
TESS/YAF_peg_ps.wav,surprise,YAF
TESS/YAF_walk_sad.wav,sadness,YAF
TESS/YAF_king_neutral.wav,neutral,YAF
TESS/YAF_pass_happy.wav,happiness,YAF
TESS/YAF_hash_ps.wav,surprise,YAF
TESS/OAF_such_sad.wav,sadness,OAF
TESS/YAF_pain_happy.wav,happiness,YAF
TESS/OAF_mob_neutral.wav,neutral,OAF
TESS/YAF_sheep_ps.wav,surprise,YAF
TESS/OAF_sell_fear.wav,fear,OAF
TESS/OAF_nag_happy.wav,happiness,OAF
TESS/YAF_cheek_sad.wav,sadness,YAF
TESS/YAF_shall_ps.wav,surprise,YAF
TESS/YAF_hate_happy.wav,happiness,YAF
TESS/OAF_kick_neutral.wav,neutral,OAF
TESS/OAF_bought_angry.wav,anger,OAF
TESS/YAF_shout_happy.wav,happiness,YAF
TESS/OAF_wheat_angry.wav,anger,OAF
TESS/YAF_soup_fear.wav,fear,YAF
TESS/OAF_raise_sad.wav,sadness,OAF
TESS/YAF_back_fear.wav,fear,YAF
TESS/YAF_thin_ps.wav,surprise,YAF
TESS/YAF_shack_neutral.wav,neutral,YAF
TESS/OAF_check_happy.wav,happiness,OAF
TESS/OAF_nice_sad.wav,sadness,OAF
TESS/OAF_germ_neutral.wav,neutral,OAF
TESS/OAF_back_sad.wav,sadness,OAF
TESS/OAF_ring_fear.wav,fear,OAF
TESS/YAF_limb_angry.wav,anger,YAF
TESS/OAF_mop_sad.wav,sadness,OAF
TESS/OAF_raise_disgust.wav,disgust,OAF
TESS/OAF_join_ps.wav,surprise,OAF
TESS/OAF_dab_disgust.wav,disgust,OAF
TESS/OAF_chief_neutral.wav,neutral,OAF
TESS/YAF_jail_fear.wav,fear,YAF
TESS/OAF_jail_disgust.wav,disgust,OAF
TESS/OAF_keen_angry.wav,anger,OAF
TESS/YAF_shirt_ps.wav,surprise,YAF
TESS/OAF_sure_angry.wav,anger,OAF
TESS/OAF_wheat_happy.wav,happiness,OAF
TESS/YAF_pass_fear.wav,fear,YAF
TESS/OAF_soup_disgust.wav,disgust,OAF
TESS/YAF_vote_angry.wav,anger,YAF
TESS/YAF_beg_sad.wav,sadness,YAF
TESS/YAF_door_happy.wav,happiness,YAF
TESS/YAF_join_fear.wav,fear,YAF
TESS/YAF_dog_disgust.wav,disgust,YAF
TESS/OAF_size_disgust.wav,disgust,OAF
TESS/YAF_jar_disgust.wav,disgust,YAF
TESS/YAF_keep_neutral.wav,neutral,YAF
TESS/YAF_lot_ps.wav,surprise,YAF
TESS/YAF_mode_neutral.wav,neutral,YAF
TESS/YAF_size_happy.wav,happiness,YAF
TESS/OAF_germ_fear.wav,fear,OAF
TESS/OAF_hurl_ps.wav,surprise,OAF
TESS/YAF_life_ps.wav,surprise,YAF
TESS/YAF_get_ps.wav,surprise,YAF
TESS/OAF_pearl_happy.wav,happiness,OAF
TESS/YAF_rot_neutral.wav,neutral,YAF
TESS/YAF_time_sad.wav,sadness,YAF
TESS/YAF_bar_sad.wav,sadness,YAF
TESS/OAF_thought_ps.wav,surprise,OAF
TESS/YAF_came_ps.wav,surprise,YAF
TESS/YAF_door_disgust.wav,disgust,YAF
TESS/OAF_bought_ps.wav,surprise,OAF
TESS/YAF_back_disgust.wav,disgust,YAF
TESS/YAF_which_angry.wav,anger,YAF
TESS/YAF_cab_angry.wav,anger,YAF
TESS/OAF_note_fear.wav,fear,OAF
TESS/YAF_jug_angry.wav,anger,YAF
TESS/OAF_bone_disgust.wav,disgust,OAF
TESS/YAF_numb_neutral.wav,neutral,YAF
TESS/OAF_wag_sad.wav,sadness,OAF
TESS/YAF_seize_angry.wav,anger,YAF
TESS/YAF_shawl_happy.wav,happiness,YAF
TESS/OAF_tough_happy.wav,happiness,OAF
TESS/OAF_came_sad.wav,sadness,OAF
TESS/YAF_voice_fear.wav,fear,YAF
TESS/OAF_rough_sad.wav,sadness,OAF
TESS/OAF_keep_ps.wav,surprise,OAF
TESS/YAF_learn_angry.wav,anger,YAF
TESS/OAF_search_fear.wav,fear,OAF
TESS/OAF_thought_fear.wav,fear,OAF
TESS/OAF_young_ps.wav,surprise,OAF
TESS/OAF_lease_ps.wav,surprise,OAF
TESS/OAF_nice_angry.wav,anger,OAF
TESS/OAF_base_neutral.wav,neutral,OAF
TESS/OAF_shawl_fear.wav,fear,OAF
TESS/YAF_bite_sad.wav,sadness,YAF
TESS/YAF_should_sad.wav,sadness,YAF
TESS/OAF_fat_sad.wav,sadness,OAF
TESS/YAF_sheep_fear.wav,fear,YAF
TESS/OAF_hole_neutral.wav,neutral,OAF
TESS/OAF_whip_angry.wav,anger,OAF
TESS/YAF_gap_fear.wav,fear,YAF
TESS/OAF_make_sad.wav,sadness,OAF
TESS/OAF_bean_ps.wav,surprise,OAF
TESS/OAF_wife_angry.wav,anger,OAF
TESS/OAF_moon_angry.wav,anger,OAF
TESS/OAF_ripe_happy.wav,happiness,OAF
TESS/YAF_mouse_angry.wav,anger,YAF
TESS/OAF_dime_disgust.wav,disgust,OAF
TESS/OAF_rush_fear.wav,fear,OAF
TESS/OAF_tape_disgust.wav,disgust,OAF
TESS/OAF_germ_disgust.wav,disgust,OAF
TESS/OAF_late_happy.wav,happiness,OAF
TESS/OAF_yes_disgust.wav,disgust,OAF
TESS/OAF_perch_fear.wav,fear,OAF
TESS/YAF_nice_happy.wav,happiness,YAF
TESS/OAF_gin_happy.wav,happiness,OAF
TESS/YAF_doll_sad.wav,sadness,YAF
TESS/OAF_check_angry.wav,anger,OAF
TESS/YAF_laud_neutral.wav,neutral,YAF
TESS/YAF_phone_angry.wav,anger,YAF
TESS/YAF_near_ps.wav,surprise,YAF
TESS/OAF_perch_sad.wav,sadness,OAF
TESS/OAF_room_ps.wav,surprise,OAF
TESS/OAF_shout_sad.wav,sadness,OAF
TESS/YAF_tape_disgust.wav,disgust,YAF
TESS/OAF_cheek_disgust.wav,disgust,OAF
TESS/OAF_make_fear.wav,fear,OAF
TESS/YAF_loaf_disgust.wav,disgust,YAF
TESS/OAF_sail_disgust.wav,disgust,OAF
TESS/YAF_life_happy.wav,happiness,YAF
TESS/YAF_ripe_disgust.wav,disgust,YAF
TESS/OAF_cool_happy.wav,happiness,OAF
TESS/YAF_should_fear.wav,fear,YAF
TESS/YAF_chalk_neutral.wav,neutral,YAF
TESS/YAF_tough_disgust.wav,disgust,YAF
TESS/OAF_thumb_angry.wav,anger,OAF
TESS/OAF_bath_neutral.wav,neutral,OAF
TESS/YAF_tool_disgust.wav,disgust,YAF
TESS/YAF_goal_sad.wav,sadness,YAF
TESS/YAF_jail_ps.wav,surprise,YAF
TESS/YAF_reach_ps.wav,surprise,YAF
TESS/OAF_pole_sad.wav,sadness,OAF
TESS/YAF_south_disgust.wav,disgust,YAF
TESS/OAF_red_happy.wav,happiness,OAF
TESS/YAF_south_happy.wav,happiness,YAF
TESS/YAF_chief_ps.wav,surprise,YAF
TESS/OAF_goal_disgust.wav,disgust,OAF
TESS/YAF_wheat_ps.wav,surprise,YAF
TESS/YAF_yearn_fear.wav,fear,YAF
TESS/YAF_hash_angry.wav,anger,YAF
TESS/OAF_hash_disgust.wav,disgust,OAF
TESS/YAF_lease_ps.wav,surprise,YAF
TESS/YAF_ring_disgust.wav,disgust,YAF
TESS/YAF_love_disgust.wav,disgust,YAF
TESS/OAF_dog_neutral.wav,neutral,OAF
TESS/YAF_judge_disgust.wav,disgust,YAF
TESS/OAF_red_disgust.wav,disgust,OAF
TESS/YAF_fit_fear.wav,fear,YAF
TESS/YAF_search_disgust.wav,disgust,YAF
TESS/OAF_gas_angry.wav,anger,OAF
TESS/YAF_bone_neutral.wav,neutral,YAF
TESS/YAF_when_sad.wav,sadness,YAF
TESS/YAF_half_sad.wav,sadness,YAF
TESS/OAF_whip_neutral.wav,neutral,OAF
TESS/OAF_rose_angry.wav,anger,OAF
TESS/YAF_boat_sad.wav,sadness,YAF
TESS/OAF_luck_neutral.wav,neutral,OAF
TESS/OAF_red_angry.wav,anger,OAF
TESS/OAF_gun_sad.wav,sadness,OAF
TESS/OAF_laud_fear.wav,fear,OAF
TESS/OAF_sell_neutral.wav,neutral,OAF
TESS/OAF_mood_fear.wav,fear,OAF
TESS/OAF_rough_disgust.wav,disgust,OAF
TESS/YAF_pike_fear.wav,fear,YAF
TESS/YAF_hush_disgust.wav,disgust,YAF
TESS/YAF_chalk_happy.wav,happiness,YAF
TESS/YAF_search_happy.wav,happiness,YAF
TESS/YAF_met_sad.wav,sadness,YAF
TESS/YAF_kick_sad.wav,sadness,YAF
TESS/OAF_pass_ps.wav,surprise,OAF
TESS/YAF_bean_fear.wav,fear,YAF
TESS/OAF_note_happy.wav,happiness,OAF
TESS/YAF_goal_happy.wav,happiness,YAF
TESS/OAF_when_sad.wav,sadness,OAF
TESS/YAF_gas_disgust.wav,disgust,YAF
TESS/YAF_walk_angry.wav,anger,YAF
TESS/OAF_sheep_ps.wav,surprise,OAF
TESS/YAF_neat_angry.wav,anger,YAF
TESS/OAF_search_sad.wav,sadness,OAF
TESS/OAF_youth_sad.wav,sadness,OAF
TESS/YAF_mill_fear.wav,fear,YAF
TESS/YAF_reach_sad.wav,sadness,YAF
TESS/YAF_seize_sad.wav,sadness,YAF
TESS/OAF_chain_ps.wav,surprise,OAF
TESS/OAF_puff_ps.wav,surprise,OAF
TESS/YAF_rush_happy.wav,happiness,YAF
TESS/OAF_wife_sad.wav,sadness,OAF
TESS/OAF_search_angry.wav,anger,OAF
TESS/OAF_good_neutral.wav,neutral,OAF
TESS/OAF_sail_fear.wav,fear,OAF
TESS/YAF_cab_fear.wav,fear,YAF
TESS/OAF_merge_sad.wav,sadness,OAF
TESS/OAF_neat_neutral.wav,neutral,OAF
TESS/YAF_hash_fear.wav,fear,YAF
TESS/YAF_pearl_ps.wav,surprise,YAF
TESS/YAF_join_sad.wav,sadness,YAF
TESS/OAF_rough_happy.wav,happiness,OAF
TESS/OAF_ton_neutral.wav,neutral,OAF
TESS/YAF_rough_angry.wav,anger,YAF
TESS/YAF_jar_sad.wav,sadness,YAF
TESS/OAF_chalk_sad.wav,sadness,OAF
TESS/OAF_dime_neutral.wav,neutral,OAF
TESS/YAF_raid_ps.wav,surprise,YAF
TESS/OAF_goose_neutral.wav,neutral,OAF
TESS/YAF_ton_angry.wav,anger,YAF
TESS/OAF_goal_angry.wav,anger,OAF
TESS/YAF_hole_angry.wav,anger,YAF
TESS/OAF_bath_fear.wav,fear,OAF
TESS/OAF_mode_fear.wav,fear,OAF
TESS/OAF_talk_disgust.wav,disgust,OAF
TESS/YAF_hurl_sad.wav,sadness,YAF
TESS/OAF_pole_fear.wav,fear,OAF
TESS/YAF_met_disgust.wav,disgust,YAF
TESS/OAF_bar_happy.wav,happiness,OAF
TESS/YAF_talk_happy.wav,happiness,YAF
TESS/YAF_mood_happy.wav,happiness,YAF
TESS/YAF_wheat_fear.wav,fear,YAF
TESS/OAF_pad_ps.wav,surprise,OAF
TESS/OAF_when_angry.wav,anger,OAF
TESS/OAF_name_sad.wav,sadness,OAF
TESS/OAF_long_happy.wav,happiness,OAF
TESS/OAF_burn_sad.wav,sadness,OAF
TESS/YAF_hurl_angry.wav,anger,YAF
TESS/OAF_chair_fear.wav,fear,OAF
TESS/YAF_gap_disgust.wav,disgust,YAF
TESS/OAF_perch_angry.wav,anger,OAF
TESS/OAF_gaze_ps.wav,surprise,OAF
TESS/YAF_sell_happy.wav,happiness,YAF
TESS/YAF_hit_disgust.wav,disgust,YAF
TESS/OAF_wag_fear.wav,fear,OAF
TESS/YAF_fall_neutral.wav,neutral,YAF
TESS/YAF_ton_fear.wav,fear,YAF
TESS/OAF_base_angry.wav,anger,OAF
TESS/YAF_rat_happy.wav,happiness,YAF
TESS/OAF_ring_sad.wav,sadness,OAF
TESS/OAF_dime_fear.wav,fear,OAF
TESS/YAF_lot_disgust.wav,disgust,YAF
TESS/YAF_vote_neutral.wav,neutral,YAF
TESS/OAF_tell_sad.wav,sadness,OAF
TESS/OAF_pain_neutral.wav,neutral,OAF
TESS/YAF_met_neutral.wav,neutral,YAF
TESS/OAF_pike_fear.wav,fear,OAF
TESS/YAF_door_neutral.wav,neutral,YAF
TESS/OAF_kill_angry.wav,anger,OAF
TESS/YAF_cheek_ps.wav,surprise,YAF
TESS/OAF_life_angry.wav,anger,OAF
TESS/OAF_dead_fear.wav,fear,OAF
TESS/OAF_vote_fear.wav,fear,OAF
TESS/OAF_fit_happy.wav,happiness,OAF
TESS/OAF_ripe_fear.wav,fear,OAF
TESS/YAF_tool_sad.wav,sadness,YAF
TESS/YAF_rush_angry.wav,anger,YAF
TESS/YAF_vote_disgust.wav,disgust,YAF
TESS/OAF_sour_happy.wav,happiness,OAF
TESS/YAF_learn_disgust.wav,disgust,YAF
TESS/OAF_kite_ps.wav,surprise,OAF
TESS/OAF_cheek_fear.wav,fear,OAF
TESS/OAF_hit_fear.wav,fear,OAF
TESS/OAF_reach_angry.wav,anger,OAF
TESS/YAF_love_happy.wav,happiness,YAF
TESS/OAF_jug_angry.wav,anger,OAF
TESS/YAF_loaf_happy.wav,happiness,YAF
TESS/YAF_fit_ps.wav,surprise,YAF
TESS/YAF_make_fear.wav,fear,YAF
TESS/YAF_wag_angry.wav,anger,YAF
TESS/YAF_chalk_fear.wav,fear,YAF
TESS/YAF_bought_happy.wav,happiness,YAF
TESS/OAF_knock_fear.wav,fear,OAF
TESS/OAF_thought_sad.wav,sadness,OAF
TESS/OAF_hash_sad.wav,sadness,OAF
TESS/OAF_learn_disgust.wav,disgust,OAF
TESS/YAF_fall_fear.wav,fear,YAF
TESS/YAF_thought_sad.wav,sadness,YAF
TESS/YAF_love_sad.wav,sadness,YAF
TESS/YAF_sure_ps.wav,surprise,YAF
TESS/YAF_bath_sad.wav,sadness,YAF
TESS/OAF_love_neutral.wav,neutral,OAF
TESS/YAF_wag_ps.wav,surprise,YAF
TESS/OAF_sail_sad.wav,sadness,OAF
TESS/OAF_tough_sad.wav,sadness,OAF
TESS/OAF_chat_neutral.wav,neutral,OAF
TESS/OAF_make_disgust.wav,disgust,OAF
TESS/YAF_sour_angry.wav,anger,YAF
TESS/OAF_chat_disgust.wav,disgust,OAF
TESS/YAF_shawl_angry.wav,anger,YAF
TESS/OAF_shawl_sad.wav,sadness,OAF
TESS/OAF_hit_neutral.wav,neutral,OAF
TESS/YAF_door_sad.wav,sadness,YAF
TESS/YAF_gas_angry.wav,anger,YAF
TESS/OAF_page_ps.wav,surprise,OAF
TESS/YAF_raise_happy.wav,happiness,YAF
TESS/OAF_live_ps.wav,surprise,OAF
TESS/OAF_when_neutral.wav,neutral,OAF
TESS/YAF_keg_angry.wav,anger,YAF
TESS/OAF_five_happy.wav,happiness,OAF
TESS/OAF_have_neutral.wav,neutral,OAF
TESS/OAF_burn_angry.wav,anger,OAF
TESS/YAF_raid_angry.wav,anger,YAF
TESS/YAF_gun_sad.wav,sadness,YAF
TESS/YAF_wife_neutral.wav,neutral,YAF
TESS/OAF_chair_neutral.wav,neutral,OAF
TESS/YAF_vine_disgust.wav,disgust,YAF
TESS/YAF_mill_sad.wav,sadness,YAF
TESS/OAF_dodge_sad.wav,sadness,OAF
TESS/YAF_back_angry.wav,anger,YAF
TESS/YAF_rain_happy.wav,happiness,YAF
TESS/YAF_shack_fear.wav,fear,YAF
TESS/OAF_thin_ps.wav,surprise,OAF
TESS/OAF_moon_fear.wav,fear,OAF
TESS/OAF_wheat_sad.wav,sadness,OAF
TESS/YAF_note_fear.wav,fear,YAF
TESS/YAF_hush_sad.wav,sadness,YAF
TESS/OAF_fall_happy.wav,happiness,OAF
TESS/YAF_mouse_happy.wav,happiness,YAF
TESS/YAF_reach_angry.wav,anger,YAF
TESS/YAF_lore_fear.wav,fear,YAF
TESS/YAF_wash_ps.wav,surprise,YAF
TESS/OAF_tip_ps.wav,surprise,OAF
TESS/YAF_jail_happy.wav,happiness,YAF
TESS/YAF_tip_fear.wav,fear,YAF
TESS/OAF_rat_fear.wav,fear,OAF
TESS/YAF_long_ps.wav,surprise,YAF
TESS/OAF_when_ps.wav,surprise,OAF
TESS/YAF_sail_angry.wav,anger,YAF
TESS/YAF_walk_happy.wav,happiness,YAF
TESS/OAF_lease_happy.wav,happiness,OAF
TESS/YAF_life_sad.wav,sadness,YAF
TESS/YAF_young_neutral.wav,neutral,YAF
TESS/OAF_half_neutral.wav,neutral,OAF
TESS/YAF_fail_sad.wav,sadness,YAF
TESS/OAF_get_disgust.wav,disgust,OAF
TESS/YAF_nag_disgust.wav,disgust,YAF
TESS/YAF_tool_neutral.wav,neutral,YAF
TESS/YAF_dime_ps.wav,surprise,YAF
TESS/YAF_hurl_disgust.wav,disgust,YAF
TESS/OAF_sour_disgust.wav,disgust,OAF
TESS/YAF_nag_neutral.wav,neutral,YAF
TESS/YAF_bite_angry.wav,anger,YAF
TESS/YAF_third_happy.wav,happiness,YAF
TESS/OAF_raise_fear.wav,fear,OAF
TESS/OAF_note_disgust.wav,disgust,OAF
TESS/YAF_sheep_neutral.wav,neutral,YAF
TESS/OAF_germ_happy.wav,happiness,OAF
TESS/YAF_road_angry.wav,anger,YAF
TESS/OAF_wife_disgust.wav,disgust,OAF
TESS/OAF_gaze_fear.wav,fear,OAF
TESS/YAF_ditch_sad.wav,sadness,YAF
TESS/YAF_fail_neutral.wav,neutral,YAF
TESS/YAF_puff_disgust.wav,disgust,YAF
TESS/OAF_bar_ps.wav,surprise,OAF
TESS/OAF_raid_fear.wav,fear,OAF
TESS/OAF_choice_neutral.wav,neutral,OAF
TESS/YAF_fall_sad.wav,sadness,YAF
TESS/YAF_king_happy.wav,happiness,YAF
TESS/OAF_fail_disgust.wav,disgust,OAF
TESS/YAF_note_happy.wav,happiness,YAF
TESS/OAF_met_angry.wav,anger,OAF
TESS/OAF_raid_sad.wav,sadness,OAF
TESS/YAF_take_ps.wav,surprise,YAF
TESS/OAF_door_sad.wav,sadness,OAF
TESS/OAF_perch_disgust.wav,disgust,OAF
TESS/YAF_keen_angry.wav,anger,YAF
TESS/YAF_thin_sad.wav,sadness,YAF
TESS/OAF_chalk_neutral.wav,neutral,OAF
TESS/YAF_haze_ps.wav,surprise,YAF
TESS/YAF_hole_happy.wav,happiness,YAF
TESS/YAF_date_angry.wav,anger,YAF
TESS/OAF_gaze_disgust.wav,disgust,OAF
TESS/OAF_love_happy.wav,happiness,OAF
TESS/YAF_page_angry.wav,anger,YAF
TESS/OAF_back_angry.wav,anger,OAF
TESS/OAF_late_disgust.wav,disgust,OAF
TESS/OAF_chalk_ps.wav,surprise,OAF
TESS/OAF_came_ps.wav,surprise,OAF
TESS/OAF_goal_sad.wav,sadness,OAF
TESS/OAF_dip_ps.wav,surprise,OAF
TESS/OAF_moon_disgust.wav,disgust,OAF
TESS/YAF_tip_sad.wav,sadness,YAF
TESS/YAF_thumb_sad.wav,sadness,YAF
TESS/YAF_said_neutral.wav,neutral,YAF
TESS/YAF_bean_ps.wav,surprise,YAF
TESS/OAF_germ_angry.wav,anger,OAF
TESS/YAF_nice_disgust.wav,disgust,YAF
TESS/OAF_which_fear.wav,fear,OAF
TESS/YAF_pick_happy.wav,happiness,YAF
TESS/YAF_bone_happy.wav,happiness,YAF
TESS/YAF_mess_fear.wav,fear,YAF
TESS/YAF_sub_angry.wav,anger,YAF
TESS/OAF_mode_ps.wav,surprise,OAF
TESS/OAF_perch_neutral.wav,neutral,OAF
TESS/OAF_dead_angry.wav,anger,OAF
TESS/YAF_book_happy.wav,happiness,YAF
TESS/OAF_lean_fear.wav,fear,OAF
TESS/OAF_ring_ps.wav,surprise,OAF
TESS/OAF_keg_angry.wav,anger,OAF
TESS/YAF_dog_happy.wav,happiness,YAF
TESS/YAF_near_disgust.wav,disgust,YAF
TESS/OAF_cause_happy.wav,happiness,OAF
TESS/OAF_lot_fear.wav,fear,OAF
TESS/YAF_join_ps.wav,surprise,YAF
TESS/OAF_back_happy.wav,happiness,OAF
TESS/OAF_date_neutral.wav,neutral,OAF
TESS/YAF_good_fear.wav,fear,YAF
TESS/OAF_join_neutral.wav,neutral,OAF
TESS/OAF_wife_neutral.wav,neutral,OAF
TESS/OAF_back_ps.wav,surprise,OAF
TESS/OAF_tough_neutral.wav,neutral,OAF
TESS/OAF_rat_neutral.wav,neutral,OAF
TESS/OAF_kite_happy.wav,happiness,OAF
TESS/OAF_ditch_fear.wav,fear,OAF
TESS/OAF_should_happy.wav,happiness,OAF
TESS/OAF_king_ps.wav,surprise,OAF
TESS/OAF_dog_happy.wav,happiness,OAF
TESS/OAF_raid_happy.wav,happiness,OAF
TESS/YAF_moon_disgust.wav,disgust,YAF
TESS/OAF_talk_neutral.wav,neutral,OAF
TESS/OAF_mess_happy.wav,happiness,OAF
TESS/YAF_size_angry.wav,anger,YAF
TESS/YAF_ring_sad.wav,sadness,YAF
TESS/OAF_goal_neutral.wav,neutral,OAF
TESS/YAF_search_angry.wav,anger,YAF
TESS/YAF_tire_fear.wav,fear,YAF
TESS/OAF_peg_sad.wav,sadness,OAF
TESS/OAF_tool_disgust.wav,disgust,OAF
TESS/YAF_phone_sad.wav,sadness,YAF
TESS/YAF_tell_ps.wav,surprise,YAF
TESS/YAF_chalk_sad.wav,sadness,YAF
TESS/YAF_dime_sad.wav,sadness,YAF
TESS/YAF_voice_angry.wav,anger,YAF
TESS/OAF_far_neutral.wav,neutral,OAF
TESS/OAF_luck_ps.wav,surprise,OAF
TESS/YAF_youth_disgust.wav,disgust,YAF
TESS/YAF_rot_disgust.wav,disgust,YAF
TESS/YAF_turn_angry.wav,anger,YAF
TESS/YAF_goose_ps.wav,surprise,YAF
TESS/YAF_lease_neutral.wav,neutral,YAF
TESS/YAF_nag_fear.wav,fear,YAF
TESS/OAF_gas_fear.wav,fear,OAF
TESS/YAF_lean_happy.wav,happiness,YAF
TESS/YAF_book_ps.wav,surprise,YAF
TESS/YAF_goose_disgust.wav,disgust,YAF
TESS/OAF_wife_fear.wav,fear,OAF
TESS/OAF_week_neutral.wav,neutral,OAF
TESS/OAF_met_fear.wav,fear,OAF
TESS/YAF_cheek_disgust.wav,disgust,YAF
TESS/OAF_live_fear.wav,fear,OAF
TESS/OAF_hole_angry.wav,anger,OAF
TESS/YAF_date_neutral.wav,neutral,YAF
TESS/OAF_lid_neutral.wav,neutral,OAF
TESS/YAF_yearn_happy.wav,happiness,YAF
TESS/OAF_young_happy.wav,happiness,OAF
TESS/YAF_thin_disgust.wav,disgust,YAF
TESS/YAF_soup_sad.wav,sadness,YAF
TESS/OAF_loaf_sad.wav,sadness,OAF
TESS/OAF_beg_angry.wav,anger,OAF
TESS/YAF_calm_sad.wav,sadness,YAF
TESS/YAF_witch_sad.wav,sadness,YAF
TESS/OAF_ditch_disgust.wav,disgust,OAF
TESS/OAF_came_fear.wav,fear,OAF
TESS/OAF_tape_sad.wav,sadness,OAF
TESS/OAF_ditch_sad.wav,sadness,OAF
TESS/OAF_boat_disgust.wav,disgust,OAF
TESS/YAF_such_angry.wav,anger,YAF
TESS/OAF_home_angry.wav,anger,OAF
TESS/OAF_chain_neutral.wav,neutral,OAF
TESS/OAF_turn_sad.wav,sadness,OAF
TESS/YAF_rat_ps.wav,surprise,YAF
TESS/YAF_lean_neutral.wav,neutral,YAF
TESS/YAF_raid_fear.wav,fear,YAF
TESS/YAF_neat_ps.wav,surprise,YAF
TESS/OAF_juice_disgust.wav,disgust,OAF
TESS/YAF_door_angry.wav,anger,YAF
TESS/YAF_soap_fear.wav,fear,YAF
TESS/YAF_mode_ps.wav,surprise,YAF
TESS/YAF_perch_disgust.wav,disgust,YAF
TESS/YAF_half_disgust.wav,disgust,YAF
TESS/OAF_rat_happy.wav,happiness,OAF
TESS/YAF_check_sad.wav,sadness,YAF
TESS/OAF_sell_sad.wav,sadness,OAF
TESS/OAF_shack_happy.wav,happiness,OAF
TESS/OAF_puff_angry.wav,anger,OAF
TESS/OAF_white_disgust.wav,disgust,OAF
TESS/YAF_match_neutral.wav,neutral,YAF
TESS/OAF_goose_sad.wav,sadness,OAF
TESS/OAF_bean_angry.wav,anger,OAF
TESS/OAF_judge_happy.wav,happiness,OAF
TESS/OAF_king_fear.wav,fear,OAF
TESS/OAF_moon_happy.wav,happiness,OAF
TESS/OAF_bone_fear.wav,fear,OAF
TESS/OAF_lose_fear.wav,fear,OAF
TESS/OAF_food_happy.wav,happiness,OAF
TESS/YAF_shall_fear.wav,fear,YAF
TESS/OAF_vote_disgust.wav,disgust,OAF
TESS/YAF_said_ps.wav,surprise,YAF
TESS/OAF_long_disgust.wav,disgust,OAF
TESS/YAF_love_neutral.wav,neutral,YAF
TESS/OAF_vote_ps.wav,surprise,OAF
TESS/OAF_sheep_fear.wav,fear,OAF
TESS/OAF_get_ps.wav,surprise,OAF
TESS/OAF_boat_angry.wav,anger,OAF
TESS/OAF_calm_ps.wav,surprise,OAF
TESS/OAF_size_sad.wav,sadness,OAF
TESS/OAF_sure_disgust.wav,disgust,OAF
TESS/YAF_home_neutral.wav,neutral,YAF
TESS/YAF_good_angry.wav,anger,YAF
TESS/OAF_king_neutral.wav,neutral,OAF
TESS/YAF_laud_fear.wav,fear,YAF
TESS/OAF_king_angry.wav,anger,OAF
TESS/YAF_bean_angry.wav,anger,YAF
TESS/YAF_shall_disgust.wav,disgust,YAF
TESS/OAF_life_sad.wav,sadness,OAF
TESS/YAF_calm_disgust.wav,disgust,YAF
TESS/YAF_team_fear.wav,fear,YAF
TESS/OAF_book_angry.wav,anger,OAF
TESS/YAF_tell_disgust.wav,disgust,YAF
TESS/OAF_match_fear.wav,fear,OAF
TESS/OAF_burn_neutral.wav,neutral,OAF
TESS/OAF_make_happy.wav,happiness,OAF
TESS/YAF_juice_fear.wav,fear,YAF
TESS/OAF_fat_disgust.wav,disgust,OAF
TESS/YAF_gas_sad.wav,sadness,YAF
TESS/OAF_goose_disgust.wav,disgust,OAF
TESS/OAF_raid_neutral.wav,neutral,OAF
TESS/YAF_kill_fear.wav,fear,YAF
TESS/YAF_lid_fear.wav,fear,YAF
TESS/OAF_near_ps.wav,surprise,OAF
TESS/YAF_third_fear.wav,fear,YAF
TESS/OAF_bite_fear.wav,fear,OAF
TESS/OAF_death_neutral.wav,neutral,OAF
TESS/YAF_bought_ps.wav,surprise,YAF
TESS/YAF_mill_happy.wav,happiness,YAF
TESS/OAF_cab_angry.wav,anger,OAF
TESS/YAF_judge_neutral.wav,neutral,YAF
TESS/YAF_pain_disgust.wav,disgust,YAF
TESS/OAF_chalk_happy.wav,happiness,OAF
TESS/OAF_page_disgust.wav,disgust,OAF
TESS/OAF_near_happy.wav,happiness,OAF
TESS/OAF_kick_disgust.wav,disgust,OAF
TESS/OAF_seize_ps.wav,surprise,OAF
TESS/YAF_mop_neutral.wav,neutral,YAF
TESS/OAF_chief_ps.wav,surprise,OAF
TESS/OAF_doll_fear.wav,fear,OAF
TESS/OAF_whip_happy.wav,happiness,OAF
TESS/YAF_live_ps.wav,surprise,YAF
TESS/OAF_hush_fear.wav,fear,OAF
TESS/OAF_witch_neutral.wav,neutral,OAF
TESS/OAF_whip_disgust.wav,disgust,OAF
TESS/YAF_wash_angry.wav,anger,YAF
TESS/OAF_home_neutral.wav,neutral,OAF
TESS/YAF_mood_ps.wav,surprise,YAF
TESS/OAF_learn_angry.wav,anger,OAF
TESS/YAF_pearl_angry.wav,anger,YAF
TESS/YAF_team_angry.wav,anger,YAF
TESS/YAF_hush_happy.wav,happiness,YAF
TESS/OAF_neat_angry.wav,anger,OAF
TESS/OAF_hash_neutral.wav,neutral,OAF
TESS/OAF_dodge_fear.wav,fear,OAF
TESS/YAF_shack_sad.wav,sadness,YAF
TESS/YAF_learn_ps.wav,surprise,YAF
TESS/OAF_fall_disgust.wav,disgust,OAF
TESS/OAF_nice_fear.wav,fear,OAF
TESS/OAF_hurl_angry.wav,anger,OAF
TESS/OAF_match_neutral.wav,neutral,OAF
TESS/OAF_doll_happy.wav,happiness,OAF
TESS/YAF_date_disgust.wav,disgust,YAF
TESS/YAF_mouse_ps.wav,surprise,YAF
TESS/YAF_merge_happy.wav,happiness,YAF
TESS/YAF_shawl_neutral.wav,neutral,YAF
TESS/YAF_said_fear.wav,fear,YAF
TESS/YAF_tape_ps.wav,surprise,YAF
TESS/OAF_hush_ps.wav,surprise,OAF
TESS/YAF_bought_disgust.wav,disgust,YAF
TESS/OAF_mood_angry.wav,anger,OAF
TESS/YAF_peg_angry.wav,anger,YAF
TESS/YAF_shawl_disgust.wav,disgust,YAF
TESS/YAF_lot_happy.wav,happiness,YAF
TESS/YAF_keep_happy.wav,happiness,YAF
TESS/OAF_tape_ps.wav,surprise,OAF
TESS/OAF_bought_disgust.wav,disgust,OAF
TESS/YAF_pick_sad.wav,sadness,YAF
TESS/YAF_bone_sad.wav,sadness,YAF
TESS/YAF_keen_fear.wav,fear,YAF
TESS/YAF_fall_disgust.wav,disgust,YAF
TESS/YAF_life_disgust.wav,disgust,YAF
TESS/OAF_judge_ps.wav,surprise,OAF
TESS/OAF_kill_disgust.wav,disgust,OAF
TESS/OAF_haze_angry.wav,anger,OAF
TESS/OAF_hash_angry.wav,anger,OAF
TESS/YAF_pole_disgust.wav,disgust,YAF
TESS/YAF_name_fear.wav,fear,YAF
TESS/YAF_doll_angry.wav,anger,YAF
TESS/YAF_vote_ps.wav,surprise,YAF
TESS/OAF_mess_sad.wav,sadness,OAF
TESS/OAF_tool_ps.wav,surprise,OAF
TESS/OAF_book_fear.wav,fear,OAF
TESS/OAF_phone_happy.wav,happiness,OAF
TESS/YAF_walk_disgust.wav,disgust,YAF
TESS/OAF_voice_angry.wav,anger,OAF
TESS/OAF_dip_neutral.wav,neutral,OAF
TESS/OAF_half_fear.wav,fear,OAF
TESS/YAF_hit_ps.wav,surprise,YAF
TESS/YAF_rose_disgust.wav,disgust,YAF
TESS/YAF_wag_sad.wav,sadness,YAF
TESS/YAF_sell_ps.wav,surprise,YAF
TESS/YAF_soup_happy.wav,happiness,YAF
TESS/OAF_bar_fear.wav,fear,OAF
TESS/YAF_king_ps.wav,surprise,YAF
TESS/YAF_home_sad.wav,sadness,YAF
TESS/OAF_mob_sad.wav,sadness,OAF
TESS/OAF_door_happy.wav,happiness,OAF
TESS/YAF_ditch_neutral.wav,neutral,YAF
TESS/OAF_hash_ps.wav,surprise,OAF
TESS/YAF_dead_disgust.wav,disgust,YAF
TESS/OAF_reach_fear.wav,fear,OAF
TESS/YAF_lore_ps.wav,surprise,YAF
TESS/YAF_peg_sad.wav,sadness,YAF
TESS/OAF_tire_fear.wav,fear,OAF
TESS/YAF_kite_angry.wav,anger,YAF
TESS/OAF_mouse_neutral.wav,neutral,OAF
TESS/OAF_bite_angry.wav,anger,OAF
TESS/OAF_pike_sad.wav,sadness,OAF
TESS/OAF_jug_fear.wav,fear,OAF
TESS/YAF_ring_happy.wav,happiness,YAF
TESS/OAF_thumb_fear.wav,fear,OAF
TESS/OAF_sure_fear.wav,fear,OAF
TESS/OAF_shack_neutral.wav,neutral,OAF
TESS/OAF_half_disgust.wav,disgust,OAF
TESS/OAF_make_neutral.wav,neutral,OAF
TESS/OAF_good_sad.wav,sadness,OAF
TESS/OAF_room_sad.wav,sadness,OAF
TESS/OAF_wire_sad.wav,sadness,OAF
TESS/OAF_shall_disgust.wav,disgust,OAF
TESS/OAF_judge_angry.wav,anger,OAF
TESS/OAF_youth_disgust.wav,disgust,OAF
TESS/YAF_which_fear.wav,fear,YAF
TESS/YAF_chief_fear.wav,fear,YAF
TESS/OAF_vine_disgust.wav,disgust,OAF
TESS/YAF_met_happy.wav,happiness,YAF
TESS/YAF_choice_disgust.wav,disgust,YAF
TESS/YAF_seize_neutral.wav,neutral,YAF
TESS/OAF_turn_disgust.wav,disgust,OAF
TESS/YAF_five_sad.wav,sadness,YAF
TESS/OAF_turn_happy.wav,happiness,OAF
TESS/YAF_thumb_ps.wav,surprise,YAF
TESS/OAF_book_ps.wav,surprise,OAF
TESS/OAF_team_fear.wav,fear,OAF
TESS/OAF_late_angry.wav,anger,OAF
TESS/YAF_jail_angry.wav,anger,YAF
TESS/YAF_pain_fear.wav,fear,YAF
TESS/YAF_ripe_happy.wav,happiness,YAF
TESS/YAF_mob_disgust.wav,disgust,YAF
TESS/OAF_chair_sad.wav,sadness,OAF
TESS/OAF_such_happy.wav,happiness,OAF
TESS/OAF_read_ps.wav,surprise,OAF
TESS/OAF_read_angry.wav,anger,OAF
TESS/OAF_mill_sad.wav,sadness,OAF
TESS/YAF_chat_neutral.wav,neutral,YAF
TESS/OAF_time_ps.wav,surprise,OAF
TESS/OAF_keg_disgust.wav,disgust,OAF
TESS/YAF_witch_disgust.wav,disgust,YAF
TESS/YAF_lid_neutral.wav,neutral,YAF
TESS/YAF_knock_sad.wav,sadness,YAF
TESS/OAF_yes_fear.wav,fear,OAF
TESS/OAF_rag_sad.wav,sadness,OAF
TESS/OAF_numb_angry.wav,anger,OAF
TESS/YAF_when_disgust.wav,disgust,YAF
TESS/YAF_fat_happy.wav,happiness,YAF
TESS/YAF_sail_fear.wav,fear,YAF
TESS/YAF_rough_sad.wav,sadness,YAF
TESS/YAF_ring_ps.wav,surprise,YAF
TESS/OAF_love_fear.wav,fear,OAF
TESS/OAF_choice_ps.wav,surprise,OAF
TESS/OAF_beg_ps.wav,surprise,OAF
TESS/YAF_vote_sad.wav,sadness,YAF
TESS/OAF_mode_neutral.wav,neutral,OAF
TESS/OAF_burn_fear.wav,fear,OAF
TESS/YAF_wire_angry.wav,anger,YAF
TESS/OAF_thumb_happy.wav,happiness,OAF
TESS/YAF_search_sad.wav,sadness,YAF
TESS/YAF_hole_fear.wav,fear,YAF
TESS/OAF_take_ps.wav,surprise,OAF
TESS/OAF_which_happy.wav,happiness,OAF
TESS/OAF_dime_happy.wav,happiness,OAF
TESS/OAF_kick_angry.wav,anger,OAF
TESS/YAF_far_sad.wav,sadness,YAF
TESS/OAF_keep_happy.wav,happiness,OAF
TESS/YAF_raise_sad.wav,sadness,YAF
TESS/YAF_jail_neutral.wav,neutral,YAF
TESS/OAF_yes_sad.wav,sadness,OAF
TESS/YAF_chair_ps.wav,surprise,YAF
TESS/YAF_sure_sad.wav,sadness,YAF
TESS/YAF_match_ps.wav,surprise,YAF
TESS/YAF_cheek_angry.wav,anger,YAF
TESS/OAF_tip_disgust.wav,disgust,OAF
TESS/YAF_base_disgust.wav,disgust,YAF
TESS/YAF_page_sad.wav,sadness,YAF
TESS/YAF_ripe_neutral.wav,neutral,YAF
TESS/YAF_far_fear.wav,fear,YAF
TESS/OAF_thought_disgust.wav,disgust,OAF
TESS/YAF_cheek_fear.wav,fear,YAF
TESS/OAF_ripe_ps.wav,surprise,OAF
TESS/OAF_name_fear.wav,fear,OAF
TESS/OAF_dodge_disgust.wav,disgust,OAF
TESS/OAF_mop_happy.wav,happiness,OAF
TESS/YAF_young_sad.wav,sadness,YAF
TESS/OAF_take_sad.wav,sadness,OAF
TESS/YAF_sail_disgust.wav,disgust,YAF
TESS/OAF_time_angry.wav,anger,OAF
TESS/OAF_should_ps.wav,surprise,OAF
TESS/YAF_name_sad.wav,sadness,YAF
TESS/OAF_should_fear.wav,fear,OAF
TESS/OAF_tape_neutral.wav,neutral,OAF
TESS/YAF_calm_ps.wav,surprise,YAF
TESS/YAF_yes_neutral.wav,neutral,YAF
TESS/OAF_puff_fear.wav,fear,OAF
TESS/OAF_chat_happy.wav,happiness,OAF
TESS/YAF_white_fear.wav,fear,YAF
TESS/OAF_phone_disgust.wav,disgust,OAF
TESS/OAF_mood_disgust.wav,disgust,OAF
TESS/YAF_voice_happy.wav,happiness,YAF
TESS/OAF_fail_ps.wav,surprise,OAF
TESS/OAF_deep_angry.wav,anger,OAF
TESS/OAF_hate_neutral.wav,neutral,OAF
TESS/YAF_rot_fear.wav,fear,YAF
TESS/YAF_pain_sad.wav,sadness,YAF
TESS/YAF_tire_happy.wav,happiness,YAF
TESS/OAF_hate_ps.wav,surprise,OAF
TESS/OAF_soap_ps.wav,surprise,OAF
TESS/YAF_week_ps.wav,surprise,YAF
TESS/YAF_keep_ps.wav,surprise,YAF
TESS/OAF_lid_ps.wav,surprise,OAF
TESS/YAF_mob_ps.wav,surprise,YAF
TESS/OAF_wash_disgust.wav,disgust,OAF
TESS/YAF_hit_fear.wav,fear,YAF
TESS/OAF_pole_happy.wav,happiness,OAF
TESS/YAF_wheat_happy.wav,happiness,YAF
TESS/YAF_chief_disgust.wav,disgust,YAF
TESS/OAF_beg_happy.wav,happiness,OAF
TESS/YAF_road_neutral.wav,neutral,YAF
TESS/YAF_mouse_sad.wav,sadness,YAF
TESS/YAF_rough_neutral.wav,neutral,YAF
TESS/OAF_rot_happy.wav,happiness,OAF
TESS/YAF_dab_neutral.wav,neutral,YAF
TESS/OAF_sour_ps.wav,surprise,OAF
TESS/YAF_peg_disgust.wav,disgust,YAF
TESS/YAF_keen_disgust.wav,disgust,YAF
TESS/OAF_match_sad.wav,sadness,OAF
TESS/OAF_moon_sad.wav,sadness,OAF
TESS/OAF_hire_disgust.wav,disgust,OAF
TESS/YAF_chair_fear.wav,fear,YAF
TESS/YAF_death_disgust.wav,disgust,YAF
TESS/OAF_mop_ps.wav,surprise,OAF
TESS/OAF_live_sad.wav,sadness,OAF
TESS/OAF_cause_angry.wav,anger,OAF
TESS/OAF_hit_angry.wav,anger,OAF
TESS/YAF_dodge_sad.wav,sadness,YAF
TESS/YAF_whip_sad.wav,sadness,YAF
TESS/OAF_burn_disgust.wav,disgust,OAF
TESS/YAF_merge_ps.wav,surprise,YAF
TESS/OAF_name_ps.wav,surprise,OAF
TESS/YAF_dog_neutral.wav,neutral,YAF
TESS/OAF_bar_neutral.wav,neutral,OAF
TESS/OAF_fat_ps.wav,surprise,OAF
TESS/OAF_should_sad.wav,sadness,OAF
TESS/OAF_third_fear.wav,fear,OAF
TESS/YAF_beg_ps.wav,surprise,YAF
TESS/YAF_tire_ps.wav,surprise,YAF
TESS/YAF_tire_neutral.wav,neutral,YAF
TESS/YAF_void_neutral.wav,neutral,YAF
TESS/YAF_dab_disgust.wav,disgust,YAF
TESS/YAF_sail_ps.wav,surprise,YAF
TESS/YAF_fit_angry.wav,anger,YAF
TESS/OAF_phone_fear.wav,fear,OAF
TESS/YAF_pad_fear.wav,fear,YAF
TESS/OAF_raid_angry.wav,anger,OAF
TESS/OAF_keep_angry.wav,anger,OAF
TESS/YAF_rain_fear.wav,fear,YAF
TESS/YAF_hall_happy.wav,happiness,YAF
TESS/OAF_get_neutral.wav,neutral,OAF
TESS/OAF_kick_sad.wav,sadness,OAF
TESS/OAF_wire_angry.wav,anger,OAF
TESS/OAF_seize_disgust.wav,disgust,OAF
TESS/YAF_ton_sad.wav,sadness,YAF
TESS/YAF_hall_fear.wav,fear,YAF
TESS/YAF_hall_sad.wav,sadness,YAF
TESS/YAF_make_sad.wav,sadness,YAF
TESS/OAF_good_ps.wav,surprise,OAF
TESS/YAF_void_ps.wav,surprise,YAF
TESS/OAF_wheat_neutral.wav,neutral,OAF
TESS/YAF_doll_fear.wav,fear,YAF
TESS/OAF_kite_sad.wav,sadness,OAF
TESS/YAF_pike_disgust.wav,disgust,YAF
TESS/OAF_tire_ps.wav,surprise,OAF
TESS/YAF_soap_sad.wav,sadness,YAF
TESS/OAF_road_happy.wav,happiness,OAF
TESS/YAF_half_angry.wav,anger,YAF
TESS/YAF_mouse_neutral.wav,neutral,YAF
TESS/OAF_search_disgust.wav,disgust,OAF
TESS/OAF_red_sad.wav,sadness,OAF
TESS/YAF_soap_angry.wav,anger,YAF
TESS/OAF_said_fear.wav,fear,OAF
TESS/YAF_far_ps.wav,surprise,YAF
TESS/OAF_check_sad.wav,sadness,OAF
TESS/YAF_time_angry.wav,anger,YAF
TESS/OAF_learn_happy.wav,happiness,OAF
TESS/YAF_bought_fear.wav,fear,YAF
TESS/OAF_mob_disgust.wav,disgust,OAF
TESS/OAF_time_happy.wav,happiness,OAF
TESS/OAF_raid_disgust.wav,disgust,OAF
TESS/OAF_juice_neutral.wav,neutral,OAF
TESS/OAF_late_fear.wav,fear,OAF
TESS/OAF_such_ps.wav,surprise,OAF
TESS/OAF_sour_fear.wav,fear,OAF
TESS/OAF_kick_happy.wav,happiness,OAF
TESS/OAF_lore_happy.wav,happiness,OAF
TESS/YAF_search_ps.wav,surprise,YAF
TESS/YAF_fail_happy.wav,happiness,YAF
TESS/OAF_search_ps.wav,surprise,OAF
TESS/YAF_kick_ps.wav,surprise,YAF
TESS/OAF_take_angry.wav,anger,OAF
TESS/YAF_ton_happy.wav,happiness,YAF
TESS/OAF_cause_fear.wav,fear,OAF
TESS/OAF_mouse_ps.wav,surprise,OAF
TESS/YAF_third_disgust.wav,disgust,YAF
TESS/YAF_lean_fear.wav,fear,YAF
TESS/OAF_soap_disgust.wav,disgust,OAF
TESS/YAF_haze_neutral.wav,neutral,YAF
TESS/OAF_pearl_disgust.wav,disgust,OAF
TESS/OAF_cause_ps.wav,surprise,OAF
TESS/OAF_luck_angry.wav,anger,OAF
TESS/YAF_talk_neutral.wav,neutral,YAF
TESS/YAF_sour_ps.wav,surprise,YAF
TESS/YAF_which_ps.wav,surprise,YAF
TESS/OAF_lore_ps.wav,surprise,OAF
TESS/OAF_gun_ps.wav,surprise,OAF
TESS/OAF_fall_fear.wav,fear,OAF
TESS/OAF_bite_sad.wav,sadness,OAF
TESS/OAF_rush_neutral.wav,neutral,OAF
TESS/OAF_pool_angry.wav,anger,OAF
TESS/OAF_nice_ps.wav,surprise,OAF
TESS/OAF_tip_happy.wav,happiness,OAF
TESS/OAF_south_happy.wav,happiness,OAF
TESS/OAF_back_neutral.wav,neutral,OAF
TESS/YAF_deep_fear.wav,fear,YAF
TESS/YAF_raise_disgust.wav,disgust,YAF
TESS/OAF_size_neutral.wav,neutral,OAF
TESS/OAF_peg_disgust.wav,disgust,OAF
TESS/OAF_merge_ps.wav,surprise,OAF
TESS/YAF_gas_fear.wav,fear,YAF
TESS/YAF_ripe_fear.wav,fear,YAF
TESS/YAF_road_ps.wav,surprise,YAF
TESS/YAF_note_sad.wav,sadness,YAF
TESS/OAF_sure_ps.wav,surprise,OAF
TESS/OAF_lean_neutral.wav,neutral,OAF
TESS/OAF_boat_neutral.wav,neutral,OAF
TESS/OAF_phone_neutral.wav,neutral,OAF
TESS/YAF_learn_happy.wav,happiness,YAF
TESS/YAF_hit_neutral.wav,neutral,YAF
TESS/OAF_pearl_neutral.wav,neutral,OAF
TESS/OAF_soup_ps.wav,surprise,OAF
TESS/OAF_tape_happy.wav,happiness,OAF
TESS/YAF_keg_disgust.wav,disgust,YAF
TESS/OAF_rose_happy.wav,happiness,OAF
TESS/OAF_have_fear.wav,fear,OAF
TESS/YAF_room_ps.wav,surprise,YAF
TESS/OAF_base_sad.wav,sadness,OAF
TESS/OAF_mess_disgust.wav,disgust,OAF
TESS/OAF_beg_fear.wav,fear,OAF
TESS/YAF_turn_ps.wav,surprise,YAF
TESS/OAF_king_disgust.wav,disgust,OAF
TESS/YAF_puff_ps.wav,surprise,YAF
TESS/OAF_rat_ps.wav,surprise,OAF
TESS/YAF_hurl_fear.wav,fear,YAF
TESS/YAF_juice_ps.wav,surprise,YAF
TESS/OAF_hush_happy.wav,happiness,OAF
TESS/YAF_food_ps.wav,surprise,YAF
TESS/YAF_which_neutral.wav,neutral,YAF
TESS/OAF_dog_sad.wav,sadness,OAF
TESS/OAF_numb_happy.wav,happiness,OAF
TESS/YAF_bar_angry.wav,anger,YAF
TESS/OAF_cheek_angry.wav,anger,OAF
TESS/YAF_fat_sad.wav,sadness,YAF
TESS/OAF_long_fear.wav,fear,OAF
TESS/YAF_walk_neutral.wav,neutral,YAF
TESS/OAF_wife_ps.wav,surprise,OAF
TESS/OAF_laud_ps.wav,surprise,OAF
TESS/YAF_good_ps.wav,surprise,YAF
TESS/YAF_hire_neutral.wav,neutral,YAF
TESS/YAF_make_angry.wav,anger,YAF
TESS/OAF_chair_angry.wav,anger,OAF
TESS/YAF_yes_angry.wav,anger,YAF
TESS/YAF_limb_disgust.wav,disgust,YAF
TESS/OAF_rot_sad.wav,sadness,OAF
TESS/YAF_yearn_neutral.wav,neutral,YAF
TESS/OAF_date_happy.wav,happiness,OAF
TESS/OAF_such_fear.wav,fear,OAF
TESS/OAF_rush_ps.wav,surprise,OAF
TESS/OAF_mill_happy.wav,happiness,OAF
TESS/OAF_limb_happy.wav,happiness,OAF
TESS/OAF_dab_angry.wav,anger,OAF
TESS/OAF_food_fear.wav,fear,OAF
TESS/YAF_thumb_angry.wav,anger,YAF
TESS/OAF_should_angry.wav,anger,OAF
TESS/YAF_tough_happy.wav,happiness,YAF
TESS/YAF_walk_ps.wav,surprise,YAF
TESS/OAF_shout_happy.wav,happiness,OAF
TESS/YAF_pad_angry.wav,anger,YAF
TESS/OAF_tough_disgust.wav,disgust,OAF
TESS/OAF_base_happy.wav,happiness,OAF
TESS/YAF_yes_happy.wav,happiness,YAF
TESS/OAF_kite_fear.wav,fear,OAF
TESS/OAF_luck_fear.wav,fear,OAF
TESS/YAF_sub_happy.wav,happiness,YAF
TESS/YAF_white_angry.wav,anger,YAF
TESS/YAF_cause_happy.wav,happiness,YAF
TESS/OAF_road_ps.wav,surprise,OAF
TESS/YAF_read_disgust.wav,disgust,YAF
TESS/OAF_page_fear.wav,fear,OAF
TESS/OAF_dip_sad.wav,sadness,OAF
TESS/YAF_match_happy.wav,happiness,YAF
TESS/YAF_have_angry.wav,anger,YAF
TESS/YAF_shout_fear.wav,fear,YAF
TESS/YAF_wire_sad.wav,sadness,YAF
TESS/YAF_pool_angry.wav,anger,YAF
TESS/YAF_mess_disgust.wav,disgust,YAF
TESS/YAF_fit_sad.wav,sadness,YAF
TESS/OAF_shawl_ps.wav,surprise,OAF
TESS/OAF_join_sad.wav,sadness,OAF
TESS/OAF_ripe_sad.wav,sadness,OAF
TESS/YAF_yearn_sad.wav,sadness,YAF
TESS/OAF_lose_happy.wav,happiness,OAF
TESS/YAF_thumb_happy.wav,happiness,YAF
TESS/OAF_tip_fear.wav,fear,OAF
TESS/OAF_talk_fear.wav,fear,OAF
TESS/YAF_base_angry.wav,anger,YAF
TESS/YAF_such_sad.wav,sadness,YAF
TESS/YAF_chat_angry.wav,anger,YAF
TESS/YAF_when_fear.wav,fear,YAF
TESS/OAF_wash_ps.wav,surprise,OAF
TESS/YAF_wag_neutral.wav,neutral,YAF
TESS/YAF_dime_happy.wav,happiness,YAF
TESS/OAF_chief_angry.wav,anger,OAF
TESS/YAF_food_neutral.wav,neutral,YAF
TESS/OAF_road_disgust.wav,disgust,OAF
TESS/YAF_wheat_neutral.wav,neutral,YAF
TESS/OAF_pool_fear.wav,fear,OAF
TESS/YAF_hurl_neutral.wav,neutral,YAF
TESS/YAF_jug_sad.wav,sadness,YAF
TESS/YAF_numb_fear.wav,fear,YAF
TESS/OAF_cab_neutral.wav,neutral,OAF
TESS/YAF_turn_happy.wav,happiness,YAF
TESS/OAF_door_angry.wav,anger,OAF
TESS/OAF_calm_fear.wav,fear,OAF
TESS/YAF_bite_neutral.wav,neutral,YAF
TESS/YAF_bite_disgust.wav,disgust,YAF
TESS/YAF_dab_ps.wav,surprise,YAF
TESS/OAF_lease_fear.wav,fear,OAF
TESS/OAF_long_neutral.wav,neutral,OAF
TESS/YAF_five_fear.wav,fear,YAF
TESS/YAF_mill_neutral.wav,neutral,YAF
TESS/YAF_numb_disgust.wav,disgust,YAF
TESS/OAF_have_sad.wav,sadness,OAF
TESS/OAF_take_neutral.wav,neutral,OAF
TESS/YAF_phone_neutral.wav,neutral,YAF
TESS/YAF_fat_disgust.wav,disgust,YAF
TESS/YAF_love_ps.wav,surprise,YAF
TESS/YAF_voice_ps.wav,surprise,YAF
TESS/OAF_jail_fear.wav,fear,OAF
TESS/YAF_raid_neutral.wav,neutral,YAF
TESS/OAF_which_sad.wav,sadness,OAF
TESS/YAF_lot_neutral.wav,neutral,YAF
TESS/OAF_pool_ps.wav,surprise,OAF
TESS/YAF_wheat_sad.wav,sadness,YAF
TESS/OAF_long_angry.wav,anger,OAF
TESS/YAF_rush_neutral.wav,neutral,YAF
TESS/YAF_thought_neutral.wav,neutral,YAF
TESS/YAF_hash_disgust.wav,disgust,YAF
TESS/OAF_fail_happy.wav,happiness,OAF
TESS/YAF_doll_disgust.wav,disgust,YAF
TESS/YAF_beg_happy.wav,happiness,YAF
TESS/YAF_numb_angry.wav,anger,YAF
TESS/YAF_laud_happy.wav,happiness,YAF
TESS/YAF_south_neutral.wav,neutral,YAF
TESS/YAF_have_happy.wav,happiness,YAF
TESS/OAF_lose_neutral.wav,neutral,OAF
TESS/YAF_rough_happy.wav,happiness,YAF
TESS/YAF_turn_sad.wav,sadness,YAF
TESS/YAF_late_angry.wav,anger,YAF
TESS/OAF_juice_ps.wav,surprise,OAF
TESS/YAF_hurl_ps.wav,surprise,YAF
TESS/YAF_get_disgust.wav,disgust,YAF
TESS/OAF_chat_sad.wav,sadness,OAF
TESS/YAF_check_angry.wav,anger,YAF
TESS/YAF_lease_disgust.wav,disgust,YAF
TESS/OAF_team_happy.wav,happiness,OAF
TESS/YAF_pad_neutral.wav,neutral,YAF
TESS/YAF_whip_happy.wav,happiness,YAF
TESS/OAF_luck_happy.wav,happiness,OAF
TESS/YAF_hate_disgust.wav,disgust,YAF
TESS/YAF_sour_disgust.wav,disgust,YAF
TESS/OAF_dab_sad.wav,sadness,OAF
TESS/OAF_sure_neutral.wav,neutral,OAF
TESS/OAF_limb_ps.wav,surprise,OAF
TESS/YAF_moon_sad.wav,sadness,YAF
TESS/YAF_kick_neutral.wav,neutral,YAF
TESS/OAF_dead_neutral.wav,neutral,OAF
TESS/YAF_reach_neutral.wav,neutral,YAF
TESS/OAF_five_disgust.wav,disgust,OAF
TESS/OAF_neat_ps.wav,surprise,OAF
TESS/OAF_have_happy.wav,happiness,OAF
TESS/OAF_chain_disgust.wav,disgust,OAF
TESS/OAF_death_fear.wav,fear,OAF
TESS/OAF_pearl_sad.wav,sadness,OAF
TESS/YAF_rag_neutral.wav,neutral,YAF
TESS/YAF_beg_neutral.wav,neutral,YAF
TESS/YAF_get_angry.wav,anger,YAF
TESS/YAF_five_disgust.wav,disgust,YAF
TESS/YAF_gap_angry.wav,anger,YAF
TESS/YAF_wife_fear.wav,fear,YAF
TESS/OAF_take_happy.wav,happiness,OAF
TESS/YAF_fail_angry.wav,anger,YAF
TESS/YAF_shack_happy.wav,happiness,YAF
TESS/YAF_good_sad.wav,sadness,YAF
TESS/OAF_phone_ps.wav,surprise,OAF
TESS/YAF_death_happy.wav,happiness,YAF
TESS/YAF_pike_happy.wav,happiness,YAF
TESS/OAF_lose_ps.wav,surprise,OAF
TESS/OAF_back_disgust.wav,disgust,OAF
TESS/YAF_near_happy.wav,happiness,YAF
TESS/OAF_mill_fear.wav,fear,OAF
TESS/OAF_yearn_neutral.wav,neutral,OAF
TESS/OAF_walk_happy.wav,happiness,OAF
TESS/YAF_vote_fear.wav,fear,YAF
TESS/YAF_shout_sad.wav,sadness,YAF
TESS/YAF_chair_sad.wav,sadness,YAF
TESS/YAF_jail_disgust.wav,disgust,YAF
TESS/OAF_sub_sad.wav,sadness,OAF
TESS/YAF_size_sad.wav,sadness,YAF
TESS/YAF_dog_ps.wav,surprise,YAF
TESS/YAF_lid_sad.wav,sadness,YAF
TESS/OAF_make_angry.wav,anger,OAF
TESS/OAF_mess_angry.wav,anger,OAF
TESS/OAF_vine_fear.wav,fear,OAF
TESS/OAF_gas_ps.wav,surprise,OAF
TESS/OAF_lot_ps.wav,surprise,OAF
TESS/YAF_bean_sad.wav,sadness,YAF
TESS/YAF_burn_ps.wav,surprise,YAF
TESS/OAF_mode_angry.wav,anger,OAF
TESS/OAF_wag_angry.wav,anger,OAF
TESS/YAF_gun_fear.wav,fear,YAF
TESS/OAF_rose_neutral.wav,neutral,OAF
TESS/OAF_week_ps.wav,surprise,OAF
TESS/OAF_youth_ps.wav,surprise,OAF
TESS/YAF_back_sad.wav,sadness,YAF
TESS/YAF_pearl_sad.wav,sadness,YAF
TESS/YAF_came_fear.wav,fear,YAF
TESS/YAF_lose_angry.wav,anger,YAF
TESS/YAF_chat_fear.wav,fear,YAF
TESS/YAF_fail_fear.wav,fear,YAF
TESS/OAF_witch_angry.wav,anger,OAF
TESS/YAF_when_ps.wav,surprise,YAF
TESS/YAF_white_neutral.wav,neutral,YAF
TESS/YAF_calm_neutral.wav,neutral,YAF
TESS/OAF_sheep_neutral.wav,neutral,OAF
TESS/OAF_page_angry.wav,anger,OAF
TESS/YAF_deep_neutral.wav,neutral,YAF
TESS/YAF_time_fear.wav,fear,YAF
TESS/YAF_ton_neutral.wav,neutral,YAF
TESS/YAF_hit_angry.wav,anger,YAF
TESS/YAF_gaze_fear.wav,fear,YAF
TESS/OAF_thin_angry.wav,anger,OAF
TESS/YAF_tell_happy.wav,happiness,YAF
TESS/OAF_shirt_sad.wav,sadness,OAF
TESS/OAF_keen_ps.wav,surprise,OAF
TESS/YAF_far_neutral.wav,neutral,YAF
TESS/YAF_week_fear.wav,fear,YAF
TESS/YAF_such_happy.wav,happiness,YAF
TESS/YAF_good_neutral.wav,neutral,YAF
TESS/YAF_keg_neutral.wav,neutral,YAF
TESS/OAF_cab_disgust.wav,disgust,OAF
TESS/OAF_seize_sad.wav,sadness,OAF
TESS/OAF_late_sad.wav,sadness,OAF
TESS/OAF_pike_disgust.wav,disgust,OAF
TESS/YAF_cab_happy.wav,happiness,YAF
TESS/YAF_jug_happy.wav,happiness,YAF
TESS/OAF_shall_ps.wav,surprise,OAF
TESS/OAF_death_sad.wav,sadness,OAF
TESS/OAF_hate_disgust.wav,disgust,OAF
TESS/OAF_pole_disgust.wav,disgust,OAF
TESS/OAF_hate_sad.wav,sadness,OAF
TESS/YAF_wash_happy.wav,happiness,YAF
TESS/OAF_shack_disgust.wav,disgust,OAF
TESS/YAF_cab_neutral.wav,neutral,YAF
TESS/YAF_voice_sad.wav,sadness,YAF
TESS/OAF_road_sad.wav,sadness,OAF
TESS/YAF_dab_happy.wav,happiness,YAF
TESS/YAF_keen_neutral.wav,neutral,YAF
TESS/YAF_nag_happy.wav,happiness,YAF
TESS/OAF_pain_happy.wav,happiness,OAF
TESS/YAF_goal_ps.wav,surprise,YAF
TESS/YAF_pole_fear.wav,fear,YAF
TESS/OAF_keep_sad.wav,sadness,OAF
TESS/OAF_note_neutral.wav,neutral,OAF
TESS/YAF_jar_ps.wav,surprise,YAF
TESS/OAF_death_angry.wav,anger,OAF
TESS/YAF_lease_angry.wav,anger,YAF
TESS/YAF_mess_neutral.wav,neutral,YAF
TESS/YAF_pool_disgust.wav,disgust,YAF
TESS/YAF_hate_neutral.wav,neutral,YAF
TESS/OAF_hall_angry.wav,anger,OAF
TESS/YAF_read_sad.wav,sadness,YAF
TESS/OAF_hit_disgust.wav,disgust,OAF
TESS/YAF_five_neutral.wav,neutral,YAF
TESS/OAF_hate_angry.wav,anger,OAF
TESS/YAF_tough_sad.wav,sadness,YAF
TESS/YAF_chalk_disgust.wav,disgust,YAF
TESS/OAF_talk_sad.wav,sadness,OAF
TESS/YAF_came_disgust.wav,disgust,YAF
TESS/YAF_week_disgust.wav,disgust,YAF
TESS/YAF_long_fear.wav,fear,YAF
TESS/OAF_take_fear.wav,fear,OAF
TESS/OAF_such_neutral.wav,neutral,OAF
TESS/YAF_team_sad.wav,sadness,YAF
TESS/OAF_base_disgust.wav,disgust,OAF
TESS/YAF_luck_neutral.wav,neutral,YAF
TESS/OAF_tell_neutral.wav,neutral,OAF
TESS/OAF_keen_fear.wav,fear,OAF
TESS/OAF_hall_disgust.wav,disgust,OAF
TESS/YAF_pearl_neutral.wav,neutral,YAF
TESS/OAF_neat_disgust.wav,disgust,OAF
TESS/YAF_pike_angry.wav,anger,YAF
TESS/OAF_pad_happy.wav,happiness,OAF
TESS/OAF_size_happy.wav,happiness,OAF
TESS/OAF_pool_happy.wav,happiness,OAF
TESS/OAF_get_sad.wav,sadness,OAF
TESS/YAF_ring_angry.wav,anger,YAF
TESS/OAF_seize_fear.wav,fear,OAF
TESS/OAF_vote_angry.wav,anger,OAF
TESS/OAF_jail_ps.wav,surprise,OAF
TESS/OAF_lean_happy.wav,happiness,OAF
TESS/YAF_rat_angry.wav,anger,YAF
TESS/OAF_said_disgust.wav,disgust,OAF
TESS/YAF_learn_fear.wav,fear,YAF
TESS/OAF_death_disgust.wav,disgust,OAF
TESS/OAF_chief_disgust.wav,disgust,OAF
TESS/YAF_date_sad.wav,sadness,YAF
TESS/YAF_note_disgust.wav,disgust,YAF
TESS/OAF_mob_angry.wav,anger,OAF
TESS/YAF_came_sad.wav,sadness,YAF
TESS/OAF_south_sad.wav,sadness,OAF
TESS/YAF_tip_ps.wav,surprise,YAF
TESS/OAF_sell_disgust.wav,disgust,OAF
TESS/YAF_dead_ps.wav,surprise,YAF
TESS/YAF_knock_happy.wav,happiness,YAF
TESS/YAF_phone_fear.wav,fear,YAF
TESS/OAF_beg_disgust.wav,disgust,OAF
TESS/OAF_note_angry.wav,anger,OAF
TESS/YAF_tape_angry.wav,anger,YAF
TESS/YAF_burn_neutral.wav,neutral,YAF
TESS/OAF_young_disgust.wav,disgust,OAF
TESS/YAF_mouse_fear.wav,fear,YAF
TESS/OAF_yearn_fear.wav,fear,OAF
TESS/YAF_tip_neutral.wav,neutral,YAF
TESS/YAF_lose_happy.wav,happiness,YAF
TESS/OAF_dog_fear.wav,fear,OAF
TESS/YAF_luck_happy.wav,happiness,YAF
TESS/YAF_room_angry.wav,anger,YAF
TESS/OAF_life_happy.wav,happiness,OAF
TESS/YAF_shall_angry.wav,anger,YAF
TESS/OAF_wash_fear.wav,fear,OAF
TESS/YAF_page_happy.wav,happiness,YAF
TESS/YAF_make_neutral.wav,neutral,YAF
TESS/OAF_lot_happy.wav,happiness,OAF
TESS/YAF_chat_disgust.wav,disgust,YAF
TESS/OAF_voice_ps.wav,surprise,OAF
TESS/YAF_keep_disgust.wav,disgust,YAF
TESS/OAF_late_ps.wav,surprise,OAF
TESS/YAF_which_disgust.wav,disgust,YAF
TESS/OAF_date_fear.wav,fear,OAF
TESS/YAF_haze_angry.wav,anger,YAF
TESS/OAF_rot_disgust.wav,disgust,OAF
TESS/YAF_white_disgust.wav,disgust,YAF
TESS/YAF_lot_fear.wav,fear,YAF
TESS/YAF_tape_fear.wav,fear,YAF
TESS/OAF_soap_fear.wav,fear,OAF
TESS/OAF_judge_neutral.wav,neutral,OAF
TESS/OAF_nag_ps.wav,surprise,OAF
TESS/YAF_raid_happy.wav,happiness,YAF
TESS/OAF_bath_disgust.wav,disgust,OAF
TESS/OAF_jar_fear.wav,fear,OAF
TESS/OAF_thin_disgust.wav,disgust,OAF
TESS/YAF_reach_disgust.wav,disgust,YAF
TESS/OAF_road_angry.wav,anger,OAF
TESS/OAF_time_sad.wav,sadness,OAF
TESS/YAF_shack_ps.wav,surprise,YAF
TESS/YAF_chair_disgust.wav,disgust,YAF
TESS/YAF_rush_fear.wav,fear,YAF
TESS/OAF_nice_disgust.wav,disgust,OAF
TESS/YAF_fat_ps.wav,surprise,YAF
TESS/OAF_chair_happy.wav,happiness,OAF
TESS/YAF_mop_ps.wav,surprise,YAF
TESS/YAF_cab_disgust.wav,disgust,YAF
TESS/OAF_germ_ps.wav,surprise,OAF
TESS/OAF_tool_happy.wav,happiness,OAF
TESS/OAF_join_happy.wav,happiness,OAF
TESS/YAF_neat_sad.wav,sadness,YAF
TESS/YAF_bar_happy.wav,happiness,YAF
TESS/OAF_rush_disgust.wav,disgust,OAF
TESS/OAF_sub_angry.wav,anger,OAF
TESS/OAF_walk_sad.wav,sadness,OAF
TESS/OAF_pick_neutral.wav,neutral,OAF
