file,speaker,emotion,language,country
CaFE/Joie/Fort/04-J-2-1.wav,04,happiness,french,canada
CaFE/Joie/Fort/08-J-2-1.wav,08,happiness,french,canada
CaFE/Joie/Fort/02-J-2-4.wav,02,happiness,french,canada
CaFE/Joie/Fort/08-J-2-3.wav,08,happiness,french,canada
CaFE/Joie/Fort/06-J-2-3.wav,06,happiness,french,canada
CaFE/Joie/Fort/05-J-2-5.wav,05,happiness,french,canada
CaFE/Joie/Fort/07-J-2-5.wav,07,happiness,french,canada
CaFE/Joie/Fort/06-J-2-4.wav,06,happiness,french,canada
CaFE/Joie/Fort/01-J-2-2.wav,01,happiness,french,canada
CaFE/Joie/Fort/07-J-2-1.wav,07,happiness,french,canada
CaFE/Joie/Fort/10-J-2-4.wav,10,happiness,french,canada
CaFE/Joie/Fort/01-J-2-5.wav,01,happiness,french,canada
CaFE/Joie/Fort/06-J-2-2.wav,06,happiness,french,canada
CaFE/Joie/Fort/08-J-2-6.wav,08,happiness,french,canada
CaFE/Joie/Fort/04-J-2-4.wav,04,happiness,french,canada
CaFE/Joie/Fort/05-J-2-4.wav,05,happiness,french,canada
CaFE/Joie/Fort/08-J-2-2.wav,08,happiness,french,canada
CaFE/Joie/Fort/08-J-2-4.wav,08,happiness,french,canada
CaFE/Joie/Fort/07-J-2-6.wav,07,happiness,french,canada
CaFE/Joie/Fort/01-J-2-4.wav,01,happiness,french,canada
CaFE/Joie/Fort/06-J-2-5.wav,06,happiness,french,canada
CaFE/Joie/Fort/09-J-2-3.wav,09,happiness,french,canada
CaFE/Joie/Fort/10-J-2-5.wav,10,happiness,french,canada
CaFE/Joie/Fort/10-J-2-1.wav,10,happiness,french,canada
CaFE/Joie/Fort/02-J-2-5.wav,02,happiness,french,canada
CaFE/Joie/Fort/04-J-2-6.wav,04,happiness,french,canada
CaFE/Joie/Fort/05-J-2-1.wav,05,happiness,french,canada
CaFE/Joie/Fort/03-J-2-2.wav,03,happiness,french,canada
CaFE/Joie/Fort/05-J-2-3.wav,05,happiness,french,canada
CaFE/Joie/Fort/02-J-2-6.wav,02,happiness,french,canada
CaFE/Joie/Fort/09-J-2-4.wav,09,happiness,french,canada
CaFE/Joie/Fort/06-J-2-6.wav,06,happiness,french,canada
CaFE/Joie/Fort/04-J-2-2.wav,04,happiness,french,canada
CaFE/Joie/Fort/04-J-2-3.wav,04,happiness,french,canada
CaFE/Joie/Fort/06-J-2-1.wav,06,happiness,french,canada
CaFE/Joie/Fort/03-J-2-6.wav,03,happiness,french,canada
CaFE/Joie/Fort/09-J-2-5.wav,09,happiness,french,canada
CaFE/Joie/Fort/05-J-2-2.wav,05,happiness,french,canada
CaFE/Joie/Fort/04-J-2-5.wav,04,happiness,french,canada
CaFE/Joie/Fort/03-J-2-4.wav,03,happiness,french,canada
CaFE/Joie/Fort/07-J-2-3.wav,07,happiness,french,canada
CaFE/Joie/Fort/01-J-2-1.wav,01,happiness,french,canada
CaFE/Joie/Fort/03-J-2-1.wav,03,happiness,french,canada
CaFE/Joie/Fort/07-J-2-4.wav,07,happiness,french,canada
CaFE/Joie/Fort/10-J-2-6.wav,10,happiness,french,canada
CaFE/Joie/Fort/07-J-2-2.wav,07,happiness,french,canada
CaFE/Joie/Fort/10-J-2-3.wav,10,happiness,french,canada
CaFE/Joie/Fort/01-J-2-6.wav,01,happiness,french,canada
CaFE/Joie/Fort/09-J-2-6.wav,09,happiness,french,canada
CaFE/Joie/Fort/08-J-2-5.wav,08,happiness,french,canada
CaFE/Joie/Fort/02-J-2-3.wav,02,happiness,french,canada
CaFE/Joie/Fort/01-J-2-3.wav,01,happiness,french,canada
CaFE/Joie/Fort/05-J-2-6.wav,05,happiness,french,canada
CaFE/Joie/Fort/09-J-2-2.wav,09,happiness,french,canada
CaFE/Joie/Fort/02-J-2-2.wav,02,happiness,french,canada
CaFE/Joie/Fort/03-J-2-3.wav,03,happiness,french,canada
CaFE/Joie/Fort/02-J-2-1.wav,02,happiness,french,canada
CaFE/Joie/Fort/10-J-2-2.wav,10,happiness,french,canada
CaFE/Joie/Fort/09-J-2-1.wav,09,happiness,french,canada
CaFE/Joie/Fort/03-J-2-5.wav,03,happiness,french,canada
CaFE/Joie/Faible/03-J-1-1.wav,03,happiness,french,canada
CaFE/Joie/Faible/04-J-1-3.wav,04,happiness,french,canada
CaFE/Joie/Faible/01-J-1-4.wav,01,happiness,french,canada
CaFE/Joie/Faible/03-J-1-2.wav,03,happiness,french,canada
CaFE/Joie/Faible/02-J-1-6.wav,02,happiness,french,canada
CaFE/Joie/Faible/08-J-1-3.wav,08,happiness,french,canada
CaFE/Joie/Faible/04-J-1-6.wav,04,happiness,french,canada
CaFE/Joie/Faible/08-J-1-1.wav,08,happiness,french,canada
CaFE/Joie/Faible/08-J-1-5.wav,08,happiness,french,canada
CaFE/Joie/Faible/03-J-1-5.wav,03,happiness,french,canada
CaFE/Joie/Faible/01-J-1-2.wav,01,happiness,french,canada
CaFE/Joie/Faible/03-J-1-4.wav,03,happiness,french,canada
CaFE/Joie/Faible/06-J-1-1.wav,06,happiness,french,canada
CaFE/Joie/Faible/09-J-1-4.wav,09,happiness,french,canada
CaFE/Joie/Faible/07-J-1-1.wav,07,happiness,french,canada
CaFE/Joie/Faible/09-J-1-1.wav,09,happiness,french,canada
CaFE/Joie/Faible/05-J-1-1.wav,05,happiness,french,canada
CaFE/Joie/Faible/05-J-1-2.wav,05,happiness,french,canada
CaFE/Joie/Faible/06-J-1-2.wav,06,happiness,french,canada
CaFE/Joie/Faible/09-J-1-6.wav,09,happiness,french,canada
CaFE/Joie/Faible/09-J-1-2.wav,09,happiness,french,canada
CaFE/Joie/Faible/10-J-1-5.wav,10,happiness,french,canada
CaFE/Joie/Faible/05-J-1-6.wav,05,happiness,french,canada
CaFE/Joie/Faible/02-J-1-3.wav,02,happiness,french,canada
CaFE/Joie/Faible/08-J-1-4.wav,08,happiness,french,canada
CaFE/Joie/Faible/09-J-1-3.wav,09,happiness,french,canada
CaFE/Joie/Faible/01-J-1-5.wav,01,happiness,french,canada
CaFE/Joie/Faible/07-J-1-2.wav,07,happiness,french,canada
CaFE/Joie/Faible/04-J-1-2.wav,04,happiness,french,canada
CaFE/Joie/Faible/04-J-1-5.wav,04,happiness,french,canada
CaFE/Joie/Faible/05-J-1-3.wav,05,happiness,french,canada
CaFE/Joie/Faible/07-J-1-3.wav,07,happiness,french,canada
CaFE/Joie/Faible/05-J-1-5.wav,05,happiness,french,canada
CaFE/Joie/Faible/07-J-1-6.wav,07,happiness,french,canada
CaFE/Joie/Faible/10-J-1-6.wav,10,happiness,french,canada
CaFE/Joie/Faible/10-J-1-1.wav,10,happiness,french,canada
CaFE/Joie/Faible/10-J-1-4.wav,10,happiness,french,canada
CaFE/Joie/Faible/10-J-1-3.wav,10,happiness,french,canada
CaFE/Joie/Faible/10-J-1-2.wav,10,happiness,french,canada
CaFE/Joie/Faible/01-J-1-3.wav,01,happiness,french,canada
CaFE/Joie/Faible/04-J-1-4.wav,04,happiness,french,canada
CaFE/Joie/Faible/01-J-1-1.wav,01,happiness,french,canada
CaFE/Joie/Faible/07-J-1-4.wav,07,happiness,french,canada
CaFE/Joie/Faible/06-J-1-3.wav,06,happiness,french,canada
CaFE/Joie/Faible/03-J-1-6.wav,03,happiness,french,canada
CaFE/Joie/Faible/02-J-1-2.wav,02,happiness,french,canada
CaFE/Joie/Faible/01-J-1-6.wav,01,happiness,french,canada
CaFE/Joie/Faible/04-J-1-1.wav,04,happiness,french,canada
CaFE/Joie/Faible/05-J-1-4.wav,05,happiness,french,canada
CaFE/Joie/Faible/02-J-1-1.wav,02,happiness,french,canada
CaFE/Joie/Faible/02-J-1-4.wav,02,happiness,french,canada
CaFE/Joie/Faible/06-J-1-5.wav,06,happiness,french,canada
CaFE/Joie/Faible/08-J-1-2.wav,08,happiness,french,canada
CaFE/Joie/Faible/02-J-1-5.wav,02,happiness,french,canada
CaFE/Joie/Faible/08-J-1-6.wav,08,happiness,french,canada
CaFE/Joie/Faible/09-J-1-5.wav,09,happiness,french,canada
CaFE/Joie/Faible/07-J-1-5.wav,07,happiness,french,canada
CaFE/Joie/Faible/06-J-1-6.wav,06,happiness,french,canada
CaFE/Joie/Faible/03-J-1-3.wav,03,happiness,french,canada
CaFE/Joie/Faible/06-J-1-4.wav,06,happiness,french,canada
CaFE/Tristesse/Fort/04-T-2-5.wav,04,sadness,french,canada
CaFE/Tristesse/Fort/03-T-2-1.wav,03,sadness,french,canada
CaFE/Tristesse/Fort/07-T-2-3.wav,07,sadness,french,canada
CaFE/Tristesse/Fort/01-T-2-5.wav,01,sadness,french,canada
CaFE/Tristesse/Fort/04-T-2-2.wav,04,sadness,french,canada
CaFE/Tristesse/Fort/10-T-2-6.wav,10,sadness,french,canada
CaFE/Tristesse/Fort/04-T-2-1.wav,04,sadness,french,canada
CaFE/Tristesse/Fort/07-T-2-5.wav,07,sadness,french,canada
CaFE/Tristesse/Fort/03-T-2-5.wav,03,sadness,french,canada
CaFE/Tristesse/Fort/03-T-2-4.wav,03,sadness,french,canada
CaFE/Tristesse/Fort/05-T-2-6.wav,05,sadness,french,canada
CaFE/Tristesse/Fort/10-T-2-1.wav,10,sadness,french,canada
CaFE/Tristesse/Fort/10-T-2-3.wav,10,sadness,french,canada
CaFE/Tristesse/Fort/06-T-2-5.wav,06,sadness,french,canada
CaFE/Tristesse/Fort/06-T-2-1.wav,06,sadness,french,canada
CaFE/Tristesse/Fort/07-T-2-2.wav,07,sadness,french,canada
CaFE/Tristesse/Fort/06-T-2-2.wav,06,sadness,french,canada
CaFE/Tristesse/Fort/08-T-2-4.wav,08,sadness,french,canada
CaFE/Tristesse/Fort/01-T-2-4.wav,01,sadness,french,canada
CaFE/Tristesse/Fort/05-T-2-2.wav,05,sadness,french,canada
CaFE/Tristesse/Fort/08-T-2-5.wav,08,sadness,french,canada
CaFE/Tristesse/Fort/09-T-2-3.wav,09,sadness,french,canada
CaFE/Tristesse/Fort/05-T-2-5.wav,05,sadness,french,canada
CaFE/Tristesse/Fort/08-T-2-6.wav,08,sadness,french,canada
CaFE/Tristesse/Fort/08-T-2-1.wav,08,sadness,french,canada
CaFE/Tristesse/Fort/05-T-2-1.wav,05,sadness,french,canada
CaFE/Tristesse/Fort/03-T-2-6.wav,03,sadness,french,canada
CaFE/Tristesse/Fort/04-T-2-3.wav,04,sadness,french,canada
CaFE/Tristesse/Fort/02-T-2-2.wav,02,sadness,french,canada
CaFE/Tristesse/Fort/01-T-2-6.wav,01,sadness,french,canada
CaFE/Tristesse/Fort/09-T-2-2.wav,09,sadness,french,canada
CaFE/Tristesse/Fort/07-T-2-6.wav,07,sadness,french,canada
CaFE/Tristesse/Fort/01-T-2-1.wav,01,sadness,french,canada
CaFE/Tristesse/Fort/05-T-2-4.wav,05,sadness,french,canada
CaFE/Tristesse/Fort/06-T-2-3.wav,06,sadness,french,canada
CaFE/Tristesse/Fort/03-T-2-2.wav,03,sadness,french,canada
CaFE/Tristesse/Fort/09-T-2-4.wav,09,sadness,french,canada
CaFE/Tristesse/Fort/10-T-2-2.wav,10,sadness,french,canada
CaFE/Tristesse/Fort/08-T-2-3.wav,08,sadness,french,canada
CaFE/Tristesse/Fort/06-T-2-6.wav,06,sadness,french,canada
CaFE/Tristesse/Fort/03-T-2-3.wav,03,sadness,french,canada
CaFE/Tristesse/Fort/02-T-2-4.wav,02,sadness,french,canada
CaFE/Tristesse/Fort/10-T-2-4.wav,10,sadness,french,canada
CaFE/Tristesse/Fort/05-T-2-3.wav,05,sadness,french,canada
CaFE/Tristesse/Fort/07-T-2-4.wav,07,sadness,french,canada
CaFE/Tristesse/Fort/07-T-2-1.wav,07,sadness,french,canada
CaFE/Tristesse/Fort/02-T-2-1.wav,02,sadness,french,canada
CaFE/Tristesse/Fort/09-T-2-1.wav,09,sadness,french,canada
CaFE/Tristesse/Fort/09-T-2-5.wav,09,sadness,french,canada
CaFE/Tristesse/Fort/01-T-2-2.wav,01,sadness,french,canada
CaFE/Tristesse/Fort/02-T-2-5.wav,02,sadness,french,canada
CaFE/Tristesse/Fort/06-T-2-4.wav,06,sadness,french,canada
CaFE/Tristesse/Fort/02-T-2-3.wav,02,sadness,french,canada
CaFE/Tristesse/Fort/10-T-2-5.wav,10,sadness,french,canada
CaFE/Tristesse/Fort/04-T-2-6.wav,04,sadness,french,canada
CaFE/Tristesse/Fort/01-T-2-3.wav,01,sadness,french,canada
CaFE/Tristesse/Fort/08-T-2-2.wav,08,sadness,french,canada
CaFE/Tristesse/Fort/04-T-2-4.wav,04,sadness,french,canada
CaFE/Tristesse/Fort/02-T-2-6.wav,02,sadness,french,canada
CaFE/Tristesse/Fort/09-T-2-6.wav,09,sadness,french,canada
CaFE/Tristesse/Faible/07-T-1-6.wav,07,sadness,french,canada
CaFE/Tristesse/Faible/06-T-1-6.wav,06,sadness,french,canada
CaFE/Tristesse/Faible/09-T-1-1.wav,09,sadness,french,canada
CaFE/Tristesse/Faible/02-T-1-2.wav,02,sadness,french,canada
CaFE/Tristesse/Faible/06-T-1-5.wav,06,sadness,french,canada
CaFE/Tristesse/Faible/06-T-1-1.wav,06,sadness,french,canada
CaFE/Tristesse/Faible/06-T-1-4.wav,06,sadness,french,canada
CaFE/Tristesse/Faible/02-T-1-3.wav,02,sadness,french,canada
CaFE/Tristesse/Faible/03-T-1-3.wav,03,sadness,french,canada
CaFE/Tristesse/Faible/04-T-1-5.wav,04,sadness,french,canada
CaFE/Tristesse/Faible/07-T-1-4.wav,07,sadness,french,canada
CaFE/Tristesse/Faible/04-T-1-1.wav,04,sadness,french,canada
CaFE/Tristesse/Faible/02-T-1-4.wav,02,sadness,french,canada
CaFE/Tristesse/Faible/10-T-1-4.wav,10,sadness,french,canada
CaFE/Tristesse/Faible/06-T-1-3.wav,06,sadness,french,canada
CaFE/Tristesse/Faible/08-T-1-5.wav,08,sadness,french,canada
CaFE/Tristesse/Faible/07-T-1-1.wav,07,sadness,french,canada
CaFE/Tristesse/Faible/04-T-1-4.wav,04,sadness,french,canada
CaFE/Tristesse/Faible/01-T-1-1.wav,01,sadness,french,canada
CaFE/Tristesse/Faible/10-T-1-3.wav,10,sadness,french,canada
CaFE/Tristesse/Faible/09-T-1-5.wav,09,sadness,french,canada
CaFE/Tristesse/Faible/03-T-1-1.wav,03,sadness,french,canada
CaFE/Tristesse/Faible/08-T-1-4.wav,08,sadness,french,canada
CaFE/Tristesse/Faible/07-T-1-3.wav,07,sadness,french,canada
CaFE/Tristesse/Faible/01-T-1-2.wav,01,sadness,french,canada
CaFE/Tristesse/Faible/05-T-1-3.wav,05,sadness,french,canada
CaFE/Tristesse/Faible/08-T-1-6.wav,08,sadness,french,canada
CaFE/Tristesse/Faible/09-T-1-2.wav,09,sadness,french,canada
CaFE/Tristesse/Faible/02-T-1-6.wav,02,sadness,french,canada
CaFE/Tristesse/Faible/01-T-1-4.wav,01,sadness,french,canada
CaFE/Tristesse/Faible/05-T-1-4.wav,05,sadness,french,canada
CaFE/Tristesse/Faible/05-T-1-1.wav,05,sadness,french,canada
CaFE/Tristesse/Faible/02-T-1-1.wav,02,sadness,french,canada
CaFE/Tristesse/Faible/09-T-1-4.wav,09,sadness,french,canada
CaFE/Tristesse/Faible/07-T-1-5.wav,07,sadness,french,canada
CaFE/Tristesse/Faible/04-T-1-3.wav,04,sadness,french,canada
CaFE/Tristesse/Faible/08-T-1-1.wav,08,sadness,french,canada
CaFE/Tristesse/Faible/01-T-1-5.wav,01,sadness,french,canada
CaFE/Tristesse/Faible/09-T-1-6.wav,09,sadness,french,canada
CaFE/Tristesse/Faible/01-T-1-6.wav,01,sadness,french,canada
CaFE/Tristesse/Faible/08-T-1-3.wav,08,sadness,french,canada
CaFE/Tristesse/Faible/05-T-1-5.wav,05,sadness,french,canada
CaFE/Tristesse/Faible/05-T-1-6.wav,05,sadness,french,canada
CaFE/Tristesse/Faible/10-T-1-2.wav,10,sadness,french,canada
CaFE/Tristesse/Faible/04-T-1-6.wav,04,sadness,french,canada
CaFE/Tristesse/Faible/10-T-1-5.wav,10,sadness,french,canada
CaFE/Tristesse/Faible/10-T-1-1.wav,10,sadness,french,canada
CaFE/Tristesse/Faible/07-T-1-2.wav,07,sadness,french,canada
CaFE/Tristesse/Faible/05-T-1-2.wav,05,sadness,french,canada
CaFE/Tristesse/Faible/03-T-1-6.wav,03,sadness,french,canada
CaFE/Tristesse/Faible/04-T-1-2.wav,04,sadness,french,canada
CaFE/Tristesse/Faible/09-T-1-3.wav,09,sadness,french,canada
CaFE/Tristesse/Faible/06-T-1-2.wav,06,sadness,french,canada
CaFE/Tristesse/Faible/08-T-1-2.wav,08,sadness,french,canada
CaFE/Tristesse/Faible/03-T-1-2.wav,03,sadness,french,canada
CaFE/Tristesse/Faible/01-T-1-3.wav,01,sadness,french,canada
CaFE/Tristesse/Faible/02-T-1-5.wav,02,sadness,french,canada
CaFE/Tristesse/Faible/10-T-1-6.wav,10,sadness,french,canada
CaFE/Tristesse/Faible/03-T-1-5.wav,03,sadness,french,canada
CaFE/Tristesse/Faible/03-T-1-4.wav,03,sadness,french,canada
CaFE/DВgoЦt/Fort/01-D-2-1.wav,01,disgust,french,canada
CaFE/DВgoЦt/Fort/09-D-2-5.wav,09,disgust,french,canada
CaFE/DВgoЦt/Fort/07-D-2-2.wav,07,disgust,french,canada
CaFE/DВgoЦt/Fort/10-D-2-2.wav,10,disgust,french,canada
CaFE/DВgoЦt/Fort/04-D-2-2.wav,04,disgust,french,canada
CaFE/DВgoЦt/Fort/08-D-2-5.wav,08,disgust,french,canada
CaFE/DВgoЦt/Fort/05-D-2-5.wav,05,disgust,french,canada
CaFE/DВgoЦt/Fort/03-D-2-2.wav,03,disgust,french,canada
CaFE/DВgoЦt/Fort/03-D-2-6.wav,03,disgust,french,canada
CaFE/DВgoЦt/Fort/09-D-2-6.wav,09,disgust,french,canada
CaFE/DВgoЦt/Fort/02-D-2-6.wav,02,disgust,french,canada
CaFE/DВgoЦt/Fort/06-D-2-1.wav,06,disgust,french,canada
CaFE/DВgoЦt/Fort/05-D-2-1.wav,05,disgust,french,canada
CaFE/DВgoЦt/Fort/07-D-2-3.wav,07,disgust,french,canada
CaFE/DВgoЦt/Fort/02-D-2-1.wav,02,disgust,french,canada
CaFE/DВgoЦt/Fort/09-D-2-1.wav,09,disgust,french,canada
CaFE/DВgoЦt/Fort/08-D-2-2.wav,08,disgust,french,canada
CaFE/DВgoЦt/Fort/03-D-2-3.wav,03,disgust,french,canada
CaFE/DВgoЦt/Fort/01-D-2-6.wav,01,disgust,french,canada
CaFE/DВgoЦt/Fort/06-D-2-2.wav,06,disgust,french,canada
CaFE/DВgoЦt/Fort/07-D-2-1.wav,07,disgust,french,canada
CaFE/DВgoЦt/Fort/05-D-2-6.wav,05,disgust,french,canada
CaFE/DВgoЦt/Fort/03-D-2-4.wav,03,disgust,french,canada
CaFE/DВgoЦt/Fort/07-D-2-5.wav,07,disgust,french,canada
CaFE/DВgoЦt/Fort/07-D-2-6.wav,07,disgust,french,canada
CaFE/DВgoЦt/Fort/03-D-2-1.wav,03,disgust,french,canada
CaFE/DВgoЦt/Fort/08-D-2-6.wav,08,disgust,french,canada
CaFE/DВgoЦt/Fort/08-D-2-3.wav,08,disgust,french,canada
CaFE/DВgoЦt/Fort/04-D-2-4.wav,04,disgust,french,canada
CaFE/DВgoЦt/Fort/08-D-2-1.wav,08,disgust,french,canada
CaFE/DВgoЦt/Fort/01-D-2-3.wav,01,disgust,french,canada
CaFE/DВgoЦt/Fort/09-D-2-3.wav,09,disgust,french,canada
CaFE/DВgoЦt/Fort/10-D-2-1.wav,10,disgust,french,canada
CaFE/DВgoЦt/Fort/02-D-2-3.wav,02,disgust,french,canada
CaFE/DВgoЦt/Fort/02-D-2-5.wav,02,disgust,french,canada
CaFE/DВgoЦt/Fort/05-D-2-3.wav,05,disgust,french,canada
CaFE/DВgoЦt/Fort/01-D-2-4.wav,01,disgust,french,canada
CaFE/DВgoЦt/Fort/04-D-2-3.wav,04,disgust,french,canada
CaFE/DВgoЦt/Fort/01-D-2-5.wav,01,disgust,french,canada
CaFE/DВgoЦt/Fort/10-D-2-3.wav,10,disgust,french,canada
CaFE/DВgoЦt/Fort/09-D-2-2.wav,09,disgust,french,canada
CaFE/DВgoЦt/Fort/10-D-2-5.wav,10,disgust,french,canada
CaFE/DВgoЦt/Fort/05-D-2-4.wav,05,disgust,french,canada
CaFE/DВgoЦt/Fort/05-D-2-2.wav,05,disgust,french,canada
CaFE/DВgoЦt/Fort/06-D-2-3.wav,06,disgust,french,canada
CaFE/DВgoЦt/Fort/01-D-2-2.wav,01,disgust,french,canada
CaFE/DВgoЦt/Fort/10-D-2-4.wav,10,disgust,french,canada
CaFE/DВgoЦt/Fort/03-D-2-5.wav,03,disgust,french,canada
CaFE/DВgoЦt/Fort/06-D-2-6.wav,06,disgust,french,canada
CaFE/DВgoЦt/Fort/06-D-2-5.wav,06,disgust,french,canada
CaFE/DВgoЦt/Fort/04-D-2-6.wav,04,disgust,french,canada
CaFE/DВgoЦt/Fort/04-D-2-5.wav,04,disgust,french,canada
CaFE/DВgoЦt/Fort/08-D-2-4.wav,08,disgust,french,canada
CaFE/DВgoЦt/Fort/07-D-2-4.wav,07,disgust,french,canada
CaFE/DВgoЦt/Fort/02-D-2-4.wav,02,disgust,french,canada
CaFE/DВgoЦt/Fort/09-D-2-4.wav,09,disgust,french,canada
CaFE/DВgoЦt/Fort/10-D-2-6.wav,10,disgust,french,canada
CaFE/DВgoЦt/Fort/02-D-2-2.wav,02,disgust,french,canada
CaFE/DВgoЦt/Fort/04-D-2-1.wav,04,disgust,french,canada
CaFE/DВgoЦt/Fort/06-D-2-4.wav,06,disgust,french,canada
CaFE/DВgoЦt/Faible/10-D-1-6.wav,10,disgust,french,canada
CaFE/DВgoЦt/Faible/06-D-1-6.wav,06,disgust,french,canada
CaFE/DВgoЦt/Faible/05-D-1-4.wav,05,disgust,french,canada
CaFE/DВgoЦt/Faible/06-D-1-1.wav,06,disgust,french,canada
CaFE/DВgoЦt/Faible/05-D-1-6.wav,05,disgust,french,canada
CaFE/DВgoЦt/Faible/03-D-1-3.wav,03,disgust,french,canada
CaFE/DВgoЦt/Faible/09-D-1-1.wav,09,disgust,french,canada
CaFE/DВgoЦt/Faible/08-D-1-2.wav,08,disgust,french,canada
CaFE/DВgoЦt/Faible/01-D-1-3.wav,01,disgust,french,canada
CaFE/DВgoЦt/Faible/06-D-1-2.wav,06,disgust,french,canada
CaFE/DВgoЦt/Faible/08-D-1-6.wav,08,disgust,french,canada
CaFE/DВgoЦt/Faible/10-D-1-4.wav,10,disgust,french,canada
CaFE/DВgoЦt/Faible/01-D-1-1.wav,01,disgust,french,canada
CaFE/DВgoЦt/Faible/08-D-1-1.wav,08,disgust,french,canada
CaFE/DВgoЦt/Faible/02-D-1-3.wav,02,disgust,french,canada
CaFE/DВgoЦt/Faible/09-D-1-5.wav,09,disgust,french,canada
CaFE/DВgoЦt/Faible/02-D-1-5.wav,02,disgust,french,canada
CaFE/DВgoЦt/Faible/03-D-1-4.wav,03,disgust,french,canada
CaFE/DВgoЦt/Faible/03-D-1-1.wav,03,disgust,french,canada
CaFE/DВgoЦt/Faible/05-D-1-2.wav,05,disgust,french,canada
CaFE/DВgoЦt/Faible/03-D-1-5.wav,03,disgust,french,canada
CaFE/DВgoЦt/Faible/04-D-1-3.wav,04,disgust,french,canada
CaFE/DВgoЦt/Faible/10-D-1-2.wav,10,disgust,french,canada
CaFE/DВgoЦt/Faible/09-D-1-2.wav,09,disgust,french,canada
CaFE/DВgoЦt/Faible/07-D-1-2.wav,07,disgust,french,canada
CaFE/DВgoЦt/Faible/02-D-1-1.wav,02,disgust,french,canada
CaFE/DВgoЦt/Faible/02-D-1-4.wav,02,disgust,french,canada
CaFE/DВgoЦt/Faible/03-D-1-2.wav,03,disgust,french,canada
CaFE/DВgoЦt/Faible/05-D-1-5.wav,05,disgust,french,canada
CaFE/DВgoЦt/Faible/07-D-1-1.wav,07,disgust,french,canada
CaFE/DВgoЦt/Faible/01-D-1-2.wav,01,disgust,french,canada
CaFE/DВgoЦt/Faible/03-D-1-6.wav,03,disgust,french,canada
CaFE/DВgoЦt/Faible/04-D-1-5.wav,04,disgust,french,canada
CaFE/DВgoЦt/Faible/07-D-1-6.wav,07,disgust,french,canada
CaFE/DВgoЦt/Faible/04-D-1-4.wav,04,disgust,french,canada
CaFE/DВgoЦt/Faible/08-D-1-4.wav,08,disgust,french,canada
CaFE/DВgoЦt/Faible/09-D-1-4.wav,09,disgust,french,canada
CaFE/DВgoЦt/Faible/01-D-1-6.wav,01,disgust,french,canada
CaFE/DВgoЦt/Faible/08-D-1-5.wav,08,disgust,french,canada
CaFE/DВgoЦt/Faible/06-D-1-4.wav,06,disgust,french,canada
CaFE/DВgoЦt/Faible/06-D-1-5.wav,06,disgust,french,canada
CaFE/DВgoЦt/Faible/10-D-1-1.wav,10,disgust,french,canada
CaFE/DВgoЦt/Faible/04-D-1-1.wav,04,disgust,french,canada
CaFE/DВgoЦt/Faible/07-D-1-4.wav,07,disgust,french,canada
CaFE/DВgoЦt/Faible/05-D-1-1.wav,05,disgust,french,canada
CaFE/DВgoЦt/Faible/09-D-1-3.wav,09,disgust,french,canada
CaFE/DВgoЦt/Faible/09-D-1-6.wav,09,disgust,french,canada
CaFE/DВgoЦt/Faible/10-D-1-3.wav,10,disgust,french,canada
CaFE/DВgoЦt/Faible/02-D-1-6.wav,02,disgust,french,canada
CaFE/DВgoЦt/Faible/02-D-1-2.wav,02,disgust,french,canada
CaFE/DВgoЦt/Faible/01-D-1-5.wav,01,disgust,french,canada
CaFE/DВgoЦt/Faible/04-D-1-6.wav,04,disgust,french,canada
CaFE/DВgoЦt/Faible/06-D-1-3.wav,06,disgust,french,canada
CaFE/DВgoЦt/Faible/01-D-1-4.wav,01,disgust,french,canada
CaFE/DВgoЦt/Faible/05-D-1-3.wav,05,disgust,french,canada
CaFE/DВgoЦt/Faible/04-D-1-2.wav,04,disgust,french,canada
CaFE/DВgoЦt/Faible/07-D-1-5.wav,07,disgust,french,canada
CaFE/DВgoЦt/Faible/08-D-1-3.wav,08,disgust,french,canada
CaFE/DВgoЦt/Faible/10-D-1-5.wav,10,disgust,french,canada
CaFE/DВgoЦt/Faible/07-D-1-3.wav,07,disgust,french,canada
CaFE/Neutre/03-N-1-6.wav,03,neutral,french,canada
CaFE/Neutre/03-N-1-3.wav,03,neutral,french,canada
CaFE/Neutre/07-N-1-5.wav,07,neutral,french,canada
CaFE/Neutre/02-N-1-6.wav,02,neutral,french,canada
CaFE/Neutre/10-N-1-3.wav,10,neutral,french,canada
CaFE/Neutre/08-N-1-4.wav,08,neutral,french,canada
CaFE/Neutre/10-N-1-6.wav,10,neutral,french,canada
CaFE/Neutre/07-N-1-1.wav,07,neutral,french,canada
CaFE/Neutre/05-N-1-4.wav,05,neutral,french,canada
CaFE/Neutre/04-N-1-2.wav,04,neutral,french,canada
CaFE/Neutre/02-N-1-3.wav,02,neutral,french,canada
CaFE/Neutre/06-N-1-6.wav,06,neutral,french,canada
CaFE/Neutre/09-N-1-3.wav,09,neutral,french,canada
CaFE/Neutre/09-N-1-5.wav,09,neutral,french,canada
CaFE/Neutre/03-N-1-5.wav,03,neutral,french,canada
CaFE/Neutre/07-N-1-2.wav,07,neutral,french,canada
CaFE/Neutre/02-N-1-4.wav,02,neutral,french,canada
CaFE/Neutre/09-N-1-1.wav,09,neutral,french,canada
CaFE/Neutre/04-N-1-5.wav,04,neutral,french,canada
CaFE/Neutre/08-N-1-1.wav,08,neutral,french,canada
CaFE/Neutre/05-N-1-5.wav,05,neutral,french,canada
CaFE/Neutre/06-N-1-1.wav,06,neutral,french,canada
CaFE/Neutre/01-N-1-4.wav,01,neutral,french,canada
CaFE/Neutre/08-N-1-2.wav,08,neutral,french,canada
CaFE/Neutre/05-N-1-2.wav,05,neutral,french,canada
CaFE/Neutre/01-N-1-1.wav,01,neutral,french,canada
CaFE/Neutre/05-N-1-6.wav,05,neutral,french,canada
CaFE/Neutre/08-N-1-5.wav,08,neutral,french,canada
CaFE/Neutre/06-N-1-5.wav,06,neutral,french,canada
CaFE/Neutre/06-N-1-3.wav,06,neutral,french,canada
CaFE/Neutre/03-N-1-1.wav,03,neutral,french,canada
CaFE/Neutre/09-N-1-2.wav,09,neutral,french,canada
CaFE/Neutre/04-N-1-4.wav,04,neutral,french,canada
CaFE/Neutre/02-N-1-1.wav,02,neutral,french,canada
CaFE/Neutre/09-N-1-6.wav,09,neutral,french,canada
CaFE/Neutre/04-N-1-3.wav,04,neutral,french,canada
CaFE/Neutre/10-N-1-2.wav,10,neutral,french,canada
CaFE/Neutre/07-N-1-4.wav,07,neutral,french,canada
CaFE/Neutre/02-N-1-2.wav,02,neutral,french,canada
CaFE/Neutre/06-N-1-4.wav,06,neutral,french,canada
CaFE/Neutre/01-N-1-5.wav,01,neutral,french,canada
CaFE/Neutre/05-N-1-1.wav,05,neutral,french,canada
CaFE/Neutre/07-N-1-6.wav,07,neutral,french,canada
CaFE/Neutre/01-N-1-3.wav,01,neutral,french,canada
CaFE/Neutre/10-N-1-5.wav,10,neutral,french,canada
CaFE/Neutre/07-N-1-3.wav,07,neutral,french,canada
CaFE/Neutre/03-N-1-4.wav,03,neutral,french,canada
CaFE/Neutre/03-N-1-2.wav,03,neutral,french,canada
CaFE/Neutre/01-N-1-6.wav,01,neutral,french,canada
CaFE/Neutre/09-N-1-4.wav,09,neutral,french,canada
CaFE/Neutre/08-N-1-3.wav,08,neutral,french,canada
CaFE/Neutre/01-N-1-2.wav,01,neutral,french,canada
CaFE/Neutre/04-N-1-6.wav,04,neutral,french,canada
CaFE/Neutre/08-N-1-6.wav,08,neutral,french,canada
CaFE/Neutre/04-N-1-1.wav,04,neutral,french,canada
CaFE/Neutre/05-N-1-3.wav,05,neutral,french,canada
CaFE/Neutre/06-N-1-2.wav,06,neutral,french,canada
CaFE/Neutre/02-N-1-5.wav,02,neutral,french,canada
CaFE/Neutre/10-N-1-1.wav,10,neutral,french,canada
CaFE/Neutre/10-N-1-4.wav,10,neutral,french,canada
CaFE/Peur/Fort/01-P-2-1.wav,01,fear,french,canada
CaFE/Peur/Fort/04-P-2-1.wav,04,fear,french,canada
CaFE/Peur/Fort/07-P-2-3.wav,07,fear,french,canada
CaFE/Peur/Fort/05-P-2-3.wav,05,fear,french,canada
CaFE/Peur/Fort/10-P-2-2.wav,10,fear,french,canada
CaFE/Peur/Fort/10-P-2-3.wav,10,fear,french,canada
CaFE/Peur/Fort/09-P-2-4.wav,09,fear,french,canada
CaFE/Peur/Fort/09-P-2-3.wav,09,fear,french,canada
CaFE/Peur/Fort/01-P-2-4.wav,01,fear,french,canada
CaFE/Peur/Fort/03-P-2-5.wav,03,fear,french,canada
CaFE/Peur/Fort/03-P-2-6.wav,03,fear,french,canada
CaFE/Peur/Fort/02-P-2-3.wav,02,fear,french,canada
CaFE/Peur/Fort/02-P-2-2.wav,02,fear,french,canada
CaFE/Peur/Fort/05-P-2-5.wav,05,fear,french,canada
CaFE/Peur/Fort/05-P-2-2.wav,05,fear,french,canada
CaFE/Peur/Fort/08-P-2-4.wav,08,fear,french,canada
CaFE/Peur/Fort/01-P-2-6.wav,01,fear,french,canada
CaFE/Peur/Fort/02-P-2-6.wav,02,fear,french,canada
CaFE/Peur/Fort/09-P-2-5.wav,09,fear,french,canada
CaFE/Peur/Fort/08-P-2-1.wav,08,fear,french,canada
CaFE/Peur/Fort/03-P-2-3.wav,03,fear,french,canada
CaFE/Peur/Fort/09-P-2-1.wav,09,fear,french,canada
CaFE/Peur/Fort/08-P-2-5.wav,08,fear,french,canada
CaFE/Peur/Fort/05-P-2-4.wav,05,fear,french,canada
CaFE/Peur/Fort/04-P-2-5.wav,04,fear,french,canada
CaFE/Peur/Fort/10-P-2-4.wav,10,fear,french,canada
CaFE/Peur/Fort/04-P-2-2.wav,04,fear,french,canada
CaFE/Peur/Fort/08-P-2-2.wav,08,fear,french,canada
CaFE/Peur/Fort/06-P-2-4.wav,06,fear,french,canada
CaFE/Peur/Fort/06-P-2-3.wav,06,fear,french,canada
CaFE/Peur/Fort/07-P-2-4.wav,07,fear,french,canada
CaFE/Peur/Fort/06-P-2-2.wav,06,fear,french,canada
CaFE/Peur/Fort/03-P-2-4.wav,03,fear,french,canada
CaFE/Peur/Fort/02-P-2-5.wav,02,fear,french,canada
CaFE/Peur/Fort/06-P-2-6.wav,06,fear,french,canada
CaFE/Peur/Fort/07-P-2-5.wav,07,fear,french,canada
CaFE/Peur/Fort/07-P-2-1.wav,07,fear,french,canada
CaFE/Peur/Fort/05-P-2-6.wav,05,fear,french,canada
CaFE/Peur/Fort/03-P-2-1.wav,03,fear,french,canada
CaFE/Peur/Fort/01-P-2-2.wav,01,fear,french,canada
CaFE/Peur/Fort/02-P-2-4.wav,02,fear,french,canada
CaFE/Peur/Fort/10-P-2-5.wav,10,fear,french,canada
CaFE/Peur/Fort/06-P-2-5.wav,06,fear,french,canada
CaFE/Peur/Fort/03-P-2-2.wav,03,fear,french,canada
CaFE/Peur/Fort/04-P-2-4.wav,04,fear,french,canada
CaFE/Peur/Fort/04-P-2-6.wav,04,fear,french,canada
CaFE/Peur/Fort/10-P-2-1.wav,10,fear,french,canada
CaFE/Peur/Fort/06-P-2-1.wav,06,fear,french,canada
CaFE/Peur/Fort/01-P-2-5.wav,01,fear,french,canada
CaFE/Peur/Fort/08-P-2-6.wav,08,fear,french,canada
CaFE/Peur/Fort/07-P-2-6.wav,07,fear,french,canada
CaFE/Peur/Fort/01-P-2-3.wav,01,fear,french,canada
CaFE/Peur/Fort/10-P-2-6.wav,10,fear,french,canada
CaFE/Peur/Fort/07-P-2-2.wav,07,fear,french,canada
CaFE/Peur/Fort/05-P-2-1.wav,05,fear,french,canada
CaFE/Peur/Fort/08-P-2-3.wav,08,fear,french,canada
CaFE/Peur/Fort/09-P-2-2.wav,09,fear,french,canada
CaFE/Peur/Fort/04-P-2-3.wav,04,fear,french,canada
CaFE/Peur/Fort/09-P-2-6.wav,09,fear,french,canada
CaFE/Peur/Fort/02-P-2-1.wav,02,fear,french,canada
CaFE/Peur/Faible/01-P-1-3.wav,01,fear,french,canada
CaFE/Peur/Faible/03-P-1-6.wav,03,fear,french,canada
CaFE/Peur/Faible/07-P-1-5.wav,07,fear,french,canada
CaFE/Peur/Faible/09-P-1-3.wav,09,fear,french,canada
CaFE/Peur/Faible/01-P-1-4.wav,01,fear,french,canada
CaFE/Peur/Faible/06-P-1-4.wav,06,fear,french,canada
CaFE/Peur/Faible/04-P-1-6.wav,04,fear,french,canada
CaFE/Peur/Faible/08-P-1-5.wav,08,fear,french,canada
CaFE/Peur/Faible/02-P-1-6.wav,02,fear,french,canada
CaFE/Peur/Faible/08-P-1-1.wav,08,fear,french,canada
CaFE/Peur/Faible/03-P-1-1.wav,03,fear,french,canada
CaFE/Peur/Faible/07-P-1-3.wav,07,fear,french,canada
CaFE/Peur/Faible/09-P-1-2.wav,09,fear,french,canada
CaFE/Peur/Faible/10-P-1-5.wav,10,fear,french,canada
CaFE/Peur/Faible/06-P-1-1.wav,06,fear,french,canada
CaFE/Peur/Faible/05-P-1-3.wav,05,fear,french,canada
CaFE/Peur/Faible/08-P-1-3.wav,08,fear,french,canada
CaFE/Peur/Faible/02-P-1-2.wav,02,fear,french,canada
CaFE/Peur/Faible/03-P-1-3.wav,03,fear,french,canada
CaFE/Peur/Faible/10-P-1-1.wav,10,fear,french,canada
CaFE/Peur/Faible/09-P-1-6.wav,09,fear,french,canada
CaFE/Peur/Faible/04-P-1-5.wav,04,fear,french,canada
CaFE/Peur/Faible/01-P-1-6.wav,01,fear,french,canada
CaFE/Peur/Faible/02-P-1-1.wav,02,fear,french,canada
CaFE/Peur/Faible/07-P-1-6.wav,07,fear,french,canada
CaFE/Peur/Faible/04-P-1-3.wav,04,fear,french,canada
CaFE/Peur/Faible/09-P-1-4.wav,09,fear,french,canada
CaFE/Peur/Faible/07-P-1-4.wav,07,fear,french,canada
CaFE/Peur/Faible/06-P-1-3.wav,06,fear,french,canada
CaFE/Peur/Faible/01-P-1-1.wav,01,fear,french,canada
CaFE/Peur/Faible/10-P-1-3.wav,10,fear,french,canada
CaFE/Peur/Faible/04-P-1-2.wav,04,fear,french,canada
CaFE/Peur/Faible/06-P-1-6.wav,06,fear,french,canada
CaFE/Peur/Faible/08-P-1-2.wav,08,fear,french,canada
CaFE/Peur/Faible/06-P-1-5.wav,06,fear,french,canada
CaFE/Peur/Faible/06-P-1-2.wav,06,fear,french,canada
CaFE/Peur/Faible/09-P-1-1.wav,09,fear,french,canada
CaFE/Peur/Faible/01-P-1-2.wav,01,fear,french,canada
CaFE/Peur/Faible/09-P-1-5.wav,09,fear,french,canada
CaFE/Peur/Faible/05-P-1-4.wav,05,fear,french,canada
CaFE/Peur/Faible/10-P-1-2.wav,10,fear,french,canada
CaFE/Peur/Faible/05-P-1-5.wav,05,fear,french,canada
CaFE/Peur/Faible/10-P-1-4.wav,10,fear,french,canada
CaFE/Peur/Faible/08-P-1-6.wav,08,fear,french,canada
CaFE/Peur/Faible/07-P-1-2.wav,07,fear,french,canada
CaFE/Peur/Faible/04-P-1-1.wav,04,fear,french,canada
CaFE/Peur/Faible/02-P-1-4.wav,02,fear,french,canada
CaFE/Peur/Faible/03-P-1-4.wav,03,fear,french,canada
CaFE/Peur/Faible/02-P-1-5.wav,02,fear,french,canada
CaFE/Peur/Faible/02-P-1-3.wav,02,fear,french,canada
CaFE/Peur/Faible/05-P-1-2.wav,05,fear,french,canada
CaFE/Peur/Faible/03-P-1-5.wav,03,fear,french,canada
CaFE/Peur/Faible/01-P-1-5.wav,01,fear,french,canada
CaFE/Peur/Faible/04-P-1-4.wav,04,fear,french,canada
CaFE/Peur/Faible/07-P-1-1.wav,07,fear,french,canada
CaFE/Peur/Faible/05-P-1-6.wav,05,fear,french,canada
CaFE/Peur/Faible/03-P-1-2.wav,03,fear,french,canada
CaFE/Peur/Faible/08-P-1-4.wav,08,fear,french,canada
CaFE/Peur/Faible/05-P-1-1.wav,05,fear,french,canada
CaFE/Peur/Faible/10-P-1-6.wav,10,fear,french,canada
CaFE/ColКre/Fort/04-C-2-5.wav,04,anger,french,canada
CaFE/ColКre/Fort/10-C-2-3.wav,10,anger,french,canada
CaFE/ColКre/Fort/02-C-2-5.wav,02,anger,french,canada
CaFE/ColКre/Fort/03-C-2-6.wav,03,anger,french,canada
CaFE/ColКre/Fort/08-C-2-3.wav,08,anger,french,canada
CaFE/ColКre/Fort/07-C-2-6.wav,07,anger,french,canada
CaFE/ColКre/Fort/10-C-2-5.wav,10,anger,french,canada
CaFE/ColКre/Fort/02-C-2-2.wav,02,anger,french,canada
CaFE/ColКre/Fort/01-C-2-6.wav,01,anger,french,canada
CaFE/ColКre/Fort/08-C-2-2.wav,08,anger,french,canada
CaFE/ColКre/Fort/09-C-2-1.wav,09,anger,french,canada
CaFE/ColКre/Fort/07-C-2-1.wav,07,anger,french,canada
CaFE/ColКre/Fort/06-C-2-5.wav,06,anger,french,canada
CaFE/ColКre/Fort/04-C-2-1.wav,04,anger,french,canada
CaFE/ColКre/Fort/04-C-2-4.wav,04,anger,french,canada
CaFE/ColКre/Fort/05-C-2-1.wav,05,anger,french,canada
CaFE/ColКre/Fort/06-C-2-1.wav,06,anger,french,canada
CaFE/ColКre/Fort/04-C-2-3.wav,04,anger,french,canada
CaFE/ColКre/Fort/06-C-2-3.wav,06,anger,french,canada
CaFE/ColКre/Fort/10-C-2-4.wav,10,anger,french,canada
CaFE/ColКre/Fort/09-C-2-6.wav,09,anger,french,canada
CaFE/ColКre/Fort/02-C-2-3.wav,02,anger,french,canada
CaFE/ColКre/Fort/02-C-2-1.wav,02,anger,french,canada
CaFE/ColКre/Fort/08-C-2-4.wav,08,anger,french,canada
CaFE/ColКre/Fort/02-C-2-6.wav,02,anger,french,canada
CaFE/ColКre/Fort/01-C-2-3.wav,01,anger,french,canada
CaFE/ColКre/Fort/05-C-2-3.wav,05,anger,french,canada
CaFE/ColКre/Fort/05-C-2-5.wav,05,anger,french,canada
CaFE/ColКre/Fort/01-C-2-4.wav,01,anger,french,canada
CaFE/ColКre/Fort/10-C-2-1.wav,10,anger,french,canada
CaFE/ColКre/Fort/10-C-2-2.wav,10,anger,french,canada
CaFE/ColКre/Fort/01-C-2-5.wav,01,anger,french,canada
CaFE/ColКre/Fort/01-C-2-2.wav,01,anger,french,canada
CaFE/ColКre/Fort/07-C-2-2.wav,07,anger,french,canada
CaFE/ColКre/Fort/09-C-2-2.wav,09,anger,french,canada
CaFE/ColКre/Fort/06-C-2-4.wav,06,anger,french,canada
CaFE/ColКre/Fort/03-C-2-4.wav,03,anger,french,canada
CaFE/ColКre/Fort/10-C-2-6.wav,10,anger,french,canada
CaFE/ColКre/Fort/09-C-2-4.wav,09,anger,french,canada
CaFE/ColКre/Fort/02-C-2-4.wav,02,anger,french,canada
CaFE/ColКre/Fort/09-C-2-3.wav,09,anger,french,canada
CaFE/ColКre/Fort/05-C-2-2.wav,05,anger,french,canada
CaFE/ColКre/Fort/08-C-2-5.wav,08,anger,french,canada
CaFE/ColКre/Fort/08-C-2-6.wav,08,anger,french,canada
CaFE/ColКre/Fort/07-C-2-5.wav,07,anger,french,canada
CaFE/ColКre/Fort/03-C-2-2.wav,03,anger,french,canada
CaFE/ColКre/Fort/08-C-2-1.wav,08,anger,french,canada
CaFE/ColКre/Fort/03-C-2-3.wav,03,anger,french,canada
CaFE/ColКre/Fort/07-C-2-3.wav,07,anger,french,canada
CaFE/ColКre/Fort/03-C-2-5.wav,03,anger,french,canada
CaFE/ColКre/Fort/04-C-2-6.wav,04,anger,french,canada
CaFE/ColКre/Fort/05-C-2-4.wav,05,anger,french,canada
CaFE/ColКre/Fort/01-C-2-1.wav,01,anger,french,canada
CaFE/ColКre/Fort/06-C-2-2.wav,06,anger,french,canada
CaFE/ColКre/Fort/06-C-2-6.wav,06,anger,french,canada
CaFE/ColКre/Fort/09-C-2-5.wav,09,anger,french,canada
CaFE/ColКre/Fort/07-C-2-4.wav,07,anger,french,canada
CaFE/ColКre/Fort/03-C-2-1.wav,03,anger,french,canada
CaFE/ColКre/Fort/05-C-2-6.wav,05,anger,french,canada
CaFE/ColКre/Fort/04-C-2-2.wav,04,anger,french,canada
CaFE/ColКre/Faible/01-C-1-5.wav,01,anger,french,canada
CaFE/ColКre/Faible/03-C-1-5.wav,03,anger,french,canada
CaFE/ColКre/Faible/09-C-1-3.wav,09,anger,french,canada
CaFE/ColКre/Faible/01-C-1-1.wav,01,anger,french,canada
CaFE/ColКre/Faible/04-C-1-5.wav,04,anger,french,canada
CaFE/ColКre/Faible/02-C-1-1.wav,02,anger,french,canada
CaFE/ColКre/Faible/10-C-1-3.wav,10,anger,french,canada
CaFE/ColКre/Faible/07-C-1-5.wav,07,anger,french,canada
CaFE/ColКre/Faible/08-C-1-1.wav,08,anger,french,canada
CaFE/ColКre/Faible/04-C-1-4.wav,04,anger,french,canada
CaFE/ColКre/Faible/05-C-1-5.wav,05,anger,french,canada
CaFE/ColКre/Faible/03-C-1-2.wav,03,anger,french,canada
CaFE/ColКre/Faible/01-C-1-3.wav,01,anger,french,canada
CaFE/ColКre/Faible/06-C-1-5.wav,06,anger,french,canada
CaFE/ColКre/Faible/10-C-1-2.wav,10,anger,french,canada
CaFE/ColКre/Faible/05-C-1-4.wav,05,anger,french,canada
CaFE/ColКre/Faible/09-C-1-4.wav,09,anger,french,canada
CaFE/ColКre/Faible/06-C-1-2.wav,06,anger,french,canada
CaFE/ColКre/Faible/09-C-1-1.wav,09,anger,french,canada
CaFE/ColКre/Faible/07-C-1-4.wav,07,anger,french,canada
CaFE/ColКre/Faible/03-C-1-1.wav,03,anger,french,canada
CaFE/ColКre/Faible/02-C-1-3.wav,02,anger,french,canada
CaFE/ColКre/Faible/01-C-1-6.wav,01,anger,french,canada
CaFE/ColКre/Faible/08-C-1-6.wav,08,anger,french,canada
CaFE/ColКre/Faible/07-C-1-3.wav,07,anger,french,canada
CaFE/ColКre/Faible/06-C-1-1.wav,06,anger,french,canada
CaFE/ColКre/Faible/03-C-1-3.wav,03,anger,french,canada
CaFE/ColКre/Faible/04-C-1-2.wav,04,anger,french,canada
CaFE/ColКre/Faible/02-C-1-6.wav,02,anger,french,canada
CaFE/ColКre/Faible/02-C-1-2.wav,02,anger,french,canada
CaFE/ColКre/Faible/08-C-1-3.wav,08,anger,french,canada
CaFE/ColКre/Faible/08-C-1-2.wav,08,anger,french,canada
CaFE/ColКre/Faible/02-C-1-4.wav,02,anger,french,canada
CaFE/ColКre/Faible/10-C-1-4.wav,10,anger,french,canada
CaFE/ColКre/Faible/09-C-1-6.wav,09,anger,french,canada
CaFE/ColКre/Faible/02-C-1-5.wav,02,anger,french,canada
CaFE/ColКre/Faible/07-C-1-6.wav,07,anger,french,canada
CaFE/ColКre/Faible/04-C-1-1.wav,04,anger,french,canada
CaFE/ColКre/Faible/07-C-1-2.wav,07,anger,french,canada
CaFE/ColКre/Faible/04-C-1-6.wav,04,anger,french,canada
CaFE/ColКre/Faible/06-C-1-4.wav,06,anger,french,canada
CaFE/ColКre/Faible/01-C-1-2.wav,01,anger,french,canada
CaFE/ColКre/Faible/10-C-1-1.wav,10,anger,french,canada
CaFE/ColКre/Faible/07-C-1-1.wav,07,anger,french,canada
CaFE/ColКre/Faible/05-C-1-3.wav,05,anger,french,canada
CaFE/ColКre/Faible/05-C-1-2.wav,05,anger,french,canada
CaFE/ColКre/Faible/08-C-1-5.wav,08,anger,french,canada
CaFE/ColКre/Faible/03-C-1-4.wav,03,anger,french,canada
CaFE/ColКre/Faible/06-C-1-3.wav,06,anger,french,canada
CaFE/ColКre/Faible/01-C-1-4.wav,01,anger,french,canada
CaFE/ColКre/Faible/05-C-1-1.wav,05,anger,french,canada
CaFE/ColКre/Faible/09-C-1-5.wav,09,anger,french,canada
CaFE/ColКre/Faible/04-C-1-3.wav,04,anger,french,canada
CaFE/ColКre/Faible/03-C-1-6.wav,03,anger,french,canada
CaFE/ColКre/Faible/10-C-1-5.wav,10,anger,french,canada
CaFE/ColКre/Faible/08-C-1-4.wav,08,anger,french,canada
CaFE/ColКre/Faible/10-C-1-6.wav,10,anger,french,canada
CaFE/ColКre/Faible/09-C-1-2.wav,09,anger,french,canada
CaFE/ColКre/Faible/06-C-1-6.wav,06,anger,french,canada
CaFE/ColКre/Faible/05-C-1-6.wav,05,anger,french,canada
CaFE/Surprise/Fort/08-S-2-2.wav,08,surprise,french,canada
CaFE/Surprise/Fort/04-S-2-6.wav,04,surprise,french,canada
CaFE/Surprise/Fort/07-S-2-5.wav,07,surprise,french,canada
CaFE/Surprise/Fort/01-S-2-1.wav,01,surprise,french,canada
CaFE/Surprise/Fort/09-S-2-5.wav,09,surprise,french,canada
CaFE/Surprise/Fort/06-S-2-1.wav,06,surprise,french,canada
CaFE/Surprise/Fort/10-S-2-5.wav,10,surprise,french,canada
CaFE/Surprise/Fort/01-S-2-5.wav,01,surprise,french,canada
CaFE/Surprise/Fort/09-S-2-1.wav,09,surprise,french,canada
CaFE/Surprise/Fort/01-S-2-3.wav,01,surprise,french,canada
CaFE/Surprise/Fort/08-S-2-5.wav,08,surprise,french,canada
CaFE/Surprise/Fort/03-S-2-2.wav,03,surprise,french,canada
CaFE/Surprise/Fort/02-S-2-3.wav,02,surprise,french,canada
CaFE/Surprise/Fort/09-S-2-4.wav,09,surprise,french,canada
CaFE/Surprise/Fort/02-S-2-2.wav,02,surprise,french,canada
CaFE/Surprise/Fort/08-S-2-1.wav,08,surprise,french,canada
CaFE/Surprise/Fort/09-S-2-2.wav,09,surprise,french,canada
CaFE/Surprise/Fort/07-S-2-1.wav,07,surprise,french,canada
CaFE/Surprise/Fort/01-S-2-4.wav,01,surprise,french,canada
CaFE/Surprise/Fort/03-S-2-6.wav,03,surprise,french,canada
CaFE/Surprise/Fort/07-S-2-4.wav,07,surprise,french,canada
CaFE/Surprise/Fort/05-S-2-5.wav,05,surprise,french,canada
CaFE/Surprise/Fort/03-S-2-4.wav,03,surprise,french,canada
CaFE/Surprise/Fort/10-S-2-2.wav,10,surprise,french,canada
CaFE/Surprise/Fort/03-S-2-5.wav,03,surprise,french,canada
CaFE/Surprise/Fort/08-S-2-3.wav,08,surprise,french,canada
CaFE/Surprise/Fort/02-S-2-1.wav,02,surprise,french,canada
CaFE/Surprise/Fort/02-S-2-4.wav,02,surprise,french,canada
CaFE/Surprise/Fort/04-S-2-5.wav,04,surprise,french,canada
CaFE/Surprise/Fort/04-S-2-2.wav,04,surprise,french,canada
CaFE/Surprise/Fort/01-S-2-2.wav,01,surprise,french,canada
CaFE/Surprise/Fort/03-S-2-3.wav,03,surprise,french,canada
CaFE/Surprise/Fort/02-S-2-5.wav,02,surprise,french,canada
CaFE/Surprise/Fort/06-S-2-3.wav,06,surprise,french,canada
CaFE/Surprise/Fort/10-S-2-6.wav,10,surprise,french,canada
CaFE/Surprise/Fort/05-S-2-4.wav,05,surprise,french,canada
CaFE/Surprise/Fort/10-S-2-4.wav,10,surprise,french,canada
CaFE/Surprise/Fort/08-S-2-6.wav,08,surprise,french,canada
CaFE/Surprise/Fort/09-S-2-3.wav,09,surprise,french,canada
CaFE/Surprise/Fort/07-S-2-2.wav,07,surprise,french,canada
CaFE/Surprise/Fort/03-S-2-1.wav,03,surprise,french,canada
CaFE/Surprise/Fort/04-S-2-3.wav,04,surprise,french,canada
CaFE/Surprise/Fort/05-S-2-1.wav,05,surprise,french,canada
CaFE/Surprise/Fort/01-S-2-6.wav,01,surprise,french,canada
CaFE/Surprise/Fort/04-S-2-1.wav,04,surprise,french,canada
CaFE/Surprise/Fort/02-S-2-6.wav,02,surprise,french,canada
CaFE/Surprise/Fort/10-S-2-1.wav,10,surprise,french,canada
CaFE/Surprise/Fort/07-S-2-3.wav,07,surprise,french,canada
CaFE/Surprise/Fort/10-S-2-3.wav,10,surprise,french,canada
CaFE/Surprise/Fort/08-S-2-4.wav,08,surprise,french,canada
CaFE/Surprise/Fort/05-S-2-2.wav,05,surprise,french,canada
CaFE/Surprise/Fort/06-S-2-4.wav,06,surprise,french,canada
CaFE/Surprise/Fort/07-S-2-6.wav,07,surprise,french,canada
CaFE/Surprise/Fort/09-S-2-6.wav,09,surprise,french,canada
CaFE/Surprise/Fort/06-S-2-2.wav,06,surprise,french,canada
CaFE/Surprise/Fort/06-S-2-6.wav,06,surprise,french,canada
CaFE/Surprise/Fort/05-S-2-3.wav,05,surprise,french,canada
CaFE/Surprise/Fort/05-S-2-6.wav,05,surprise,french,canada
CaFE/Surprise/Fort/06-S-2-5.wav,06,surprise,french,canada
CaFE/Surprise/Fort/04-S-2-4.wav,04,surprise,french,canada
CaFE/Surprise/Faible/03-S-1-4.wav,03,surprise,french,canada
CaFE/Surprise/Faible/07-S-1-4.wav,07,surprise,french,canada
CaFE/Surprise/Faible/01-S-1-4.wav,01,surprise,french,canada
CaFE/Surprise/Faible/10-S-1-3.wav,10,surprise,french,canada
CaFE/Surprise/Faible/06-S-1-5.wav,06,surprise,french,canada
CaFE/Surprise/Faible/04-S-1-6.wav,04,surprise,french,canada
CaFE/Surprise/Faible/06-S-1-2.wav,06,surprise,french,canada
CaFE/Surprise/Faible/05-S-1-6.wav,05,surprise,french,canada
CaFE/Surprise/Faible/05-S-1-2.wav,05,surprise,french,canada
CaFE/Surprise/Faible/10-S-1-2.wav,10,surprise,french,canada
CaFE/Surprise/Faible/01-S-1-6.wav,01,surprise,french,canada
CaFE/Surprise/Faible/08-S-1-6.wav,08,surprise,french,canada
CaFE/Surprise/Faible/09-S-1-3.wav,09,surprise,french,canada
CaFE/Surprise/Faible/08-S-1-1.wav,08,surprise,french,canada
CaFE/Surprise/Faible/09-S-1-1.wav,09,surprise,french,canada
CaFE/Surprise/Faible/02-S-1-4.wav,02,surprise,french,canada
CaFE/Surprise/Faible/09-S-1-6.wav,09,surprise,french,canada
CaFE/Surprise/Faible/07-S-1-3.wav,07,surprise,french,canada
CaFE/Surprise/Faible/07-S-1-6.wav,07,surprise,french,canada
CaFE/Surprise/Faible/04-S-1-2.wav,04,surprise,french,canada
CaFE/Surprise/Faible/10-S-1-6.wav,10,surprise,french,canada
CaFE/Surprise/Faible/04-S-1-3.wav,04,surprise,french,canada
CaFE/Surprise/Faible/02-S-1-1.wav,02,surprise,french,canada
CaFE/Surprise/Faible/08-S-1-3.wav,08,surprise,french,canada
CaFE/Surprise/Faible/05-S-1-5.wav,05,surprise,french,canada
CaFE/Surprise/Faible/07-S-1-5.wav,07,surprise,french,canada
CaFE/Surprise/Faible/03-S-1-1.wav,03,surprise,french,canada
CaFE/Surprise/Faible/04-S-1-5.wav,04,surprise,french,canada
CaFE/Surprise/Faible/06-S-1-1.wav,06,surprise,french,canada
CaFE/Surprise/Faible/05-S-1-1.wav,05,surprise,french,canada
CaFE/Surprise/Faible/05-S-1-4.wav,05,surprise,french,canada
CaFE/Surprise/Faible/03-S-1-3.wav,03,surprise,french,canada
CaFE/Surprise/Faible/04-S-1-1.wav,04,surprise,french,canada
CaFE/Surprise/Faible/04-S-1-4.wav,04,surprise,french,canada
CaFE/Surprise/Faible/03-S-1-5.wav,03,surprise,french,canada
CaFE/Surprise/Faible/08-S-1-4.wav,08,surprise,french,canada
CaFE/Surprise/Faible/01-S-1-2.wav,01,surprise,french,canada
CaFE/Surprise/Faible/08-S-1-2.wav,08,surprise,french,canada
CaFE/Surprise/Faible/06-S-1-3.wav,06,surprise,french,canada
CaFE/Surprise/Faible/02-S-1-3.wav,02,surprise,french,canada
CaFE/Surprise/Faible/08-S-1-5.wav,08,surprise,french,canada
CaFE/Surprise/Faible/07-S-1-2.wav,07,surprise,french,canada
CaFE/Surprise/Faible/02-S-1-2.wav,02,surprise,french,canada
CaFE/Surprise/Faible/02-S-1-6.wav,02,surprise,french,canada
CaFE/Surprise/Faible/01-S-1-3.wav,01,surprise,french,canada
CaFE/Surprise/Faible/02-S-1-5.wav,02,surprise,french,canada
CaFE/Surprise/Faible/09-S-1-4.wav,09,surprise,french,canada
CaFE/Surprise/Faible/03-S-1-2.wav,03,surprise,french,canada
CaFE/Surprise/Faible/10-S-1-4.wav,10,surprise,french,canada
CaFE/Surprise/Faible/10-S-1-5.wav,10,surprise,french,canada
CaFE/Surprise/Faible/01-S-1-5.wav,01,surprise,french,canada
CaFE/Surprise/Faible/05-S-1-3.wav,05,surprise,french,canada
CaFE/Surprise/Faible/09-S-1-2.wav,09,surprise,french,canada
CaFE/Surprise/Faible/06-S-1-6.wav,06,surprise,french,canada
CaFE/Surprise/Faible/10-S-1-1.wav,10,surprise,french,canada
CaFE/Surprise/Faible/07-S-1-1.wav,07,surprise,french,canada
CaFE/Surprise/Faible/06-S-1-4.wav,06,surprise,french,canada
CaFE/Surprise/Faible/01-S-1-1.wav,01,surprise,french,canada
CaFE/Surprise/Faible/09-S-1-5.wav,09,surprise,french,canada
CaFE/Surprise/Faible/03-S-1-6.wav,03,surprise,french,canada
