file,emotion,speaker,gender,language
EMOVO/f3/neu-f3-n5.wav,neutral,f3,female,italian
EMOVO/f3/dis-f3-n4.wav,disgust,f3,female,italian
EMOVO/f3/tri-f3-l3.wav,sadness,f3,female,italian
EMOVO/f3/neu-f3-d2.wav,neutral,f3,female,italian
EMOVO/f3/dis-f3-b3.wav,disgust,f3,female,italian
EMOVO/f3/rab-f3-b2.wav,anger,f3,female,italian
EMOVO/f3/dis-f3-n2.wav,disgust,f3,female,italian
EMOVO/f3/tri-f3-l1.wav,sadness,f3,female,italian
EMOVO/f3/sor-f3-d1.wav,surprise,f3,female,italian
EMOVO/f3/rab-f3-l3.wav,anger,f3,female,italian
EMOVO/f3/neu-f3-n1.wav,neutral,f3,female,italian
EMOVO/f3/rab-f3-n2.wav,anger,f3,female,italian
EMOVO/f3/dis-f3-b1.wav,disgust,f3,female,italian
EMOVO/f3/sor-f3-l3.wav,surprise,f3,female,italian
EMOVO/f3/gio-f3-n5.wav,happiness,f3,female,italian
EMOVO/f3/rab-f3-b1.wav,anger,f3,female,italian
EMOVO/f3/sor-f3-l2.wav,surprise,f3,female,italian
EMOVO/f3/neu-f3-l1.wav,neutral,f3,female,italian
EMOVO/f3/sor-f3-l1.wav,surprise,f3,female,italian
EMOVO/f3/pau-f3-n4.wav,fear,f3,female,italian
EMOVO/f3/tri-f3-d1.wav,sadness,f3,female,italian
EMOVO/f3/rab-f3-d2.wav,anger,f3,female,italian
EMOVO/f3/pau-f3-d1.wav,fear,f3,female,italian
EMOVO/f3/gio-f3-l3.wav,happiness,f3,female,italian
EMOVO/f3/neu-f3-b2.wav,neutral,f3,female,italian
EMOVO/f3/dis-f3-n1.wav,disgust,f3,female,italian
EMOVO/f3/tri-f3-l2.wav,sadness,f3,female,italian
EMOVO/f3/dis-f3-l4.wav,disgust,f3,female,italian
EMOVO/f3/rab-f3-l1.wav,anger,f3,female,italian
EMOVO/f3/sor-f3-b2.wav,surprise,f3,female,italian
EMOVO/f3/gio-f3-l4.wav,happiness,f3,female,italian
EMOVO/f3/rab-f3-n5.wav,anger,f3,female,italian
EMOVO/f3/tri-f3-n3.wav,sadness,f3,female,italian
EMOVO/f3/neu-f3-l3.wav,neutral,f3,female,italian
EMOVO/f3/pau-f3-n3.wav,fear,f3,female,italian
EMOVO/f3/neu-f3-l2.wav,neutral,f3,female,italian
EMOVO/f3/pau-f3-b2.wav,fear,f3,female,italian
EMOVO/f3/pau-f3-l4.wav,fear,f3,female,italian
EMOVO/f3/pau-f3-n5.wav,fear,f3,female,italian
EMOVO/f3/pau-f3-l3.wav,fear,f3,female,italian
EMOVO/f3/tri-f3-b3.wav,sadness,f3,female,italian
EMOVO/f3/pau-f3-b1.wav,fear,f3,female,italian
EMOVO/f3/dis-f3-n3.wav,disgust,f3,female,italian
EMOVO/f3/pau-f3-l1.wav,fear,f3,female,italian
EMOVO/f3/tri-f3-n1.wav,sadness,f3,female,italian
EMOVO/f3/gio-f3-n4.wav,happiness,f3,female,italian
EMOVO/f3/gio-f3-n2.wav,happiness,f3,female,italian
EMOVO/f3/neu-f3-n2.wav,neutral,f3,female,italian
EMOVO/f3/dis-f3-l3.wav,disgust,f3,female,italian
EMOVO/f3/dis-f3-l1.wav,disgust,f3,female,italian
EMOVO/f3/rab-f3-l4.wav,anger,f3,female,italian
EMOVO/f3/sor-f3-n4.wav,surprise,f3,female,italian
EMOVO/f3/pau-f3-n2.wav,fear,f3,female,italian
EMOVO/f3/sor-f3-l4.wav,surprise,f3,female,italian
EMOVO/f3/tri-f3-d2.wav,sadness,f3,female,italian
EMOVO/f3/pau-f3-b3.wav,fear,f3,female,italian
EMOVO/f3/pau-f3-n1.wav,fear,f3,female,italian
EMOVO/f3/tri-f3-n2.wav,sadness,f3,female,italian
EMOVO/f3/dis-f3-b2.wav,disgust,f3,female,italian
EMOVO/f3/gio-f3-d2.wav,happiness,f3,female,italian
EMOVO/f3/neu-f3-l4.wav,neutral,f3,female,italian
EMOVO/f3/gio-f3-d1.wav,happiness,f3,female,italian
EMOVO/f3/rab-f3-d1.wav,anger,f3,female,italian
EMOVO/f3/sor-f3-n3.wav,surprise,f3,female,italian
EMOVO/f3/gio-f3-l2.wav,happiness,f3,female,italian
EMOVO/f3/neu-f3-d1.wav,neutral,f3,female,italian
EMOVO/f3/neu-f3-n3.wav,neutral,f3,female,italian
EMOVO/f3/neu-f3-b1.wav,neutral,f3,female,italian
EMOVO/f3/dis-f3-n5.wav,disgust,f3,female,italian
EMOVO/f3/gio-f3-b3.wav,happiness,f3,female,italian
EMOVO/f3/neu-f3-b3.wav,neutral,f3,female,italian
EMOVO/f3/tri-f3-n4.wav,sadness,f3,female,italian
EMOVO/f3/gio-f3-b2.wav,happiness,f3,female,italian
EMOVO/f3/rab-f3-n3.wav,anger,f3,female,italian
EMOVO/f3/tri-f3-l4.wav,sadness,f3,female,italian
EMOVO/f3/sor-f3-n5.wav,surprise,f3,female,italian
EMOVO/f3/dis-f3-d1.wav,disgust,f3,female,italian
EMOVO/f3/neu-f3-n4.wav,neutral,f3,female,italian
EMOVO/f3/sor-f3-b1.wav,surprise,f3,female,italian
EMOVO/f3/pau-f3-d2.wav,fear,f3,female,italian
EMOVO/f3/tri-f3-n5.wav,sadness,f3,female,italian
EMOVO/f3/rab-f3-b3.wav,anger,f3,female,italian
EMOVO/f3/sor-f3-n2.wav,surprise,f3,female,italian
EMOVO/f3/rab-f3-n1.wav,anger,f3,female,italian
EMOVO/f3/dis-f3-d2.wav,disgust,f3,female,italian
EMOVO/f3/sor-f3-d2.wav,surprise,f3,female,italian
EMOVO/f3/gio-f3-n1.wav,happiness,f3,female,italian
EMOVO/f3/pau-f3-l2.wav,fear,f3,female,italian
EMOVO/f3/sor-f3-b3.wav,surprise,f3,female,italian
EMOVO/f3/rab-f3-l2.wav,anger,f3,female,italian
EMOVO/f3/gio-f3-n3.wav,happiness,f3,female,italian
EMOVO/f3/sor-f3-n1.wav,surprise,f3,female,italian
EMOVO/f3/tri-f3-b1.wav,sadness,f3,female,italian
EMOVO/f3/gio-f3-b1.wav,happiness,f3,female,italian
EMOVO/f3/tri-f3-b2.wav,sadness,f3,female,italian
EMOVO/f3/rab-f3-n4.wav,anger,f3,female,italian
EMOVO/f3/gio-f3-l1.wav,happiness,f3,female,italian
EMOVO/f3/dis-f3-l2.wav,disgust,f3,female,italian
EMOVO/m1/gio-m1-n4.wav,happiness,m1,male,italian
EMOVO/m1/gio-m1-n1.wav,happiness,m1,male,italian
EMOVO/m1/pau-m1-l2.wav,fear,m1,male,italian
EMOVO/m1/pau-m1-d2.wav,fear,m1,male,italian
EMOVO/m1/sor-m1-l1.wav,surprise,m1,male,italian
EMOVO/m1/pau-m1-l1.wav,fear,m1,male,italian
EMOVO/m1/tri-m1-n4.wav,sadness,m1,male,italian
EMOVO/m1/sor-m1-l2.wav,surprise,m1,male,italian
EMOVO/m1/neu-m1-d2.wav,neutral,m1,male,italian
EMOVO/m1/sor-m1-n1.wav,surprise,m1,male,italian
EMOVO/m1/sor-m1-d2.wav,surprise,m1,male,italian
EMOVO/m1/tri-m1-n1.wav,sadness,m1,male,italian
EMOVO/m1/tri-m1-d2.wav,sadness,m1,male,italian
EMOVO/m1/tri-m1-b3.wav,sadness,m1,male,italian
EMOVO/m1/dis-m1-l4.wav,disgust,m1,male,italian
EMOVO/m1/dis-m1-n5.wav,disgust,m1,male,italian
EMOVO/m1/pau-m1-n2.wav,fear,m1,male,italian
EMOVO/m1/gio-m1-n3.wav,happiness,m1,male,italian
EMOVO/m1/tri-m1-n3.wav,sadness,m1,male,italian
EMOVO/m1/gio-m1-l1.wav,happiness,m1,male,italian
EMOVO/m1/sor-m1-n5.wav,surprise,m1,male,italian
EMOVO/m1/rab-m1-n5.wav,anger,m1,male,italian
EMOVO/m1/neu-m1-d1.wav,neutral,m1,male,italian
EMOVO/m1/rab-m1-l2.wav,anger,m1,male,italian
EMOVO/m1/neu-m1-n5.wav,neutral,m1,male,italian
EMOVO/m1/pau-m1-l3.wav,fear,m1,male,italian
EMOVO/m1/rab-m1-n4.wav,anger,m1,male,italian
EMOVO/m1/rab-m1-n1.wav,anger,m1,male,italian
EMOVO/m1/gio-m1-l2.wav,happiness,m1,male,italian
EMOVO/m1/rab-m1-d1.wav,anger,m1,male,italian
EMOVO/m1/gio-m1-l3.wav,happiness,m1,male,italian
EMOVO/m1/pau-m1-b3.wav,fear,m1,male,italian
EMOVO/m1/rab-m1-d2.wav,anger,m1,male,italian
EMOVO/m1/rab-m1-b1.wav,anger,m1,male,italian
EMOVO/m1/pau-m1-b2.wav,fear,m1,male,italian
EMOVO/m1/gio-m1-l4.wav,happiness,m1,male,italian
EMOVO/m1/neu-m1-l1.wav,neutral,m1,male,italian
EMOVO/m1/neu-m1-b3.wav,neutral,m1,male,italian
EMOVO/m1/sor-m1-n4.wav,surprise,m1,male,italian
EMOVO/m1/sor-m1-l4.wav,surprise,m1,male,italian
EMOVO/m1/rab-m1-b3.wav,anger,m1,male,italian
EMOVO/m1/dis-m1-n1.wav,disgust,m1,male,italian
EMOVO/m1/pau-m1-l4.wav,fear,m1,male,italian
EMOVO/m1/dis-m1-b2.wav,disgust,m1,male,italian
EMOVO/m1/pau-m1-b1.wav,fear,m1,male,italian
EMOVO/m1/sor-m1-b3.wav,surprise,m1,male,italian
EMOVO/m1/pau-m1-d1.wav,fear,m1,male,italian
EMOVO/m1/dis-m1-n3.wav,disgust,m1,male,italian
EMOVO/m1/gio-m1-d2.wav,happiness,m1,male,italian
EMOVO/m1/pau-m1-n1.wav,fear,m1,male,italian
EMOVO/m1/tri-m1-l1.wav,sadness,m1,male,italian
EMOVO/m1/tri-m1-b1.wav,sadness,m1,male,italian
EMOVO/m1/rab-m1-l3.wav,anger,m1,male,italian
EMOVO/m1/neu-m1-n3.wav,neutral,m1,male,italian
EMOVO/m1/gio-m1-b1.wav,happiness,m1,male,italian
EMOVO/m1/gio-m1-b3.wav,happiness,m1,male,italian
EMOVO/m1/neu-m1-b1.wav,neutral,m1,male,italian
EMOVO/m1/gio-m1-n2.wav,happiness,m1,male,italian
EMOVO/m1/dis-m1-n2.wav,disgust,m1,male,italian
EMOVO/m1/tri-m1-b2.wav,sadness,m1,male,italian
EMOVO/m1/rab-m1-l4.wav,anger,m1,male,italian
EMOVO/m1/tri-m1-d1.wav,sadness,m1,male,italian
EMOVO/m1/neu-m1-b2.wav,neutral,m1,male,italian
EMOVO/m1/sor-m1-n3.wav,surprise,m1,male,italian
EMOVO/m1/rab-m1-n3.wav,anger,m1,male,italian
EMOVO/m1/pau-m1-n5.wav,fear,m1,male,italian
EMOVO/m1/sor-m1-b1.wav,surprise,m1,male,italian
EMOVO/m1/rab-m1-l1.wav,anger,m1,male,italian
EMOVO/m1/neu-m1-n4.wav,neutral,m1,male,italian
EMOVO/m1/dis-m1-d2.wav,disgust,m1,male,italian
EMOVO/m1/tri-m1-n2.wav,sadness,m1,male,italian
EMOVO/m1/dis-m1-l1.wav,disgust,m1,male,italian
EMOVO/m1/neu-m1-l2.wav,neutral,m1,male,italian
EMOVO/m1/tri-m1-n5.wav,sadness,m1,male,italian
EMOVO/m1/dis-m1-b3.wav,disgust,m1,male,italian
EMOVO/m1/tri-m1-l2.wav,sadness,m1,male,italian
EMOVO/m1/gio-m1-n5.wav,happiness,m1,male,italian
EMOVO/m1/pau-m1-n3.wav,fear,m1,male,italian
EMOVO/m1/dis-m1-l3.wav,disgust,m1,male,italian
EMOVO/m1/rab-m1-n2.wav,anger,m1,male,italian
EMOVO/m1/dis-m1-b1.wav,disgust,m1,male,italian
EMOVO/m1/dis-m1-n4.wav,disgust,m1,male,italian
EMOVO/m1/dis-m1-l2.wav,disgust,m1,male,italian
EMOVO/m1/tri-m1-l3.wav,sadness,m1,male,italian
EMOVO/m1/neu-m1-n1.wav,neutral,m1,male,italian
EMOVO/m1/neu-m1-n2.wav,neutral,m1,male,italian
EMOVO/m1/rab-m1-b2.wav,anger,m1,male,italian
EMOVO/m1/sor-m1-b2.wav,surprise,m1,male,italian
EMOVO/m1/dis-m1-d1.wav,disgust,m1,male,italian
EMOVO/m1/neu-m1-l4.wav,neutral,m1,male,italian
EMOVO/m1/gio-m1-b2.wav,happiness,m1,male,italian
EMOVO/m1/sor-m1-n2.wav,surprise,m1,male,italian
EMOVO/m1/neu-m1-l3.wav,neutral,m1,male,italian
EMOVO/m1/tri-m1-l4.wav,sadness,m1,male,italian
EMOVO/m1/pau-m1-n4.wav,fear,m1,male,italian
EMOVO/m1/gio-m1-d1.wav,happiness,m1,male,italian
EMOVO/m1/sor-m1-l3.wav,surprise,m1,male,italian
EMOVO/m1/sor-m1-d1.wav,surprise,m1,male,italian
EMOVO/f1/gio-f1-l2.wav,happiness,f1,female,italian
EMOVO/f1/pau-f1-b2.wav,fear,f1,female,italian
EMOVO/f1/gio-f1-l3.wav,happiness,f1,female,italian
EMOVO/f1/dis-f1-l2.wav,disgust,f1,female,italian
EMOVO/f1/dis-f1-d2.wav,disgust,f1,female,italian
EMOVO/f1/neu-f1-b3.wav,neutral,f1,female,italian
EMOVO/f1/gio-f1-d2.wav,happiness,f1,female,italian
EMOVO/f1/neu-f1-n5.wav,neutral,f1,female,italian
EMOVO/f1/dis-f1-l1.wav,disgust,f1,female,italian
EMOVO/f1/pau-f1-l4.wav,fear,f1,female,italian
EMOVO/f1/sor-f1-l4.wav,surprise,f1,female,italian
EMOVO/f1/sor-f1-n5.wav,surprise,f1,female,italian
EMOVO/f1/dis-f1-n5.wav,disgust,f1,female,italian
EMOVO/f1/gio-f1-n3.wav,happiness,f1,female,italian
EMOVO/f1/dis-f1-d1.wav,disgust,f1,female,italian
EMOVO/f1/pau-f1-d2.wav,fear,f1,female,italian
EMOVO/f1/gio-f1-d1.wav,happiness,f1,female,italian
EMOVO/f1/neu-f1-d1.wav,neutral,f1,female,italian
EMOVO/f1/sor-f1-n2.wav,surprise,f1,female,italian
EMOVO/f1/neu-f1-n1.wav,neutral,f1,female,italian
EMOVO/f1/dis-f1-l3.wav,disgust,f1,female,italian
EMOVO/f1/tri-f1-b1.wav,sadness,f1,female,italian
EMOVO/f1/tri-f1-l1.wav,sadness,f1,female,italian
EMOVO/f1/sor-f1-l2.wav,surprise,f1,female,italian
EMOVO/f1/dis-f1-b1.wav,disgust,f1,female,italian
EMOVO/f1/neu-f1-l4.wav,neutral,f1,female,italian
EMOVO/f1/sor-f1-n3.wav,surprise,f1,female,italian
EMOVO/f1/sor-f1-b3.wav,surprise,f1,female,italian
EMOVO/f1/rab-f1-n1.wav,anger,f1,female,italian
EMOVO/f1/pau-f1-l3.wav,fear,f1,female,italian
EMOVO/f1/pau-f1-n3.wav,fear,f1,female,italian
EMOVO/f1/neu-f1-b2.wav,neutral,f1,female,italian
EMOVO/f1/rab-f1-n5.wav,anger,f1,female,italian
EMOVO/f1/neu-f1-l2.wav,neutral,f1,female,italian
EMOVO/f1/tri-f1-n2.wav,sadness,f1,female,italian
EMOVO/f1/sor-f1-l1.wav,surprise,f1,female,italian
EMOVO/f1/tri-f1-l4.wav,sadness,f1,female,italian
EMOVO/f1/gio-f1-l1.wav,happiness,f1,female,italian
EMOVO/f1/rab-f1-b1.wav,anger,f1,female,italian
EMOVO/f1/sor-f1-d2.wav,surprise,f1,female,italian
EMOVO/f1/sor-f1-n4.wav,surprise,f1,female,italian
EMOVO/f1/gio-f1-b2.wav,happiness,f1,female,italian
EMOVO/f1/rab-f1-l3.wav,anger,f1,female,italian
EMOVO/f1/dis-f1-n2.wav,disgust,f1,female,italian
EMOVO/f1/rab-f1-d2.wav,anger,f1,female,italian
EMOVO/f1/gio-f1-b3.wav,happiness,f1,female,italian
EMOVO/f1/neu-f1-n3.wav,neutral,f1,female,italian
EMOVO/f1/tri-f1-d2.wav,sadness,f1,female,italian
EMOVO/f1/sor-f1-l3.wav,surprise,f1,female,italian
EMOVO/f1/dis-f1-b2.wav,disgust,f1,female,italian
EMOVO/f1/gio-f1-n5.wav,happiness,f1,female,italian
EMOVO/f1/tri-f1-n4.wav,sadness,f1,female,italian
EMOVO/f1/tri-f1-d1.wav,sadness,f1,female,italian
EMOVO/f1/pau-f1-d1.wav,fear,f1,female,italian
EMOVO/f1/rab-f1-l4.wav,anger,f1,female,italian
EMOVO/f1/neu-f1-d2.wav,neutral,f1,female,italian
EMOVO/f1/tri-f1-n3.wav,sadness,f1,female,italian
EMOVO/f1/rab-f1-n4.wav,anger,f1,female,italian
EMOVO/f1/rab-f1-b2.wav,anger,f1,female,italian
EMOVO/f1/rab-f1-b3.wav,anger,f1,female,italian
EMOVO/f1/neu-f1-n2.wav,neutral,f1,female,italian
EMOVO/f1/sor-f1-b1.wav,surprise,f1,female,italian
EMOVO/f1/rab-f1-l1.wav,anger,f1,female,italian
EMOVO/f1/tri-f1-b3.wav,sadness,f1,female,italian
EMOVO/f1/sor-f1-n1.wav,surprise,f1,female,italian
EMOVO/f1/tri-f1-n1.wav,sadness,f1,female,italian
EMOVO/f1/pau-f1-l2.wav,fear,f1,female,italian
EMOVO/f1/pau-f1-b1.wav,fear,f1,female,italian
EMOVO/f1/pau-f1-n5.wav,fear,f1,female,italian
EMOVO/f1/gio-f1-l4.wav,happiness,f1,female,italian
EMOVO/f1/pau-f1-b3.wav,fear,f1,female,italian
EMOVO/f1/tri-f1-n5.wav,sadness,f1,female,italian
EMOVO/f1/sor-f1-d1.wav,surprise,f1,female,italian
EMOVO/f1/gio-f1-n4.wav,happiness,f1,female,italian
EMOVO/f1/tri-f1-l2.wav,sadness,f1,female,italian
EMOVO/f1/tri-f1-b2.wav,sadness,f1,female,italian
EMOVO/f1/dis-f1-b3.wav,disgust,f1,female,italian
EMOVO/f1/dis-f1-n3.wav,disgust,f1,female,italian
EMOVO/f1/neu-f1-b1.wav,neutral,f1,female,italian
EMOVO/f1/rab-f1-l2.wav,anger,f1,female,italian
EMOVO/f1/rab-f1-n2.wav,anger,f1,female,italian
EMOVO/f1/neu-f1-l1.wav,neutral,f1,female,italian
EMOVO/f1/neu-f1-l3.wav,neutral,f1,female,italian
EMOVO/f1/rab-f1-n3.wav,anger,f1,female,italian
EMOVO/f1/gio-f1-b1.wav,happiness,f1,female,italian
EMOVO/f1/pau-f1-n4.wav,fear,f1,female,italian
EMOVO/f1/dis-f1-l4.wav,disgust,f1,female,italian
EMOVO/f1/pau-f1-n1.wav,fear,f1,female,italian
EMOVO/f1/tri-f1-l3.wav,sadness,f1,female,italian
EMOVO/f1/dis-f1-n1.wav,disgust,f1,female,italian
EMOVO/f1/pau-f1-n2.wav,fear,f1,female,italian
EMOVO/f1/neu-f1-n4.wav,neutral,f1,female,italian
EMOVO/f1/dis-f1-n4.wav,disgust,f1,female,italian
EMOVO/f1/rab-f1-d1.wav,anger,f1,female,italian
EMOVO/f1/gio-f1-n1.wav,happiness,f1,female,italian
EMOVO/f1/gio-f1-n2.wav,happiness,f1,female,italian
EMOVO/f1/pau-f1-l1.wav,fear,f1,female,italian
EMOVO/f1/sor-f1-b2.wav,surprise,f1,female,italian
EMOVO/m3/dis-m3-b3.wav,disgust,m3,male,italian
EMOVO/m3/sor-m3-n2.wav,surprise,m3,male,italian
EMOVO/m3/neu-m3-n2.wav,neutral,m3,male,italian
EMOVO/m3/pau-m3-l3.wav,fear,m3,male,italian
EMOVO/m3/gio-m3-n1.wav,happiness,m3,male,italian
EMOVO/m3/tri-m3-n4.wav,sadness,m3,male,italian
EMOVO/m3/tri-m3-b1.wav,sadness,m3,male,italian
EMOVO/m3/sor-m3-d1.wav,surprise,m3,male,italian
EMOVO/m3/dis-m3-l3.wav,disgust,m3,male,italian
EMOVO/m3/dis-m3-l2.wav,disgust,m3,male,italian
EMOVO/m3/gio-m3-n2.wav,happiness,m3,male,italian
EMOVO/m3/neu-m3-l1.wav,neutral,m3,male,italian
EMOVO/m3/pau-m3-n4.wav,fear,m3,male,italian
EMOVO/m3/sor-m3-d2.wav,surprise,m3,male,italian
EMOVO/m3/gio-m3-b1.wav,happiness,m3,male,italian
EMOVO/m3/rab-m3-l2.wav,anger,m3,male,italian
EMOVO/m3/neu-m3-b2.wav,neutral,m3,male,italian
EMOVO/m3/gio-m3-n5.wav,happiness,m3,male,italian
EMOVO/m3/neu-m3-l2.wav,neutral,m3,male,italian
EMOVO/m3/rab-m3-l3.wav,anger,m3,male,italian
EMOVO/m3/tri-m3-n2.wav,sadness,m3,male,italian
EMOVO/m3/sor-m3-b1.wav,surprise,m3,male,italian
EMOVO/m3/rab-m3-b3.wav,anger,m3,male,italian
EMOVO/m3/pau-m3-n2.wav,fear,m3,male,italian
EMOVO/m3/neu-m3-n1.wav,neutral,m3,male,italian
EMOVO/m3/neu-m3-l4.wav,neutral,m3,male,italian
EMOVO/m3/dis-m3-n2.wav,disgust,m3,male,italian
EMOVO/m3/tri-m3-l3.wav,sadness,m3,male,italian
EMOVO/m3/tri-m3-n1.wav,sadness,m3,male,italian
EMOVO/m3/dis-m3-b2.wav,disgust,m3,male,italian
EMOVO/m3/gio-m3-b2.wav,happiness,m3,male,italian
EMOVO/m3/pau-m3-l1.wav,fear,m3,male,italian
EMOVO/m3/sor-m3-b3.wav,surprise,m3,male,italian
EMOVO/m3/tri-m3-n3.wav,sadness,m3,male,italian
EMOVO/m3/gio-m3-d2.wav,happiness,m3,male,italian
EMOVO/m3/rab-m3-n1.wav,anger,m3,male,italian
EMOVO/m3/sor-m3-n5.wav,surprise,m3,male,italian
EMOVO/m3/rab-m3-d2.wav,anger,m3,male,italian
EMOVO/m3/neu-m3-n5.wav,neutral,m3,male,italian
EMOVO/m3/dis-m3-d2.wav,disgust,m3,male,italian
EMOVO/m3/gio-m3-b3.wav,happiness,m3,male,italian
EMOVO/m3/neu-m3-d2.wav,neutral,m3,male,italian
EMOVO/m3/tri-m3-l4.wav,sadness,m3,male,italian
EMOVO/m3/gio-m3-n3.wav,happiness,m3,male,italian
EMOVO/m3/dis-m3-l1.wav,disgust,m3,male,italian
EMOVO/m3/gio-m3-d1.wav,happiness,m3,male,italian
EMOVO/m3/tri-m3-b2.wav,sadness,m3,male,italian
EMOVO/m3/rab-m3-l1.wav,anger,m3,male,italian
EMOVO/m3/tri-m3-l2.wav,sadness,m3,male,italian
EMOVO/m3/dis-m3-b1.wav,disgust,m3,male,italian
EMOVO/m3/neu-m3-n4.wav,neutral,m3,male,italian
EMOVO/m3/neu-m3-n3.wav,neutral,m3,male,italian
EMOVO/m3/pau-m3-d1.wav,fear,m3,male,italian
EMOVO/m3/sor-m3-b2.wav,surprise,m3,male,italian
EMOVO/m3/sor-m3-l1.wav,surprise,m3,male,italian
EMOVO/m3/rab-m3-l4.wav,anger,m3,male,italian
EMOVO/m3/pau-m3-b3.wav,fear,m3,male,italian
EMOVO/m3/rab-m3-b1.wav,anger,m3,male,italian
EMOVO/m3/pau-m3-b2.wav,fear,m3,male,italian
EMOVO/m3/gio-m3-l2.wav,happiness,m3,male,italian
EMOVO/m3/gio-m3-l1.wav,happiness,m3,male,italian
EMOVO/m3/sor-m3-n4.wav,surprise,m3,male,italian
EMOVO/m3/tri-m3-b3.wav,sadness,m3,male,italian
EMOVO/m3/tri-m3-d1.wav,sadness,m3,male,italian
EMOVO/m3/rab-m3-b2.wav,anger,m3,male,italian
EMOVO/m3/dis-m3-l4.wav,disgust,m3,male,italian
EMOVO/m3/neu-m3-d1.wav,neutral,m3,male,italian
EMOVO/m3/rab-m3-n2.wav,anger,m3,male,italian
EMOVO/m3/rab-m3-n3.wav,anger,m3,male,italian
EMOVO/m3/rab-m3-n5.wav,anger,m3,male,italian
EMOVO/m3/pau-m3-l4.wav,fear,m3,male,italian
EMOVO/m3/pau-m3-n5.wav,fear,m3,male,italian
EMOVO/m3/sor-m3-n3.wav,surprise,m3,male,italian
EMOVO/m3/rab-m3-n4.wav,anger,m3,male,italian
EMOVO/m3/neu-m3-l3.wav,neutral,m3,male,italian
EMOVO/m3/dis-m3-n1.wav,disgust,m3,male,italian
EMOVO/m3/gio-m3-l4.wav,happiness,m3,male,italian
EMOVO/m3/sor-m3-l3.wav,surprise,m3,male,italian
EMOVO/m3/pau-m3-n1.wav,fear,m3,male,italian
EMOVO/m3/pau-m3-n3.wav,fear,m3,male,italian
EMOVO/m3/tri-m3-d2.wav,sadness,m3,male,italian
EMOVO/m3/neu-m3-b3.wav,neutral,m3,male,italian
EMOVO/m3/pau-m3-l2.wav,fear,m3,male,italian
EMOVO/m3/pau-m3-d2.wav,fear,m3,male,italian
EMOVO/m3/dis-m3-n5.wav,disgust,m3,male,italian
EMOVO/m3/dis-m3-d1.wav,disgust,m3,male,italian
EMOVO/m3/neu-m3-b1.wav,neutral,m3,male,italian
EMOVO/m3/gio-m3-l3.wav,happiness,m3,male,italian
EMOVO/m3/gio-m3-n4.wav,happiness,m3,male,italian
EMOVO/m3/sor-m3-l4.wav,surprise,m3,male,italian
EMOVO/m3/rab-m3-d1.wav,anger,m3,male,italian
EMOVO/m3/sor-m3-n1.wav,surprise,m3,male,italian
EMOVO/m3/dis-m3-n4.wav,disgust,m3,male,italian
EMOVO/m3/sor-m3-l2.wav,surprise,m3,male,italian
EMOVO/m3/tri-m3-l1.wav,sadness,m3,male,italian
EMOVO/m3/tri-m3-n5.wav,sadness,m3,male,italian
EMOVO/m3/dis-m3-n3.wav,disgust,m3,male,italian
EMOVO/m3/pau-m3-b1.wav,fear,m3,male,italian
EMOVO/m2/sor-m2-b3.wav,surprise,m2,male,italian
EMOVO/m2/tri-m2-l2.wav,sadness,m2,male,italian
EMOVO/m2/neu-m2-n3.wav,neutral,m2,male,italian
EMOVO/m2/neu-m2-n4.wav,neutral,m2,male,italian
EMOVO/m2/sor-m2-n3.wav,surprise,m2,male,italian
EMOVO/m2/pau-m2-l3.wav,fear,m2,male,italian
EMOVO/m2/sor-m2-l3.wav,surprise,m2,male,italian
EMOVO/m2/gio-m2-l1.wav,happiness,m2,male,italian
EMOVO/m2/gio-m2-b2.wav,happiness,m2,male,italian
EMOVO/m2/rab-m2-l1.wav,anger,m2,male,italian
EMOVO/m2/sor-m2-d1.wav,surprise,m2,male,italian
EMOVO/m2/neu-m2-d1.wav,neutral,m2,male,italian
EMOVO/m2/pau-m2-n4.wav,fear,m2,male,italian
EMOVO/m2/sor-m2-l1.wav,surprise,m2,male,italian
EMOVO/m2/pau-m2-n1.wav,fear,m2,male,italian
EMOVO/m2/dis-m2-b1.wav,disgust,m2,male,italian
EMOVO/m2/dis-m2-n5.wav,disgust,m2,male,italian
EMOVO/m2/tri-m2-d1.wav,sadness,m2,male,italian
EMOVO/m2/pau-m2-b1.wav,fear,m2,male,italian
EMOVO/m2/rab-m2-n4.wav,anger,m2,male,italian
EMOVO/m2/dis-m2-n1.wav,disgust,m2,male,italian
EMOVO/m2/tri-m2-l3.wav,sadness,m2,male,italian
EMOVO/m2/sor-m2-b1.wav,surprise,m2,male,italian
EMOVO/m2/rab-m2-l3.wav,anger,m2,male,italian
EMOVO/m2/dis-m2-d2.wav,disgust,m2,male,italian
EMOVO/m2/gio-m2-l3.wav,happiness,m2,male,italian
EMOVO/m2/dis-m2-l2.wav,disgust,m2,male,italian
EMOVO/m2/neu-m2-b2.wav,neutral,m2,male,italian
EMOVO/m2/rab-m2-n1.wav,anger,m2,male,italian
EMOVO/m2/pau-m2-l1.wav,fear,m2,male,italian
EMOVO/m2/neu-m2-d2.wav,neutral,m2,male,italian
EMOVO/m2/tri-m2-b2.wav,sadness,m2,male,italian
EMOVO/m2/tri-m2-b1.wav,sadness,m2,male,italian
EMOVO/m2/pau-m2-n5.wav,fear,m2,male,italian
EMOVO/m2/gio-m2-n5.wav,happiness,m2,male,italian
EMOVO/m2/tri-m2-b3.wav,sadness,m2,male,italian
EMOVO/m2/rab-m2-l4.wav,anger,m2,male,italian
EMOVO/m2/gio-m2-d1.wav,happiness,m2,male,italian
EMOVO/m2/gio-m2-l2.wav,happiness,m2,male,italian
EMOVO/m2/dis-m2-n3.wav,disgust,m2,male,italian
EMOVO/m2/gio-m2-b3.wav,happiness,m2,male,italian
EMOVO/m2/gio-m2-n3.wav,happiness,m2,male,italian
EMOVO/m2/neu-m2-n2.wav,neutral,m2,male,italian
EMOVO/m2/sor-m2-n1.wav,surprise,m2,male,italian
EMOVO/m2/gio-m2-b1.wav,happiness,m2,male,italian
EMOVO/m2/tri-m2-n1.wav,sadness,m2,male,italian
EMOVO/m2/neu-m2-n1.wav,neutral,m2,male,italian
EMOVO/m2/tri-m2-d2.wav,sadness,m2,male,italian
EMOVO/m2/sor-m2-l4.wav,surprise,m2,male,italian
EMOVO/m2/neu-m2-l1.wav,neutral,m2,male,italian
EMOVO/m2/pau-m2-l4.wav,fear,m2,male,italian
EMOVO/m2/rab-m2-d1.wav,anger,m2,male,italian
EMOVO/m2/sor-m2-d2.wav,surprise,m2,male,italian
EMOVO/m2/pau-m2-d1.wav,fear,m2,male,italian
EMOVO/m2/neu-m2-l4.wav,neutral,m2,male,italian
EMOVO/m2/neu-m2-b3.wav,neutral,m2,male,italian
EMOVO/m2/gio-m2-n2.wav,happiness,m2,male,italian
EMOVO/m2/rab-m2-b2.wav,anger,m2,male,italian
EMOVO/m2/rab-m2-n5.wav,anger,m2,male,italian
EMOVO/m2/dis-m2-l1.wav,disgust,m2,male,italian
EMOVO/m2/neu-m2-l3.wav,neutral,m2,male,italian
EMOVO/m2/tri-m2-n5.wav,sadness,m2,male,italian
EMOVO/m2/tri-m2-l1.wav,sadness,m2,male,italian
EMOVO/m2/dis-m2-d1.wav,disgust,m2,male,italian
EMOVO/m2/rab-m2-n3.wav,anger,m2,male,italian
EMOVO/m2/dis-m2-l4.wav,disgust,m2,male,italian
EMOVO/m2/sor-m2-n4.wav,surprise,m2,male,italian
EMOVO/m2/tri-m2-n3.wav,sadness,m2,male,italian
EMOVO/m2/gio-m2-n1.wav,happiness,m2,male,italian
EMOVO/m2/pau-m2-b2.wav,fear,m2,male,italian
EMOVO/m2/dis-m2-b2.wav,disgust,m2,male,italian
EMOVO/m2/dis-m2-n4.wav,disgust,m2,male,italian
EMOVO/m2/sor-m2-n2.wav,surprise,m2,male,italian
EMOVO/m2/pau-m2-n2.wav,fear,m2,male,italian
EMOVO/m2/rab-m2-d2.wav,anger,m2,male,italian
EMOVO/m2/pau-m2-n3.wav,fear,m2,male,italian
EMOVO/m2/sor-m2-n5.wav,surprise,m2,male,italian
EMOVO/m2/rab-m2-b3.wav,anger,m2,male,italian
EMOVO/m2/pau-m2-d2.wav,fear,m2,male,italian
EMOVO/m2/neu-m2-l2.wav,neutral,m2,male,italian
EMOVO/m2/rab-m2-l2.wav,anger,m2,male,italian
EMOVO/m2/rab-m2-n2.wav,anger,m2,male,italian
EMOVO/m2/dis-m2-b3.wav,disgust,m2,male,italian
EMOVO/m2/sor-m2-b2.wav,surprise,m2,male,italian
EMOVO/m2/gio-m2-n4.wav,happiness,m2,male,italian
EMOVO/m2/tri-m2-n4.wav,sadness,m2,male,italian
EMOVO/m2/gio-m2-d2.wav,happiness,m2,male,italian
EMOVO/m2/pau-m2-b3.wav,fear,m2,male,italian
EMOVO/m2/dis-m2-l3.wav,disgust,m2,male,italian
EMOVO/m2/neu-m2-n5.wav,neutral,m2,male,italian
EMOVO/m2/sor-m2-l2.wav,surprise,m2,male,italian
EMOVO/m2/gio-m2-l4.wav,happiness,m2,male,italian
EMOVO/m2/pau-m2-l2.wav,fear,m2,male,italian
EMOVO/m2/tri-m2-l4.wav,sadness,m2,male,italian
EMOVO/m2/rab-m2-b1.wav,anger,m2,male,italian
EMOVO/m2/neu-m2-b1.wav,neutral,m2,male,italian
EMOVO/m2/dis-m2-n2.wav,disgust,m2,male,italian
EMOVO/m2/tri-m2-n2.wav,sadness,m2,male,italian
EMOVO/f2/neu-f2-n3.wav,neutral,f2,female,italian
EMOVO/f2/rab-f2-b2.wav,anger,f2,female,italian
EMOVO/f2/dis-f2-l1.wav,disgust,f2,female,italian
EMOVO/f2/rab-f2-d1.wav,anger,f2,female,italian
EMOVO/f2/rab-f2-b1.wav,anger,f2,female,italian
EMOVO/f2/tri-f2-b2.wav,sadness,f2,female,italian
EMOVO/f2/tri-f2-l3.wav,sadness,f2,female,italian
EMOVO/f2/tri-f2-l4.wav,sadness,f2,female,italian
EMOVO/f2/gio-f2-b3.wav,happiness,f2,female,italian
EMOVO/f2/pau-f2-l3.wav,fear,f2,female,italian
EMOVO/f2/rab-f2-l4.wav,anger,f2,female,italian
EMOVO/f2/sor-f2-n5.wav,surprise,f2,female,italian
EMOVO/f2/sor-f2-n3.wav,surprise,f2,female,italian
EMOVO/f2/pau-f2-n3.wav,fear,f2,female,italian
EMOVO/f2/tri-f2-l1.wav,sadness,f2,female,italian
EMOVO/f2/gio-f2-l1.wav,happiness,f2,female,italian
EMOVO/f2/dis-f2-l2.wav,disgust,f2,female,italian
EMOVO/f2/gio-f2-n2.wav,happiness,f2,female,italian
EMOVO/f2/neu-f2-l3.wav,neutral,f2,female,italian
EMOVO/f2/sor-f2-n2.wav,surprise,f2,female,italian
EMOVO/f2/tri-f2-n4.wav,sadness,f2,female,italian
EMOVO/f2/pau-f2-b3.wav,fear,f2,female,italian
EMOVO/f2/neu-f2-n5.wav,neutral,f2,female,italian
EMOVO/f2/neu-f2-n2.wav,neutral,f2,female,italian
EMOVO/f2/sor-f2-b3.wav,surprise,f2,female,italian
EMOVO/f2/rab-f2-n1.wav,anger,f2,female,italian
EMOVO/f2/pau-f2-l2.wav,fear,f2,female,italian
EMOVO/f2/neu-f2-d1.wav,neutral,f2,female,italian
EMOVO/f2/dis-f2-d1.wav,disgust,f2,female,italian
EMOVO/f2/sor-f2-n1.wav,surprise,f2,female,italian
EMOVO/f2/sor-f2-b2.wav,surprise,f2,female,italian
EMOVO/f2/sor-f2-l3.wav,surprise,f2,female,italian
EMOVO/f2/neu-f2-b2.wav,neutral,f2,female,italian
EMOVO/f2/tri-f2-n1.wav,sadness,f2,female,italian
EMOVO/f2/gio-f2-n1.wav,happiness,f2,female,italian
EMOVO/f2/dis-f2-d2.wav,disgust,f2,female,italian
EMOVO/f2/tri-f2-l2.wav,sadness,f2,female,italian
EMOVO/f2/rab-f2-l1.wav,anger,f2,female,italian
EMOVO/f2/gio-f2-n5.wav,happiness,f2,female,italian
EMOVO/f2/dis-f2-n3.wav,disgust,f2,female,italian
EMOVO/f2/dis-f2-l4.wav,disgust,f2,female,italian
EMOVO/f2/dis-f2-n1.wav,disgust,f2,female,italian
EMOVO/f2/dis-f2-b1.wav,disgust,f2,female,italian
EMOVO/f2/rab-f2-n4.wav,anger,f2,female,italian
EMOVO/f2/rab-f2-n2.wav,anger,f2,female,italian
EMOVO/f2/dis-f2-l3.wav,disgust,f2,female,italian
EMOVO/f2/tri-f2-d1.wav,sadness,f2,female,italian
EMOVO/f2/dis-f2-n4.wav,disgust,f2,female,italian
EMOVO/f2/gio-f2-n3.wav,happiness,f2,female,italian
EMOVO/f2/pau-f2-b2.wav,fear,f2,female,italian
EMOVO/f2/neu-f2-n1.wav,neutral,f2,female,italian
EMOVO/f2/tri-f2-n2.wav,sadness,f2,female,italian
EMOVO/f2/rab-f2-l2.wav,anger,f2,female,italian
EMOVO/f2/gio-f2-l3.wav,happiness,f2,female,italian
EMOVO/f2/sor-f2-n4.wav,surprise,f2,female,italian
EMOVO/f2/sor-f2-d2.wav,surprise,f2,female,italian
EMOVO/f2/pau-f2-b1.wav,fear,f2,female,italian
EMOVO/f2/sor-f2-l1.wav,surprise,f2,female,italian
EMOVO/f2/dis-f2-b3.wav,disgust,f2,female,italian
EMOVO/f2/gio-f2-l4.wav,happiness,f2,female,italian
EMOVO/f2/pau-f2-n4.wav,fear,f2,female,italian
EMOVO/f2/neu-f2-b1.wav,neutral,f2,female,italian
EMOVO/f2/tri-f2-b1.wav,sadness,f2,female,italian
EMOVO/f2/dis-f2-n5.wav,disgust,f2,female,italian
EMOVO/f2/rab-f2-n5.wav,anger,f2,female,italian
EMOVO/f2/sor-f2-l4.wav,surprise,f2,female,italian
EMOVO/f2/neu-f2-b3.wav,neutral,f2,female,italian
EMOVO/f2/sor-f2-l2.wav,surprise,f2,female,italian
EMOVO/f2/tri-f2-n5.wav,sadness,f2,female,italian
EMOVO/f2/gio-f2-b1.wav,happiness,f2,female,italian
EMOVO/f2/pau-f2-d1.wav,fear,f2,female,italian
EMOVO/f2/neu-f2-d2.wav,neutral,f2,female,italian
EMOVO/f2/pau-f2-l1.wav,fear,f2,female,italian
EMOVO/f2/gio-f2-d2.wav,happiness,f2,female,italian
EMOVO/f2/dis-f2-n2.wav,disgust,f2,female,italian
EMOVO/f2/neu-f2-n4.wav,neutral,f2,female,italian
EMOVO/f2/gio-f2-n4.wav,happiness,f2,female,italian
EMOVO/f2/rab-f2-l3.wav,anger,f2,female,italian
EMOVO/f2/pau-f2-n1.wav,fear,f2,female,italian
EMOVO/f2/gio-f2-b2.wav,happiness,f2,female,italian
EMOVO/f2/pau-f2-n2.wav,fear,f2,female,italian
EMOVO/f2/rab-f2-n3.wav,anger,f2,female,italian
EMOVO/f2/rab-f2-b3.wav,anger,f2,female,italian
EMOVO/f2/neu-f2-l1.wav,neutral,f2,female,italian
EMOVO/f2/pau-f2-l4.wav,fear,f2,female,italian
EMOVO/f2/pau-f2-n5.wav,fear,f2,female,italian
EMOVO/f2/dis-f2-b2.wav,disgust,f2,female,italian
EMOVO/f2/neu-f2-l4.wav,neutral,f2,female,italian
EMOVO/f2/tri-f2-b3.wav,sadness,f2,female,italian
EMOVO/f2/neu-f2-l2.wav,neutral,f2,female,italian
EMOVO/f2/sor-f2-b1.wav,surprise,f2,female,italian
EMOVO/f2/gio-f2-d1.wav,happiness,f2,female,italian
EMOVO/f2/tri-f2-d2.wav,sadness,f2,female,italian
EMOVO/f2/sor-f2-d1.wav,surprise,f2,female,italian
EMOVO/f2/rab-f2-d2.wav,anger,f2,female,italian
EMOVO/f2/pau-f2-d2.wav,fear,f2,female,italian
EMOVO/f2/tri-f2-n3.wav,sadness,f2,female,italian
EMOVO/f2/gio-f2-l2.wav,happiness,f2,female,italian
